x0,y0,x1,y1,x2,y2,x3,y3,x4,y4,x5,y5,x6,y6,x7,y7,x8,y8,x9,y9,x10,y10,x11,y11,x12,y12,x13,y13,x14,y14,x15,y15,x16,y16,x17,y17,x18,y18,x19,y19,x20,y20,label
0.010664094744387884,0.010961003086768907,-0.03860621044414016,-0.8099679855209966,-0.21216730216441915,-0.9894842690939448,-0.09911534262138436,-0.09189003483119682,0.01767582544681308,0.2607264766282448,0.44687927761493645,-0.16157246760483635,-0.8736208550307254,-0.05410509741199966,-0.33047412170412693,0.022345249760194974,0.08982679744642942,0.009877906113993244,0.15940568291260332,0.6023870071383249,0.1940971471131896,-0.7509968592066971,0.35502539477400974,-0.4004571107901993,0.4838606103252254,0.26689886622869224,0.19205145118384098,-0.7367625848858065,-0.178243737181908,0.24781409899400134,0.7199442032946387,-0.2829032208599502,-0.14442369833409374,-0.6946602020187846,-0.4402147943643491,-0.21673931795274454,0.26463059981537723,-0.8828363469464244,0.2897578827619386,0.17552191605843195,0.234014908605103,0.31576281199144113,A
0.022431797747754126,-0.011729825916584403,-0.009221788342650326,-0.9067246787997872,-0.20191179610280624,-0.9918271050088745,-0.10056529560266331,-0.09238076033679518,-0.017726791582233427,0.25997142884437247,0.45594577495547395,-0.17922284646065048,-0.8773583187245517,-0.02857494122344383,-0.2760472504173306,0.02966048896172031,0.11734705214060574,-0.02069897142673475,0.15566750583001926,0.6465617032380556,0.18145472293086448,-0.7343812649049377,0.38468438626011014,-0.4351475030431666,0.5028485170662744,0.2831778040815619,0.22900466775823156,-0.7713704862475588,-0.24200697482270073,0.22257377346703772,0.692470158132303,-0.25917791531232576,-0.19107744338388571,-0.6529331114607432,-0.4413615142533678,-0.1513829232261798,0.19126631733178898,-0.8124389329919056,0.2919147402550919,0.2259497435097736,0.21459888620603998,0.2820150618244017,A
0.009510343527289638,-0.025280410865339754,-0.06752552989736677,-0.8502554446980838,-0.23885383934887794,-0.9824241995796831,-0.07809901968348232,-0.1095749544196685,0.012138992791137357,0.22635835596743265,0.41079007324928224,-0.17785420887684397,-0.8672584475210807,-0.022912377038218235,-0.29998791434543126,0.06184747797322169,0.07563817093963433,-0.03669047079901986,0.2027772773385278,0.5823520951685905,0.18614325560761108,-0.7212443111927268,0.344735228040463,-0.41136623468688144,0.44861005445060476,0.29669041848233135,0.18573300473389653,-0.7308902771289896,-0.1842556479673647,0.21385291229831244,0.7121431885943901,-0.26931768495148756,-0.15582581303881918,-0.7015036836637057,-0.41141442502913705,-0.17392284097236568,0.24646111859749142,-0.8307250093875433,0.2852838949494028,0.19701585798293722,0.19488631856084723,0.3344254709545082,A
-0.054499899967528645,0.05188619323044439,-0.08901920430784996,-0.7940892182862171,-0.2534635676270936,-0.9990550970938752,-0.1237462966272551,-0.11807615221885777,0.005895504878888978,0.2189318900648027,0.4468861549732205,-0.2096536855019732,-0.8636922463993959,0.010034665781623993,-0.35942881575602703,0.09946478658098398,0.11543773447070832,-0.030141084846663276,0.1436010898583331,0.5961728546792809,0.19483026430416087,-0.6619338589800609,0.4332235694103057,-0.47786307063892614,0.4605808719866945,0.28614426011568245,0.2447284875013781,-0.7418377401219365,-0.2107898375584507,0.21210843477911237,0.6924243068555039,-0.22380261790093886,-0.049207590954387634,-0.6766351068471668,-0.41597264524410926,-0.1543525111065689,0.24667990905268417,-0.8273607005805977,0.27068261203014005,0.254810805376835,0.21626208137752193,0.29424420713136046,A
0.03927366126758696,-0.02322345846385022,-0.0828155520750913,-0.8770575389277074,-0.21910489547612766,-0.9444099318837837,-0.1041772846987956,-0.12159917187254318,-0.00019192812186939745,0.25318259651067926,0.4413534345262485,-0.17250094717745185,-0.8931217818740872,-0.023348655671745266,-0.2893801809085056,0.11656439186349102,0.1043361753703307,-0.049489589367510585,0.16609641658388014,0.562685360098453,0.1391538737226662,-0.7027409616388486,0.3765903705797226,-0.3984342291212399,0.4180680220436318,0.2545526735584546,0.21336866309158764,-0.7640528756285554,-0.23085154887883175,0.17812744469719546,0.6943494378277393,-0.24100496558165124,-0.06938057191875152,-0.7355296593775016,-0.47452518192258414,-0.2349482980514564,0.25023712475361565,-0.8116541041859806,0.2507441665016007,0.19700604784114636,0.2038760942372775,0.32169176694446566,A
-0.031190408863805547,0.005315633357300419,-0.09028180416041448,-0.8492802863379347,-0.23362380271366576,-0.9615583829910241,-0.07547991886593658,-0.11601375254577767,0.024057815283568602,0.17062856916055036,0.5032863267077037,-0.23854886657308347,-0.891399726015251,-0.1087899334663783,-0.325857421668203,0.09586658536666967,0.12660283390809193,-0.008317551065862547,0.155045466482145,0.640702225104077,0.17562749375254433,-0.7195359685230789,0.4468728401335856,-0.3992948181244687,0.46485176516370474,0.299131398033538,0.2465458484815905,-0.7206479516917466,-0.16464048539769513,0.2491328065751588,0.7798885292752278,-0.28144217239846164,-0.09977296047533857,-0.6901642725997682,-0.45606897063987906,-0.21084163020503027,0.28260532177877634,-0.846065617440068,0.23741771739660766,0.20504115841951606,0.15413689846635292,0.29833605908434513,A
-0.03157669409666233,0.0025813875147294753,-0.0056295923702253045,-0.8684284215102671,-0.2023434387770026,-0.9510537784489587,-0.17843243680969156,-0.12145112200698734,0.01276547867264644,0.24149271171780645,0.46123667041369487,-0.17280627767779122,-0.9157634541654176,-0.05133148890310649,-0.34618489458849905,0.04579471661644821,0.08124597344032045,-0.0218878758884593,0.18173442733434808,0.5811612222177477,0.17636963408094053,-0.7467058408763931,0.3340609286288214,-0.4560093531072327,0.3987484141838234,0.27194617009969774,0.1866154978226981,-0.7721761890025749,-0.16355699129133686,0.22628319864402643,0.7205967752318497,-0.23264929829007877,-0.12088910838203139,-0.7043141724500552,-0.4195919792448939,-0.1714019685473421,0.263866157263404,-0.8167066402110382,0.25009776864577166,0.22904382642533325,0.19024637761550647,0.3433185804895584,A
0.008634012779691261,0.0015432298973865172,-0.06075489604376123,-0.8207303847186858,-0.20057948063680608,-0.9904063114542798,-0.14866978176933562,-0.09951009643557136,0.059622920371450755,0.192195314542172,0.45824556691994156,-0.20736031521711795,-0.9194207903042008,-0.004396351607462226,-0.28157736886368645,0.03923444177356768,0.11594653559873547,-0.0173623146798187,0.11624059739176743,0.593702510065024,0.21029083149892563,-0.7260168460263152,0.28899221205300163,-0.46412396050336413,0.49668872138617315,0.26710357899696624,0.23806199354532578,-0.6779390115320897,-0.19527079727997113,0.1919595815934122,0.6737998054452154,-0.23065072428936692,-0.13891574432139905,-0.7160189737207568,-0.4777553600612422,-0.20439709436985065,0.2118422024705507,-0.8748578989504353,0.2545288994200239,0.24431641862745207,0.2480638244822414,0.3205124202343128,A
0.001010854950164965,0.008579473883407612,0.009884229406802371,-0.8810461889147116,-0.2661607663645038,-0.9751395026329532,-0.09999201110410669,-0.10589447831013138,-0.016890407920208163,0.2565932023599431,0.439990564515691,-0.1660997601935256,-0.8423299138612172,-0.07623051997950397,-0.352638410308762,0.06077009246651802,0.031227216651160045,-0.04986424155943441,0.14368913078979878,0.6019699369830778,0.14792342376220133,-0.7254722818401369,0.3354558860213497,-0.4692668599600898,0.46739399068320686,0.286976976070319,0.21327803203705678,-0.6949347899314107,-0.14971406356778094,0.22404328357445202,0.7282661498223278,-0.24553385408097284,-0.08545027085215459,-0.6930354001177229,-0.46106549829690685,-0.21399411036464977,0.26757312598005795,-0.8208909587633759,0.3371930746955971,0.18879752926330928,0.24513715122181196,0.3109179279022382,A
0.012217974741548163,-0.03905192582377249,-0.10414894080201244,-0.806351108316109,-0.2414570147973868,-0.9440305208310459,-0.1315116533671633,-0.07529161219602697,0.01118714776547854,0.19373464583985073,0.46352924745504737,-0.15439306254337778,-0.8697007061847766,-0.03667447483374293,-0.3535533301694714,0.011734747207374184,0.07120122495334508,-0.045615747221279875,0.19475200963877712,0.5876534310955661,0.10470797167938914,-0.8179590011019772,0.3466228860772124,-0.44740421178826395,0.4774849316464591,0.24024361085922885,0.1629415781850972,-0.7257143862323338,-0.14810617963147973,0.1515886305348028,0.6809161817344884,-0.22006083640051333,-0.09284306703638825,-0.7317226212013388,-0.4097018811410181,-0.19007294780285935,0.25284523108379275,-0.8365194070496409,0.2884616567211651,0.1869564830941595,0.1911735558216328,0.31480616958292,A
0.00420381723604929,0.07219590418884303,0.02780169668888783,-0.8623878283334558,-0.1839085094613268,-1.0068662347184905,-0.09983997977669887,-0.12546302181680047,0.010516946882343968,0.309871765450785,0.43252520013877965,-0.2022263439342447,-0.9189232842920836,-0.05540988916300615,-0.34374100159507065,0.05048869427990606,0.09840756520220235,-0.027736387398298437,0.16048524922548857,0.5741529827686858,0.14820133281715533,-0.7354611575624977,0.36592012636881716,-0.451077470772092,0.45821752849163616,0.3300019947270182,0.263526997276015,-0.745929024373936,-0.2101457157980539,0.2092017827797404,0.7380608040538099,-0.2547081908423128,-0.11018262812499517,-0.7236778889479556,-0.47949891787841903,-0.16857355313075012,0.23888902795847478,-0.7957233252044029,0.22836536385032935,0.27691001716217356,0.2151623614826893,0.2694955455524776,A
0.02960724137503905,-0.01120166207964113,-0.04807885769447561,-0.865082354139548,-0.23123337369051258,-0.9750172642236936,-0.16192040294918372,-0.07892059274731561,0.02743189604416084,0.2434346642776227,0.468613229254183,-0.17910529209124554,-0.8789808558986031,-0.07644455750426767,-0.3259988047569875,0.046353531409613326,0.09783268252496984,-0.02584668099965317,0.2030094214607775,0.5883480996161637,0.1787934659228621,-0.7384615419451076,0.35997394115749953,-0.4383294317726723,0.44328693455585305,0.28030822028701363,0.1978554459335019,-0.7438728189250503,-0.24038941536896324,0.20752653129590878,0.6776727501945966,-0.2552535893935212,-0.15367843126800668,-0.7024540710216488,-0.4534072593353256,-0.21020860150176152,0.24172380179934239,-0.8041341196309881,0.2782098725820154,0.2389943748061075,0.19519504526292683,0.3357110746630384,A
-0.0012667130702419744,-0.029979949586657874,-0.07303466402763512,-0.8157886243048574,-0.18100631200695028,-0.9521940456209558,-0.12931395116384187,-0.062061752976905166,0.04242231452283722,0.24011837793800772,0.4994039884161173,-0.20853034257674044,-0.8657240860791701,-0.05676991297954466,-0.3192865177697226,0.1218650020787817,0.10733244526312789,0.017607712871735515,0.17713545860051969,0.6032469643582696,0.14912374433866354,-0.710898999435997,0.36822486467864496,-0.4295901951208356,0.458981671868623,0.2807951914244137,0.20516966665982844,-0.7356356468589397,-0.18965393342173703,0.16378933389449862,0.7202426125101907,-0.257088636246476,-0.22035489154213778,-0.7515884218546809,-0.45870191082433676,-0.15306227026329583,0.2512751519791732,-0.8360129372885399,0.27396817180012345,0.25506702518208957,0.18910397328022133,0.2911338489933771,A
0.02641645687305337,0.033482061454292125,-0.06714098777062315,-0.8361222935222148,-0.22951448259781318,-0.9913116692727463,-0.07675632541888036,-0.12481256793464089,0.04672594053923017,0.2320912675174659,0.4389598021623005,-0.1993878554265991,-0.9185121213926124,-0.03982895453872696,-0.3164601609577123,0.04657864810744968,0.05633803390232341,-0.04241815348720346,0.17300692384022096,0.5709761475663099,0.1901361468790027,-0.7147443131733894,0.3312510781898915,-0.45475665544725985,0.4266026521852521,0.29651091508859334,0.2082581600507777,-0.7873558967235063,-0.20769372025225427,0.21974442275852127,0.707372912008958,-0.21709341395864673,-0.15539292886602465,-0.7042187806741222,-0.4745510233055651,-0.1881155535376611,0.22761207176679418,-0.8072456638204419,0.2674145969295615,0.24480056321615323,0.18615355223364768,0.2932543544079238,A
0.006756749697174157,0.05561609533399015,-0.09463373704870193,-0.8850872500452508,-0.2213498769225708,-0.9397749043161037,-0.10262526002799019,-0.12313335931493889,0.036654709293566894,0.24553893947661135,0.4237290111721193,-0.15798571181335702,-0.8899491656724399,-0.08482280522870152,-0.3051325242719144,0.026731271837103263,0.13140829653004255,-0.07773644316235023,0.1463343334046862,0.5988905713912802,0.2404778219846198,-0.6815835334512225,0.3661084363000246,-0.4215257039283903,0.48487504795371217,0.25344546703393894,0.20472609091135077,-0.6986355592446161,-0.18388396016945818,0.2689889115276852,0.6906151927562953,-0.25605759973981507,-0.12325638629955395,-0.7429921972590363,-0.4113190861203172,-0.20143256853453526,0.24078716401745895,-0.8333496880491039,0.33144405824818124,0.25891040942661364,0.2093444837150111,0.2869866893319717,A
0.022318557391702742,0.03248927087592317,-0.07681351457065627,-0.8550524981094383,-0.22599106165826272,-0.9409823322948492,-0.1163586380616298,-0.07603216445579303,0.0008589554710391502,0.19838614537910615,0.49908033497375165,-0.22210433816206082,-0.9114506734516603,-0.008783299545175479,-0.3170072152721756,0.027083841294730068,0.08633588903040984,-0.10254714834138587,0.19444598956963188,0.5964508952496602,0.14356345912035018,-0.7917203727745888,0.32650485830410186,-0.4798335690507851,0.4736333214466421,0.29093579374068074,0.22278658037636492,-0.7173444779145767,-0.1692874464359069,0.2566300475878244,0.7398415966947414,-0.22464620091172052,-0.11373195400168203,-0.6823297123238002,-0.45681637906809586,-0.19805013734276525,0.2846861313258927,-0.8321118524736993,0.2607675921782326,0.21106854919767337,0.19111479021432048,0.3097760751033859,A
0.007268953144981436,0.008250989117078809,-0.021661319817691056,-0.7851083610775653,-0.23934669536790634,-0.9755585193767274,-0.1669567686538977,-0.14366268585911357,0.01965950916607649,0.2439564483281519,0.4588761840138496,-0.16421867138950066,-0.8511896651414849,0.018838747063240076,-0.3083895110248934,0.01973937070063931,0.11190817298305289,-0.009853188125073003,0.16490298312648993,0.5858045014763591,0.15278168917211613,-0.7414983305343876,0.38816761324492793,-0.4520523419479046,0.44278685815808544,0.30180632773953886,0.17898047848413887,-0.73478717343999,-0.18518600636952892,0.21050709050435085,0.68470461018368,-0.20138084687689428,-0.10888541225288352,-0.7193840979837348,-0.4345701162575354,-0.13645340646932716,0.23572907082034375,-0.7693978444698735,0.245256540503775,0.19639625487830242,0.14338193815639877,0.3829854225490984,A
-0.05105569391140363,0.005226104265383954,0.003135053360126594,-0.8216157835950718,-0.21700770570221692,-0.9350979483229644,-0.13186992662628932,-0.08936287774525335,0.020666405382944363,0.22605160128417043,0.44985235235532134,-0.14747146357930596,-0.8419174718842425,-0.040342333367858745,-0.3337483891987044,0.019215756565868533,0.15069538598855312,0.006555388428180563,0.1280896058471032,0.6410046412956907,0.14655689807931233,-0.7202931093844583,0.34609332772905255,-0.36711838429320076,0.44971127466032945,0.2523242330428549,0.1907260852679379,-0.6605157673232925,-0.18031573086069144,0.17964832239140618,0.6803329329387959,-0.3058284094056478,-0.10463137115658061,-0.7414681640607453,-0.4113284627679719,-0.16771759212433493,0.2300431177824525,-0.7783147651089002,0.30745684049130156,0.22663804559990977,0.18454947997270382,0.3361185329271962,A
0.012230945449636606,0.014743647898826966,-0.04662312325247877,-0.840936051996408,-0.2192319911798063,-0.9327289221004009,-0.15004130266049326,-0.1349411122275837,0.02629974447903014,0.20724932821550965,0.45046088064585976,-0.2161257237525826,-0.9175750704574491,0.02948299248653164,-0.307967597292545,0.008665904653341036,0.08881685850523097,-0.006775276070861331,0.19699395073359877,0.5473422192573524,0.14489537506613584,-0.7335500621766151,0.3664463360647879,-0.4800046715083192,0.42367580223394663,0.25179043516024,0.15129518693845,-0.7530762194725537,-0.1522974617767912,0.19051947056944152,0.7364520212699933,-0.2525071278425392,-0.12633680510881926,-0.7539240637441601,-0.4094037131847187,-0.18792733823815141,0.1850469081171438,-0.8039427621024697,0.26205409691703624,0.22377037590007456,0.21479797951156013,0.3601845833535554,A
-0.03381835994255069,0.01715646450164761,-0.009145172353774232,-0.7751360744008423,-0.1968096870797461,-0.9627494631974768,-0.10356763899523401,-0.058330408035090105,0.015452734698759373,0.2539260553069682,0.5099577805457246,-0.18601231238496715,-0.9493322298703731,-0.05815628883691183,-0.29228425647729267,0.018694641432599357,0.08184512088524187,-0.046719280354356116,0.17765651476944744,0.5627953920052071,0.15039373299618328,-0.6980198515191598,0.3530066989951999,-0.41023091849646165,0.46723364533874967,0.28312499930104923,0.2265660663185822,-0.7951959539898775,-0.17483203061372402,0.22707763768579792,0.7294376610639292,-0.26466214753805145,-0.12081957297840071,-0.777527795884899,-0.4645934626206339,-0.18615260004851522,0.27716353229101776,-0.7600250336294659,0.2694157216136063,0.2481516776940092,0.2031777539573647,0.2752337545662956,A
0.01815165839318767,0.054938557391023414,-0.060437206193439084,-0.8779683846511235,-0.2262754200933781,-0.977275403931963,-0.033517037459794716,-0.07471759449890764,0.027927547402045907,0.1431890869093635,0.4398357460112551,-0.12716427928382906,-0.8865122380488171,-0.007676403455775603,-0.2893288388558069,0.029203292795788774,0.14300101190535158,-0.032200727405462565,0.13962192731832312,0.5918201188493669,0.2107330738365314,-0.784614815917712,0.37557354943087673,-0.4297954415263085,0.420612240627151,0.3068215655011609,0.21211537078072767,-0.7129662447397158,-0.15399001564655443,0.2088279663801938,0.6873162413026307,-0.29613390875212564,-0.14016549580207938,-0.7036234413653167,-0.4734055281971785,-0.1739166011058437,0.20594091339741624,-0.8682829811595448,0.2623510985994061,0.22745757037515374,0.16981059778834084,0.2970646485179774,A
-0.018905183019427504,-0.01496634448179298,-0.0400576292055749,-0.8316137111145896,-0.24252941727418903,-1.0047598099915391,-0.10771622221243352,-0.08936172013395106,0.07245906110974287,0.2644341161448045,0.40636926707603094,-0.18696083248308956,-0.8752288134872043,-0.057837660000785926,-0.311608736212056,0.06402193246827276,0.09976068226643588,-0.037816052307185925,0.1412215592023918,0.547806267842356,0.15853362162251117,-0.7429680674784593,0.3234127338808569,-0.43056535704173543,0.47857682657119544,0.2630587791839736,0.21652516534889868,-0.7310509093217129,-0.19726831531378683,0.19801564109441383,0.6940184620132978,-0.2790840331712627,-0.11049605180872157,-0.7293100378255742,-0.4679306493349519,-0.17650219323665278,0.2257815616994756,-0.8135474973873564,0.22834071280628923,0.20623162523221916,0.25801705883647436,0.27028826622788654,A
0.05248885976274552,0.00783641336350275,-0.0649837065849182,-0.8568833056517692,-0.1913810821036904,-1.0419165001549562,-0.06935542871202692,-0.09692413872638295,0.054413135968971335,0.1775992939422389,0.43731071818612266,-0.25258162523847905,-0.8529861664500282,-0.061813150835052434,-0.33100974575252995,-0.014229728456841458,0.10559262357018431,-0.035711192217573746,0.13839192699713745,0.5990674645128661,0.14450870625998422,-0.7930099102230076,0.3565516213978892,-0.38266293202597274,0.4959654932575196,0.2974796752263553,0.21174256001381872,-0.7502220127676847,-0.16605306129822903,0.22745448127354964,0.701490945375372,-0.24742561201547786,-0.16901115500913855,-0.7183607950422543,-0.4802914211857777,-0.2277855318188011,0.24715189149343225,-0.8533366814849912,0.3027318300886961,0.25289074337261397,0.2057428247654818,0.305547028750239,A
0.030930694169373645,0.01657107855520806,-0.013138706629902144,-0.8831959449407258,-0.23610694416434644,-0.9801486036032434,-0.10553555375644387,-0.08614685503414114,0.02818078437427314,0.2701110594455962,0.4328923472976772,-0.21420138819304285,-0.9088837187196726,-0.05603420279414134,-0.31476537018183864,0.0357274758898386,0.08545824165383684,-0.030910080078316138,0.14699517262950393,0.6226383978779074,0.10976082061532064,-0.8070369756766332,0.39750483986837093,-0.40432250708242173,0.5039862088355107,0.3029203412000936,0.204497668080558,-0.7470749444038555,-0.23619641294402896,0.2149248858935916,0.660880371485458,-0.17941459111865876,-0.1517967976008553,-0.7062148699450513,-0.3993058973372288,-0.2024010114355801,0.2222652602207818,-0.8930019249142286,0.2403957941576744,0.23877683902275448,0.25777900917184904,0.2969779767033031,A
0.005902196495424184,0.08125360566355519,-0.03199004330972251,-0.8214684333669944,-0.25127871307248506,-0.9270204560171279,-0.1325876169226173,-0.13093360782047866,0.06842719676980613,0.21094082795695657,0.44402445254407724,-0.13394551650582653,-0.9163372918914056,-0.03943614424650741,-0.3193939503935001,0.03394129609488026,0.09343879865934514,0.0023350294946947805,0.21009676366939517,0.5958495600110675,0.14610919333405806,-0.7198901393229171,0.36762351769354695,-0.4308675537044735,0.4358608074021265,0.2353059687336596,0.2038542200162439,-0.7714058487331973,-0.20404038379550393,0.25497466015588743,0.7018796441955463,-0.22018525189260146,-0.11195105212102112,-0.6864367800571524,-0.4609993296377102,-0.15683281507725752,0.24236853604529912,-0.8233304568249343,0.2889981564686471,0.20047345527549604,0.1987834914502971,0.3220543698257433,A
-0.01577066696077381,0.04676160329756966,-0.061449582993518576,-0.7882750831192109,-0.22627847110654992,-0.9806215450689384,-0.12695113035127084,-0.09222117893972043,0.05087163244464331,0.15391088758029875,0.4442812006710587,-0.24237394455101108,-0.8594588927457338,-0.002341300230916627,-0.2998584056027793,0.05005498558552089,0.04936857363946342,-0.054286489896884685,0.14246263380591268,0.5777042195160477,0.194071897867912,-0.7017801272991366,0.38578278894350093,-0.4417066795513879,0.4444306011723784,0.2865342541608204,0.21331748677194884,-0.745951558171661,-0.20790434309019717,0.22895243237326826,0.7253900816236296,-0.29275603603400324,-0.13234741763438349,-0.6806148268347758,-0.4148407873163968,-0.18948315471951424,0.2440037175535701,-0.807822256747073,0.3083184164618289,0.18865443529249193,0.2156221195313924,0.29704675635336764,A
0.03264242767603979,-0.03175040831315567,-0.0367394264882618,-0.8772556991223506,-0.20572376209178556,-0.960412988222739,-0.10462839684528258,-0.0460653969403295,0.002970002730547785,0.2578311013135584,0.47929507677239663,-0.15494035289331395,-0.9092341277726247,-0.03936982151972206,-0.31926653020971574,0.03488415035878674,0.06702643725973875,-0.04876519235381739,0.204856845713716,0.5815972347318213,0.17108178061651275,-0.7619942149836532,0.3670157889872548,-0.40720436002247923,0.481498973270433,0.3263673227956571,0.16812758429109306,-0.7620131205526464,-0.20051938634852937,0.25624230276233423,0.7129479123065738,-0.2959098494871302,-0.0880682413870742,-0.7006640978587259,-0.4177886188622455,-0.14391362835374527,0.203715716263198,-0.7679013991461082,0.27746312944729185,0.2095131334070727,0.21223385315682014,0.28793749244470385,A
-0.0005978500818469228,-0.007280757136161424,-0.07713863243554407,-0.8701424256402169,-0.1941528766243344,-0.978921991467069,-0.14124021360158046,-0.0914486773270755,0.047045472378031715,0.22998893498915465,0.4071109001782726,-0.2591263303732415,-0.9159389920202888,-0.0007041354545342937,-0.2722023168776126,0.0199217432072462,0.08518399326252207,-0.01693382149272252,0.15667444695416116,0.6192639693726604,0.16498991614049874,-0.7257833375618539,0.35778224862891794,-0.4555222582070597,0.5017864276447224,0.23875947376890033,0.1864309329442056,-0.7421523785355991,-0.1623725748571638,0.18412823036559214,0.7077896749129728,-0.2949936100616797,-0.10762386024323656,-0.6492404648416009,-0.5032852784632593,-0.2132417429083673,0.2581517579004774,-0.7270889702200853,0.2973310966099946,0.20004758821069912,0.203136627565373,0.28690691112140315,A
0.024153955811453923,0.031383150514280096,-0.006805704279265946,-0.8606529493797225,-0.2525222404530471,-0.9287426767189791,-0.07039361574221346,-0.13452968613840316,0.012778897519308968,0.2537346442888315,0.43656761688457874,-0.18178174571357025,-0.9329867832367013,-0.06600154786551846,-0.30383069641172916,0.022839865552386495,0.05782105499135076,-0.04729222534118785,0.13450177599166613,0.5920164158138315,0.19768151352314153,-0.749269241086687,0.3546830678699266,-0.3997935371558816,0.48882120326721085,0.3077587509212129,0.12880059214413414,-0.7527712434248637,-0.20528456053693853,0.18572725117355568,0.7355920704715097,-0.2697017613238613,-0.16254705413861428,-0.6965668347435552,-0.44472664430993897,-0.21909297907725306,0.2635799888699856,-0.7994719201333617,0.2955188999968539,0.23644972205502426,0.2402817918927424,0.3190503432133669,A
-0.03724669045006672,-0.006216606461690015,-0.09866280322868919,-0.8826123889661798,-0.17972421221760476,-1.0066091873155338,-0.1470367767984418,-0.0848047913047613,0.049942196313243495,0.18005965583767847,0.4515982164012034,-0.1991828682640625,-0.8789963494600069,-0.04141208308244681,-0.34205569970121147,0.02936243275178574,0.11103516942867743,0.020443239747968536,0.17252352017348838,0.5794465903616555,0.13251724840594714,-0.7449848211975411,0.3561122639545464,-0.422831112209486,0.46502674978978553,0.2982059230361418,0.19363065830125745,-0.6880485731142845,-0.17061770636921425,0.18929393436345818,0.7340176734733312,-0.2880783413803485,-0.14647575759707548,-0.7279814769823298,-0.40464684388557326,-0.19678271362607858,0.2141831049056627,-0.8104752851963681,0.295951201481101,0.26960617167336565,0.16268420170318143,0.361611896416,A
-0.062020349705885436,0.027188586791207815,-0.014095637627064644,-0.8142985881868265,-0.21123134511798006,-1.0055447418651855,-0.08940590922950045,-0.1369186409795467,-0.004115088889617983,0.21636102084502873,0.43315016958780955,-0.1755099814242816,-0.9097756786348433,-0.02244102090326986,-0.3422571805251066,0.04496756025218594,0.08408782244146368,-0.00745303122614227,0.19426218564856804,0.5860756021859419,0.10912207019005382,-0.7844594266401096,0.40117788714441527,-0.43630518518515937,0.5192901422039202,0.3107193202907575,0.21207695613818858,-0.7354655931808891,-0.22259907682485255,0.19155534901042587,0.7164726566313295,-0.26375059814653345,-0.10678692912273541,-0.673074726384787,-0.44988791605799183,-0.20436647526382198,0.20615445871044666,-0.7903518217270973,0.3022941671762489,0.287543102400887,0.21289974263972555,0.32081336535206556,A
0.014019771483381105,-0.00863865083036349,-0.07555356543908244,-0.8480872657784001,-0.21456213642416228,-0.9578688873907508,-0.09849629775591748,-0.07297678986665146,0.03966143837127979,0.2381669961203637,0.4061671195065909,-0.17535471789852627,-0.8940391824933648,-0.06598031674233162,-0.2860615189556475,0.05934906987376076,0.1050236495905777,-0.021200056409859013,0.16454544513583788,0.583772534470221,0.22100795715498356,-0.735784206521492,0.2911881083188347,-0.504835801842268,0.5029638141748031,0.22879866182127168,0.1880917331413855,-0.7757962164439525,-0.19720954105386604,0.22207806634824248,0.6840446539319698,-0.27786626688890653,-0.09895691141990788,-0.6249954791838279,-0.42828546909607973,-0.21884085792244692,0.2591778336392468,-0.763074249227397,0.31158944813962236,0.17561936573957698,0.22344740249553957,0.30994135644296755,A
0.0015754806104877031,-0.011224458409459676,-0.02671162466140398,-0.8613391443624807,-0.18576152285985048,-0.973680770524071,-0.11852264324320122,-0.08774023082637929,0.03476214152415861,0.24806151040847416,0.44013759947382797,-0.14269619474868964,-0.8592057422533295,-0.03270013427112802,-0.2764073040377161,0.03591300290018333,0.10936955816550277,-0.013108377676941889,0.1683195305420625,0.5665704537936446,0.13210357622699864,-0.7314264483895293,0.3457495529742264,-0.40037474014567925,0.42155257265359647,0.32333572363083657,0.2059507994508285,-0.7649504068773739,-0.20167267147100426,0.20438748737539936,0.7184751353734846,-0.2901555317696593,-0.14960812909480323,-0.713679681775606,-0.4454200563869923,-0.16992532442610894,0.24112068003724374,-0.8270829048566042,0.28678266798552027,0.22689524876386177,0.20004203901674375,0.327200383805195,A
-0.06454604050482585,0.028004546404545944,-0.03255558985432899,-0.8058112122687741,-0.2526249760789441,-0.9564466580076062,-0.16896779097145836,-0.15786238691170723,0.016937407443646264,0.21268897841362902,0.4755548940234909,-0.14738075836266445,-0.8504047095560706,-0.01439515428919965,-0.2818573344437379,0.005352204063624438,0.13425259712469534,-0.00031114090903062996,0.11942982010639264,0.6052157800619358,0.15150525659201172,-0.6847428100363198,0.33821519238951325,-0.42922673978007836,0.4723945760565664,0.28221788197591763,0.26887249199746055,-0.6885904920439838,-0.23726044188802137,0.22510849015506088,0.7036438525585172,-0.22836926589897,-0.11444846107601707,-0.7283300989277658,-0.47562305592117393,-0.20347735694902896,0.22942753844358232,-0.8095811693839031,0.2625724712676238,0.27310994372948116,0.22365159044973806,0.34993123121029623,A
-0.0041619126918334215,-0.03112579972411951,-0.02249387137850028,-0.8805546099077755,-0.28898090439093177,-0.95662296639035,-0.1344866882602061,-0.11492130316978544,0.04486551633805934,0.2021376084282907,0.3960684935814476,-0.14614836890979105,-0.8906629201451159,0.005388449020436364,-0.28230363171720296,0.06347256338162566,0.09716459053319781,-0.03298970489900158,0.19486335868815868,0.615608526875303,0.1502359856764115,-0.7254412422871686,0.34888525905061,-0.44138266584190766,0.4838669886516077,0.2647853927279138,0.20885020694124753,-0.7279190107044109,-0.19831239246887533,0.23208528212494978,0.6908003815183535,-0.22511910889517942,-0.11691446358610137,-0.6987665015260509,-0.47146087006636944,-0.19845887323468933,0.23888938054492664,-0.7846657768123638,0.2700386284666958,0.2525519983578337,0.1849253073482629,0.33373740185434514,A
-0.015203279349746048,0.046325075734409624,-0.008083842294029052,-0.8421794748695614,-0.2443486487564308,-1.019100881139056,-0.10046956611967017,-0.09866733337432583,0.049790638836058845,0.18605810545488977,0.4483802788886089,-0.16986150506047507,-0.9159727799230847,-0.028836120971802628,-0.32289608836181205,0.01904254549076882,0.07634338466190976,-0.045850855487703526,0.19799008198936024,0.5815212268694508,0.14253113443393783,-0.7158445573267087,0.3982962238731557,-0.40742104762789677,0.5078935214866473,0.28958632101121523,0.20909000375322948,-0.7604383312837601,-0.14616180300358356,0.20772984811542977,0.6948771652901606,-0.26518826672018136,-0.10173813464326942,-0.7014455286271297,-0.43881317142493814,-0.20115620690513694,0.22709467604510694,-0.8198403695154096,0.3223362739408308,0.16789378102775193,0.22103969426842468,0.3563573831875607,A
-0.05515584469918329,-0.002144357407747353,-0.019530772007748227,-0.8733397395178536,-0.22024025591979832,-1.0015509919421604,-0.1108257370757497,-0.06656578879857761,0.07491418097047658,0.23770607946453273,0.40576574029289314,-0.19204521678534872,-0.9433087419977316,-0.04115147690423596,-0.27214666757840683,0.0029166758748520247,0.08604932490425934,-0.062353539941144565,0.21463871127965145,0.6031349622163155,0.1934178892411487,-0.7314533984318631,0.39029507688930304,-0.3995852583099074,0.46796457604917396,0.2678829447043604,0.17636452588681797,-0.686560132615207,-0.16351200328960924,0.14379870896637637,0.6966456401437937,-0.24091551721975413,-0.07066765725303815,-0.7370321471380703,-0.43170770151902604,-0.2034120616383802,0.19713574899198322,-0.7750355053713227,0.2507640498633281,0.251054246442169,0.1597564180834173,0.30901211129326733,A
0.017161016822384283,0.02150331881940836,-0.03588763696075858,-0.8211881141510154,-0.23695452603823297,-0.9318200327006766,-0.10111977987509146,-0.08284925751170344,0.034953609961667395,0.24479206022770394,0.41410032882961356,-0.21098067616932395,-0.9051491442851359,-0.016902386842254515,-0.3187460199672341,0.034920878536434635,0.09008230550938019,0.0046682336762651,0.17891159919328764,0.547335197259869,0.17269735952284868,-0.7493339344353991,0.36061576108056564,-0.4319851497796302,0.500590747855121,0.2594133711926866,0.2105383203179047,-0.7306030174723237,-0.19477361983907837,0.19134508978349712,0.6813242474721082,-0.2660172001563638,-0.0987065943774646,-0.714702007791725,-0.44747239139092665,-0.22612928851617448,0.21881322533293476,-0.8085177219765488,0.2296724729962365,0.2532775179407105,0.18980811624731236,0.3766021396419959,A
0.012599538255446005,-0.05504543892282156,-0.040668260006291514,-0.8602913979572854,-0.21959697289040792,-0.9250895837628471,-0.09066912773929649,-0.11166523164550293,-0.01786043369926882,0.25623231804727276,0.45942670044788547,-0.14799401463249034,-0.8931995602054162,-0.02347861525715954,-0.30847552984561116,0.04640859711634838,0.04682587093969743,-0.028319832295492935,0.17229988601186988,0.5760588053316685,0.1861063604148712,-0.7140544127096531,0.40947050235751814,-0.46260604003664324,0.48689704660015976,0.3239555220196543,0.1938979645849418,-0.6974745119799942,-0.2099095736605288,0.2125860298662088,0.652173366332816,-0.30941581473964935,-0.16743659040841502,-0.6613898702361589,-0.4677658940548404,-0.21461168758214494,0.24529117442982448,-0.837705025276944,0.31583886632702024,0.2778400753993206,0.1409440677618944,0.33932036238943264,A
-0.06181446609761658,-0.04080386477867932,-0.034664656130512006,-0.8790616076242355,-0.22046887794058567,-0.9726598428618607,-0.16126020014347986,-0.0851710719253639,0.03301577421835543,0.2312137795554977,0.4246932150700122,-0.17104098006988766,-0.9277305080152959,-0.06257270936924392,-0.2914597865844254,0.0747077194996127,0.07794762872965973,-0.02415757786180889,0.16697678113686135,0.6036035048743134,0.14715317274128215,-0.744708681865357,0.36631852235389073,-0.38705285840535736,0.43368061846247596,0.24170482622241785,0.2944035064967229,-0.7300529936405036,-0.1716771637202883,0.22975979120228418,0.7271409096270919,-0.22642805574767563,-0.09754162509233916,-0.6701412704655896,-0.4394764855624921,-0.15925341712394145,0.28980328225648216,-0.809520927845701,0.29411272386584747,0.20453641742864803,0.20264914413418397,0.3342981010196809,A
-0.01167701822617671,0.002774361253231675,-0.038754256101837234,-0.8051319950886835,-0.254210260619412,-0.9609867654596441,-0.12994323057618468,-0.08191236869585858,0.04941082755078848,0.2803728170867395,0.43136405864971245,-0.17836429663607734,-0.8647918612314945,-0.01257277815482643,-0.37572159101325686,0.023179754398432718,0.1093650328632992,-0.044161780619765216,0.18517157021230427,0.6224365901022412,0.16150195989542607,-0.7222065709004081,0.41114981885995616,-0.4014493814703508,0.4436960885483209,0.27826452817617664,0.2052462389170347,-0.7673788654462167,-0.1560325304101602,0.19114610118557743,0.7009416244554714,-0.2212428101087061,-0.1343651374978944,-0.7140501229732132,-0.43435671726837966,-0.20368757405642507,0.27902201657516945,-0.8428617473722292,0.21084477259098358,0.24722062616905477,0.19686689474646657,0.2994835925892563,A
0.011517420469705978,0.012581734219463604,-0.07185059544442608,-0.8151439979703305,-0.20244017524899102,-0.9143544584527601,-0.125577315277036,-0.10020539778961116,0.031045797428137012,0.22024055988615004,0.45623126824376603,-0.16837834691333228,-0.8745472710758606,-0.042126679835655594,-0.3073672787649254,0.02679030320123954,0.06973687503004543,-0.03978637696293346,0.206323998706769,0.6523458442986776,0.2073224207196756,-0.7541476163987156,0.37969571439705807,-0.49341188824912774,0.4621653898729052,0.2721619194665676,0.26065193398261194,-0.7315098073693204,-0.18661071468087448,0.20844174517413291,0.6952584758858373,-0.23745130940475181,-0.14070740998147346,-0.6874558337385326,-0.40154552290451606,-0.18804094055684067,0.22361375155754218,-0.8176580099994785,0.3157097223994233,0.2261072541912757,0.18931393315655165,0.3479721197486761,A
-0.02132074715672872,-0.007002827381801267,-0.04211920891368023,-0.874961586348388,-0.28188882002776117,-0.9601083584557728,-0.17757347738524742,-0.1326903143845128,0.04739142564986423,0.24262495715521423,0.439396786536842,-0.20959591583348786,-0.9018441360482793,-0.015037289960625672,-0.30505861129870127,0.006748395184726967,0.06586373737975532,-0.05090657323217324,0.17183747927678195,0.5943112110839649,0.13051306101704424,-0.6998195774577772,0.3451785338795225,-0.41877308914849415,0.43839459780318063,0.3582764810678354,0.24417233119717038,-0.7625544915067962,-0.1854785449994506,0.1796179471583629,0.6933047656823232,-0.24070963770676526,-0.09548392226133304,-0.7411034751829518,-0.4669549503633344,-0.16316719802028246,0.2727610760965236,-0.8385922135742011,0.30839481464204915,0.18486295530306865,0.19866892324614577,0.2893802721735787,A
-0.012172077379546512,0.057278168620556236,-0.05064112389793896,-0.8592086215563723,-0.24523971774985684,-0.9825861993908501,-0.1360735273673691,-0.10078934789350313,0.023068025010278215,0.2163267480833952,0.42777663443701974,-0.1772459934038851,-0.9107934203576282,-0.03953594505798456,-0.3146241766973928,-0.022379729905990117,0.11806429114551206,-0.09284745707523176,0.10777954345494245,0.618034475193327,0.13465273436783065,-0.8025257625655183,0.40758682814884545,-0.4511450621363484,0.5032574778421144,0.2563604015868207,0.15511737469907005,-0.748971405019568,-0.2243725108027095,0.22262237833889248,0.72426903834816,-0.2255068098639932,-0.13018390477727934,-0.6625417659555272,-0.4723285946827543,-0.18739710834459652,0.22889293371292996,-0.7562196179614782,0.3159230560449682,0.22289541942443303,0.2135473172396369,0.36977983803438536,A
-0.022547612186732444,-0.06099194090320405,-0.07802365057456631,-0.8631856131614939,-0.18747365536615618,-0.9425184366683672,-0.11313410287432416,-0.09089604948866165,0.002778731852323378,0.2927048764723314,0.48052720579359354,-0.1811245613997469,-0.8911218230165701,-0.01128667175761099,-0.30280285543721563,-0.01083825634896017,0.13825944256069,-0.0028087419917700654,0.17198815967072534,0.5785862001362496,0.16820118812800533,-0.8195477093784156,0.3342438568468265,-0.3789915347404729,0.48233359036107987,0.22535755553224293,0.17959018786706923,-0.7970807637231216,-0.2115461233468101,0.20553986194641205,0.7520324983554955,-0.22984472360193253,-0.12989972118299237,-0.7115425421863966,-0.46851421930982134,-0.15871056725766444,0.269329960312706,-0.8555464837948542,0.2280695275890913,0.21237523591344404,0.2017165909946243,0.3314724745731071,A
-0.05024098980336857,-0.02146852437235878,-0.05146617968982407,-0.8741147104544899,-0.20256065743610033,-0.9175356746740011,-0.12797750540181715,-0.0782174881526389,0.013330639828276395,0.20214383300690414,0.42276747346431925,-0.1596722148565056,-0.9081623808303856,-0.045713596871111636,-0.3354025833677033,0.06282102785517941,0.10600634082678906,0.005782923236905171,0.17871706861763068,0.60356162761357,0.1854050877650693,-0.7479093438435362,0.37076903279308093,-0.40406873414089817,0.44220901543658947,0.3348689772061152,0.2235613355104049,-0.6786871996986445,-0.22339602235406955,0.17522739154715591,0.7151447194104179,-0.24969118116766562,-0.13454710243921397,-0.7420327546763615,-0.452530739769933,-0.18490639586276755,0.1937888114763041,-0.8277097746334379,0.29116221720961794,0.2455616426466347,0.19900689942617178,0.2996809658258899,A
0.0034565060160903654,-0.0062029575774403874,-0.09294560219648924,-0.8642659626697533,-0.24598993629244956,-0.9729081681566154,-0.13382978826572564,-0.12134673091545231,0.01858053816408828,0.24920065793747959,0.4469190204310142,-0.10278421359003513,-0.9268604010976057,-0.004981303049406312,-0.30343000578550466,0.001976464023627854,0.08090967037148877,-0.08327210393664827,0.1633074389292251,0.582024710604045,0.1473520645757881,-0.7720350066803738,0.3979666502694197,-0.43679554451567326,0.473100495108676,0.2891245568315033,0.20766391565847134,-0.749118500627334,-0.14260396478474194,0.277584409424471,0.7474213372067775,-0.25275464235981826,-0.12226007136314322,-0.6711691518161413,-0.46722716329419217,-0.14011072171049327,0.25678636421311707,-0.8237903487282922,0.2881462983872569,0.24073725301300924,0.19476829268038298,0.35474349039228525,A
0.03818487372474473,-0.007879170141601924,-0.06326361602852616,-0.8539130062643475,-0.26300134678857856,-1.0236189306730883,-0.12481619877482526,-0.13369208099244567,0.07716739204746263,0.21636272057368355,0.45780591378526625,-0.20157731516758576,-0.8354466015514379,-0.03814905760005195,-0.3383973462436895,0.06391077711813554,0.10004482644617928,-0.0017758826206751704,0.1562045488073936,0.5944106700173323,0.12268491207461169,-0.7151666587451727,0.369346960515363,-0.43573042763511655,0.4599367739159274,0.2753501601612858,0.22989241785169132,-0.7670897572477687,-0.1658275543409071,0.16233443039849557,0.6464876176359345,-0.2110761812909833,-0.15152177239156817,-0.700778048921933,-0.4525383693067215,-0.18109494720517474,0.23458566333441527,-0.7841081042903651,0.23681322090190546,0.24205866355042258,0.2060548506894962,0.27774473626221846,A
-0.01589703389640958,-0.04811669310987213,-0.09919094180670719,-0.8638497484661908,-0.1927063665404318,-0.9642129864156107,-0.07283694590254898,-0.10261492496041735,0.07053886806238041,0.27344682224262484,0.4156347643835184,-0.18060105850414332,-0.9105865049344803,-0.03667642752140354,-0.251341251458222,0.024554762505610925,0.05667678313470081,-0.07146798222245762,0.14896400861277348,0.703535744359956,0.21209134302806323,-0.8264198013632335,0.3663914214064327,-0.4508732526840433,0.49640518297664127,0.2484484339556771,0.17332868272315577,-0.7564666731900431,-0.20888355366130845,0.23004110745645973,0.6939478188982038,-0.22330060776505253,-0.14514565018466696,-0.6779791150315365,-0.47920969760498594,-0.17297754961622064,0.2180471348883583,-0.7886493386599709,0.20646155018282764,0.19843304592639507,0.24264370494464618,0.31765721233130817,A
-0.05103772329943542,-0.021209636700072147,-0.03748655892217836,-0.8750780377466881,-0.19346490976811573,-0.9410386335452251,-0.09178686112136142,-0.0739682461427365,0.008590428608947596,0.27466267707808517,0.4764036195320688,-0.18659739808523498,-0.9377072290621357,-0.10333410812498697,-0.2713975056801957,-0.004528770253058513,0.06462247943495555,-0.023555455016004735,0.12183518451323876,0.6642044170720003,0.17503013301952655,-0.6958884774375644,0.398743173784472,-0.508143480537024,0.48914915542877196,0.28333444911553635,0.20254775722159454,-0.7400840729634156,-0.15649093422856347,0.25985584895119923,0.6682207066717958,-0.2510789450707879,-0.07877761698174723,-0.7101742177149162,-0.43840879488649664,-0.18490159840562564,0.29648680138677697,-0.7929476138505877,0.3418077667178482,0.2742386676879076,0.20078270580936697,0.3327359530051366,A
0.061564662495291814,-0.03425186517021585,-0.026160724488981126,-0.8276154281038064,-0.23658851925825317,-0.9850044698247223,-0.11911457791401109,-0.08382005190411254,0.0682347762112187,0.25221940315109137,0.4064016057959287,-0.13755545283305548,-0.8531258425743674,-0.03969993341083761,-0.32072191841525366,0.01655773362282405,0.12449165515443197,-0.0942493478680736,0.19379414279672189,0.5776344763409854,0.17645384080410403,-0.8428726558466882,0.3142654199193184,-0.4523855916636526,0.43944372092419515,0.30657125943688984,0.21351786147436358,-0.681300182828321,-0.1727324373102104,0.19099232970453053,0.7406847494115025,-0.26728992940848667,-0.1364499878713461,-0.7038881891994381,-0.3959224587750888,-0.15988863866440023,0.2636400832562827,-0.7565830219565557,0.30957451857652435,0.18507711555110107,0.2237436391573843,0.3724072577344383,A
-0.045546752269003885,-0.0004611053972019374,-0.08102963672822797,-0.8468965809821153,-0.19423941840124817,-0.933309567074239,-0.11734389758764206,-0.08505182283600203,-0.021076053151554447,0.177595424206331,0.47772256082370207,-0.2735251039784701,-0.9095334404029346,-0.012024679733419936,-0.29446897517917076,-0.04128371697066491,0.10803128368734162,-0.06370656549884064,0.1644524997933575,0.5724543814026406,0.14714104848880327,-0.7942201750533419,0.35669470669071957,-0.39491882136935913,0.45413642044550656,0.2725028158831223,0.18328655536669422,-0.7779056055389124,-0.21806583681307304,0.21714212184712497,0.7777617666500232,-0.22413185632197347,-0.10223419182282699,-0.6442069974210771,-0.4304603734475552,-0.15918132161291215,0.23946143718886342,-0.8018377315162782,0.23743397476650469,0.2126316216489413,0.19073624428092228,0.30526357254997266,A
-0.0202097916902771,0.04293031484767366,-0.06005034140941972,-0.85508444430508,-0.16035427979389522,-0.9503279175883209,-0.11157947308063575,-0.07314177493295757,0.003972493333738777,0.21730921568100817,0.433284830797843,-0.17524442648905458,-0.8749122557844632,-0.060808317432166005,-0.28887795970586144,0.061936772169830207,0.0782305419765338,-0.04283372739456562,0.12671950749298916,0.5459069367304441,0.13349302422287998,-0.7186121580680196,0.3831561326039856,-0.3741781564279934,0.4679637976004896,0.28536982979317127,0.21453614540590477,-0.7713308678169225,-0.16103021659744046,0.2219573059411115,0.6755635460884247,-0.24224783483826753,-0.09808146790095298,-0.7438956102014563,-0.41277909133400237,-0.20492742835913783,0.14093391028511176,-0.786239493686017,0.31997119734783075,0.18822435532847345,0.15746362992850038,0.36354826762529,A
-0.018520841855076846,0.04034647462508212,-0.10275295124137102,-0.8085959939368783,-0.19609591678059846,-0.957374749736106,-0.17194603052361285,-0.11576565602543329,0.05427122526024965,0.1794390177535281,0.42846427943379445,-0.1708376100285339,-0.9236828529721938,0.0066831810335880315,-0.2680093961910163,0.05106888438491155,0.10528231293130888,-0.05408212363152467,0.17851927560532715,0.57324278222056,0.1620032363905948,-0.7550035333432851,0.4105313288409166,-0.3957927239672333,0.4367121405451607,0.3239472698858953,0.18048128093845678,-0.6837359862795072,-0.14100384521815895,0.2762779373323993,0.7127727057025622,-0.2618126778821615,-0.12991824021756476,-0.6926964232428096,-0.4749187493786824,-0.26370915215605184,0.22105375787023662,-0.8141705636170237,0.2963549546599332,0.23384746221338942,0.21181877545439337,0.3587966389012648,A
-0.02617866546441608,-0.020160735138190645,0.01428114144318917,-0.9462637570849741,-0.19472553098338072,-0.9566893617173523,-0.11185979988596928,-0.0780083381702524,0.04560062485913276,0.18626999691393278,0.4149170676699781,-0.19715153508073135,-0.952551375268903,-0.03259110845415789,-0.2819622295365762,0.07877512292307429,0.09460063103347188,-0.06035500950312264,0.1675481786739068,0.5888125209105187,0.19145911324880344,-0.7415927077332508,0.39414922380046424,-0.43984711512077196,0.505522296907738,0.28914486651821947,0.1864851954561155,-0.7493161416516675,-0.16632107978185365,0.17237302547497202,0.7000980212580169,-0.22132183654066573,-0.10532878841480464,-0.7384762329538628,-0.43516100819464143,-0.23168030039096443,0.23863993888249976,-0.7740029694766623,0.28189116255480384,0.18797337597592548,0.20186427229018636,0.32954653145038826,A
0.032763161972531006,0.03249384940620312,-0.081671195717785,-0.8604733233910964,-0.2164864273159206,-0.9917347283134913,-0.0968667971180103,-0.14533439026262324,0.03188797154348595,0.26086860775859116,0.44575321339802243,-0.17745888521636816,-0.8635844072702858,-0.04565500913855415,-0.28242657675556454,0.04288633648964738,0.06501880938296506,-0.010798534310608458,0.2028557864813412,0.6259300259442167,0.19497434032276034,-0.7249118514703153,0.3783539620772616,-0.434819084237378,0.44693684405070844,0.22184169106498033,0.15740108758564703,-0.738884760382901,-0.22642415271810024,0.22291754227944505,0.7564060090837823,-0.35015721103459574,-0.15001020237294344,-0.6383755193575188,-0.41947147517562355,-0.19477013007868518,0.21708699725080174,-0.7978239695466488,0.30906530546065775,0.18384910615440767,0.25234779567123045,0.3356663907583589,A
0.028144278172271713,0.030719930236463553,-0.0396259692409345,-0.8373877509626939,-0.21276402099058747,-0.984304680995903,-0.09236435984389618,-0.11268023964350722,0.024065580173184362,0.27696629873287143,0.44305356606396273,-0.17032583666882717,-0.8941569079574682,-0.04330668455277443,-0.24322625731013325,-0.00012939281607569908,0.09382465182559399,-0.07392246550295557,0.19845982508683357,0.58932697458404,0.15384228474299796,-0.795281616653797,0.41475392748940226,-0.4718386407633263,0.481418254237066,0.31177189029707075,0.2696387377143181,-0.7558598632823771,-0.2137968702682908,0.1976765065198486,0.6863341208352478,-0.30990656652079557,-0.0717717898545228,-0.7164933866226831,-0.44928845847705046,-0.17259644263585522,0.27462656262528584,-0.8502154012043007,0.2904177327115607,0.1854571949494887,0.21760340526788366,0.3324789366252578,A
-0.014190360872845757,0.00700366573458581,-0.04144047482706133,-0.853201043327487,-0.23443445723620818,-1.0145228482832063,-0.14453974829800248,-0.12332020647257474,-0.0062144943384637545,0.2128503349835262,0.44184999941103964,-0.18008357870314867,-0.872063332099471,-0.027625383348801658,-0.29751738098996766,0.0598953441800191,0.06475490408395689,-0.06286523842190402,0.14963170763822695,0.5702582481847391,0.11531458681765974,-0.7229516633453571,0.33751601375333823,-0.37765629522784017,0.47177653175406054,0.23876675857377616,0.22442981891003658,-0.738323753141382,-0.17940292510441685,0.1955677746614197,0.6760469794595138,-0.2972361449471506,-0.15929537532261928,-0.744994872685461,-0.45522025449895687,-0.19296837883907783,0.18663127923672157,-0.7883180647128154,0.2839385009458219,0.2947442390339953,0.1954409912938819,0.390701654208247,A
0.022379554059371854,-0.058780294130459015,-0.08471422724782063,-0.8412121547089999,-0.28072422314705814,-1.0004793578555358,-0.1595884215556848,-0.04073210424362418,0.05700468317523386,0.2198794931328943,0.48950676957490136,-0.14499383306591296,-0.8496034676248718,-0.049111816604340996,-0.31035419555535204,0.010905386837048586,0.08885010981018424,-0.06224463154693205,0.12860415128758454,0.6251222885443503,0.188055010352227,-0.7667036833974129,0.3958291724225752,-0.4227399429314096,0.4573545807563966,0.331541356253786,0.2135833002802702,-0.6859964557738688,-0.17115522458565544,0.2300509359434748,0.6717087860905284,-0.2701111325930686,-0.07711141972911456,-0.6690937799809147,-0.45524821539691634,-0.23200828163027645,0.28283690658402194,-0.7833991188561391,0.2453564052417896,0.1875942839927057,0.2626005195494434,0.308484006750935,A
-0.014695043240535763,-0.020415737878105005,-0.03832999684788767,-0.8927589391511696,-0.22116860585953294,-1.0157937748237507,-0.15380939573094815,-0.14586250501698558,-0.015769394639208872,0.2517199042335443,0.4658154346930285,-0.18761215715227136,-0.9078605171273194,0.009122038777388292,-0.28024243023119855,0.008442582189666752,0.10277834260632038,-0.028898314017206727,0.18238155963513233,0.6736445995635612,0.14335371159643184,-0.7235985715105488,0.41234614836322075,-0.38045717926175904,0.4722319896296803,0.24458924374770147,0.15057491986277677,-0.7145280501385336,-0.17785649452039176,0.21433862470348178,0.7124637228953903,-0.22404254799764975,-0.10444503972672015,-0.6923522168002312,-0.46230570534922477,-0.16023578651166964,0.21572467490246214,-0.7863660088869586,0.2679095151079246,0.23961360462258513,0.2605023192071312,0.3435296995060006,A
0.04249049367037807,-0.011143016721560348,-0.046109273498075073,-0.861389098842636,-0.27808749076905465,-0.9415303502287415,-0.09475195849087636,-0.08995579718620388,0.06099882069154283,0.1959866317578434,0.40287374025778455,-0.1454900617853153,-0.8910239059482017,-0.025886372020540553,-0.34510067007334105,0.08796690246157834,0.11239920370926637,-0.055135915854624996,0.22339909826733725,0.5502703512933139,0.15802416863585206,-0.7106224264535781,0.4020638791348682,-0.4767985178223888,0.45831444405329963,0.3061924792923023,0.24861361921618097,-0.6976543680636265,-0.16711932295547982,0.21318535937185087,0.6986030832969693,-0.23845443253909196,-0.07781476230154172,-0.7103725073725443,-0.4526933438874749,-0.1570625557837821,0.26489196359127354,-0.8303952655535529,0.24012643071459497,0.17052742053122177,0.21149893166925562,0.2905745901508829,A
0.02688782138837147,-0.05150206223606339,-0.0005851928095764181,-0.8608545622781711,-0.25225842620435857,-0.9898263706451256,-0.13776132096657404,-0.05945232985513474,0.04419473962191903,0.23295451645043058,0.40804831605169506,-0.18438236714211925,-0.9120323429385596,-0.1112603927905981,-0.3218957941932772,0.061960346795044946,0.07947735857007399,-0.042217591199267795,0.19205785753789406,0.6170329097619942,0.22673419022961577,-0.8060377401974972,0.342196929537467,-0.40476023332958744,0.4797573639534188,0.28680252012355134,0.18627807691473053,-0.7325285419057332,-0.18306575762897795,0.15493501797170817,0.7103933665696709,-0.2689089377005821,-0.09560341424994731,-0.6936121856179851,-0.3858210651543529,-0.19142236148722752,0.200304354493484,-0.8900581125761218,0.2515408867893068,0.2332512707449801,0.2265800783394602,0.30555642708583164,A
-0.012903885103193827,0.0020980898782794587,-0.037592499307608475,-0.8201482268793576,-0.24592380077415363,-0.9958705919767896,-0.051074520488848564,-0.05139660374575267,0.008163059230703554,0.26432515226271447,0.5102759634962212,-0.14322232801155121,-0.9118009543796699,-0.02918751210824631,-0.3536419727038903,0.014854748703318644,0.09180250132695884,-0.03127523077576551,0.14003831222252427,0.508624173815632,0.17371355957648646,-0.7183861184197179,0.39044925529787766,-0.4381800393943961,0.4627606556360805,0.2912137010399333,0.21668879395101126,-0.7421255657843461,-0.2578218288210151,0.2524061947766696,0.690054212417353,-0.29011501247442795,-0.13261287710626252,-0.7006012913785343,-0.462770675481085,-0.20762132643457418,0.22330462375150636,-0.8045440449746326,0.2557194927233273,0.2320540046324074,0.1661855801153283,0.3838890763802615,A
0.03216947936237593,-0.008240081810554958,-0.038951595566974584,-0.8857957500597246,-0.2114418352757707,-0.948229400295059,-0.10382847445702914,-0.07782492853546122,0.023834894673400893,0.22700747180698475,0.4243386510978089,-0.16605396847475978,-0.9140104190309539,-0.019901119409506687,-0.29199094204345916,0.08412265389894086,0.10976662603036616,-0.09057197937480008,0.1409224686785768,0.5704897809207041,0.14595015329596378,-0.7112332317652926,0.3013647898021975,-0.3892708845929008,0.4967715484890626,0.28939116791063396,0.21489779114561028,-0.7370717685121577,-0.18337488325284196,0.24428507080788042,0.697273237694287,-0.23538784704662294,-0.1469728998690923,-0.6879757538173841,-0.45268034970617277,-0.17858059774796797,0.20710656662033322,-0.8019210218895726,0.2782860382727204,0.26887634441463154,0.21536246723742913,0.3385094846754449,A
-0.013245622513126089,0.0093627321684012,-0.034773818585689585,-0.8613778986141932,-0.24126353265838849,-0.9977903297971683,-0.11409984278704999,-0.12448822818277977,0.03281355040916473,0.2063368243639143,0.44045994468326977,-0.21110362926567341,-0.8545818911279066,-0.03158638570093107,-0.3006099123435146,0.06166755299543372,0.14551888836854077,-0.03543503638091138,0.11610131219728638,0.6266324232460464,0.12718725019863997,-0.7551244558737474,0.4032411497480904,-0.4420611702524138,0.44964739483345134,0.2922575786193688,0.20471239790810516,-0.7601235646330013,-0.1618044530915408,0.24733403666074766,0.745622014433217,-0.23684519944346163,-0.14186734607743112,-0.7416102753627016,-0.5140048076449398,-0.16042671501643488,0.23888075777257195,-0.8279658734630891,0.22169011060970933,0.1864376901003262,0.15462901889525413,0.3669696709682748,A
0.019070911852159686,-0.0391782889258676,5.7991901200614426e-05,-0.8724149552139148,-0.2178180928575305,-0.9630430770682773,-0.11463551411330951,-0.11398621511115123,0.025065682650839374,0.2216496017976191,0.4516076852823819,-0.17406750599082474,-0.904640421649018,0.0007054681387171427,-0.32619872388538246,0.05550918847385582,0.08208020796872854,-0.06393769890955767,0.15250548951689386,0.5713495248103269,0.18766860183258566,-0.7430678300445193,0.40854212893438646,-0.4605468190131698,0.400909405199933,0.295661296245377,0.256101004920418,-0.7246582139112447,-0.21640463576155783,0.17980716021595347,0.7647593496840889,-0.26477943872985965,-0.15128251535635867,-0.6682392860123977,-0.44891521815841734,-0.2522407593461649,0.2955306022314956,-0.7978662063176524,0.23433897930908992,0.26380448706602916,0.17615896009648171,0.2904716637745469,A
-0.026752380687449923,0.05818522287471956,0.012368398033434737,-0.8671889258716686,-0.17712791450838003,-1.042201802513434,-0.08439659095408956,-0.06396829000842502,0.0692390833122696,0.23235590165688513,0.4611170341508733,-0.20424450850264228,-0.8881592282638702,-0.037258362051072406,-0.3077391818917788,0.07784285284685584,0.09871002325358773,0.01292726382113886,0.16826731284515778,0.6569137450037565,0.20472297465048125,-0.7428352851091606,0.3727034812644454,-0.45720408310985067,0.4716217056454769,0.25434295990462297,0.24433290843367664,-0.7496303320745765,-0.1774629164492298,0.1420559420374427,0.6959704634345004,-0.2645478667979502,-0.09320763986366423,-0.6882772120250068,-0.41394898995197543,-0.17814069336616864,0.26996037903342873,-0.8028245104936065,0.2384022740559679,0.21922133454816853,0.20642976186046635,0.22575685247280047,A
-0.03049610749199018,0.06125207649541466,-0.05723059229256882,-0.8539110438168777,-0.2936468451001757,-1.0140086824846366,-0.09728826162277145,-0.11883591118574893,-0.009221041037816284,0.2689704374445752,0.4231004349599166,-0.22175910919530142,-0.8876998659098692,-0.05678067464398677,-0.32557462425943084,0.04196996485488095,0.07295450304035253,-0.08787549740219772,0.1775850259517545,0.6171520539196587,0.16038887223032078,-0.721626324737857,0.35639840846061743,-0.4893031173783845,0.49370820915670854,0.280842953265369,0.208951744446792,-0.7425118996039131,-0.1935796314909593,0.2147562425864201,0.708820972930866,-0.21549208662279498,-0.10769086154920325,-0.6686556644702952,-0.3992869644619343,-0.23976164737308586,0.2713439491535759,-0.7958054728891788,0.29434142558342474,0.25161774395179576,0.19964998663107783,0.34179008445753495,A
-0.03173326036072343,-0.04236157318545138,-0.033043475150222885,-0.8528346877440031,-0.22838381727770024,-0.9975210648370325,-0.10008298307570022,-0.11768365220316095,0.022649002406395686,0.21544845360432743,0.4200728959551461,-0.18894148253278298,-0.8533460830040772,-0.046520806062327974,-0.3048863204533966,0.03584999058718272,0.07314826981459256,-0.0009906702719588295,0.11997819458880865,0.5886130825809752,0.1426013628822816,-0.72321442342833,0.37148296237734274,-0.39653591064473154,0.488852152014215,0.2862664828524651,0.226752146670679,-0.7142493588462224,-0.21550738749589843,0.23368874639998852,0.7129022306528529,-0.2387139333870134,-0.13306229377523457,-0.7295824040632254,-0.4755246681225441,-0.29366839674269696,0.21176353234120557,-0.7422207509202623,0.3043615386465646,0.23148455312576038,0.23642514514776528,0.31591159865517343,A
-0.011757399804618332,-0.008707058076671761,-0.07107411326559698,-0.87036172026888,-0.22877069729574132,-0.9716577574027897,-0.0720320846127464,-0.07415402646379388,-0.02052059280979667,0.22121537980863049,0.41096609717095933,-0.260980765793288,-0.8862962357219873,-0.01501524317637526,-0.2989477068736917,0.05691032768550401,0.08221955788713424,-0.06870011389522486,0.14981768659894348,0.6322379664533588,0.17914526093911473,-0.7858533030611194,0.37136760996165463,-0.39379102838256536,0.4896556885688198,0.32242284561665624,0.15976584362871754,-0.7355485848500068,-0.19858023475934408,0.2283439457068472,0.6785108156673069,-0.27939508967416093,-0.12092739707430182,-0.7316044602672199,-0.43671546765352703,-0.2525946580481568,0.26831588275986784,-0.8989543644860085,0.306830817568862,0.2045033750644012,0.16410782437921528,0.3288123005727878,A
0.026568427184653798,0.034755071171352195,-0.015220419870346967,-0.8765038243425909,-0.22215101130669487,-1.026932959064105,-0.10943944345984974,-0.09475040631488833,0.012791806143274683,0.1749784767514507,0.42631919638906063,-0.1255116165315769,-0.8771830868000696,-0.046872166829809124,-0.30586276854603783,0.05534161645848114,0.04578501917182599,-0.08278497497936298,0.13874242792223218,0.575835255811019,0.22172544219451212,-0.7381116282591389,0.35195834495434186,-0.43030887647320143,0.40607006010931046,0.2566958364749453,0.18196723862620712,-0.7699384697310571,-0.15109786972733974,0.2302971622136461,0.6676682659359572,-0.2914031873528228,-0.1586181924529677,-0.7095539003153636,-0.4384943111931897,-0.17893612484415355,0.2026113705003537,-0.8207493756516435,0.27801270756444935,0.2578389536758709,0.23082022997236656,0.2806545989015016,A
-0.056512703982816645,-0.0033303682230363054,-0.06811093577555621,-0.8795792837412856,-0.25098853039348,-0.9562053012685031,-0.15692832828393172,-0.04944320565137747,0.0025200644354305517,0.2490250095707015,0.4240634831337434,-0.2282790963920214,-0.8932920847136501,-0.06995239756421964,-0.2966746405576886,0.043047233576039165,0.07142316705224412,-0.03332482839553322,0.19199321265504177,0.5878760304113548,0.1460498051052475,-0.7282330412504093,0.38071270424423015,-0.4405515360290799,0.5080196655735991,0.2748323143724302,0.2490600517772887,-0.7589639443841905,-0.16262095775702629,0.203900938499947,0.7120407369070114,-0.3141837960024673,-0.05577344252928289,-0.6944437996266751,-0.4139952382543435,-0.23275062845937472,0.2381913708214778,-0.8207810318196407,0.24796105123075485,0.2604892764402434,0.21198211729468638,0.3220876679025783,A
0.018742516859660722,-0.02564048151970149,-0.04415540320079642,-0.8480452101624475,-0.22427253518341897,-0.9427725649229418,-0.1245524448350834,-0.12079264461181416,0.005614749607004369,0.21037611204554327,0.47720473147922404,-0.18485179265667062,-0.858229514460443,-0.024201238020425418,-0.32731132703160964,-0.001405722811155842,0.04870067771626722,-0.06459368762359163,0.1914196821170595,0.6301981255560853,0.17069527410656934,-0.712423906368569,0.3508158895893253,-0.4508393274755381,0.4899386781930643,0.28880649426781707,0.22642633961315767,-0.7377852825672434,-0.1993932870843096,0.20402247537642978,0.7131982702800714,-0.2462021543911287,-0.14879266011377443,-0.7076029597989113,-0.49011495939794747,-0.20189360028091918,0.20542094695264432,-0.9067745190815165,0.3459896908601303,0.1987618636099498,0.17935502213228288,0.37240013669460104,A
-0.03516039774411574,-0.043541685002994185,-0.055156328463270975,-0.8655998824899845,-0.24747722227787322,-1.0011107870599385,-0.11747597281610027,-0.055798751822276775,-0.024273417084828906,0.2552670757302417,0.49014543590174486,-0.20151698903485446,-0.877621771377101,-0.035990747607453084,-0.3526662676048029,0.08037275561167767,0.09331817327785288,-0.05349746028498017,0.11517795448272948,0.6068014346575035,0.1724702188924239,-0.7220571246403474,0.38412350276203355,-0.456400466391859,0.36421832294777295,0.2805203355557883,0.19910644026556398,-0.7344075702339146,-0.1425960241017789,0.20903292660557546,0.7247617347206312,-0.2420852505485548,-0.16237960370267238,-0.7426573404489907,-0.40989070697589336,-0.21780416082255746,0.2441185229369507,-0.846116764834555,0.30208223526376327,0.22935342868134795,0.19865872701105514,0.3437100444324423,A
0.007790970238255602,-0.02166797792679493,-0.048635546618722124,-0.830677381182786,-0.19506562895978533,-0.977453246970706,-0.058224695745533135,-0.12722897016865278,-0.022659502347377083,0.18771712826757542,0.4438361320857691,-0.18237033773959077,-0.8851455870241894,-0.052373587897921015,-0.23431617456346585,0.08913105812779962,0.05793292527646281,-0.04092578316810517,0.1623065673541029,0.6117432685474619,0.12218063484890712,-0.7916550398848284,0.3308982474659342,-0.38688124405549773,0.4471743554046425,0.30807441297236887,0.22208673947456245,-0.7447126010831848,-0.16330926473158885,0.17366914127924218,0.6898413137636491,-0.3198993587845407,-0.11790487969890961,-0.7277215273405675,-0.37880038905270524,-0.1896596352801767,0.25762451313099216,-0.7958139407762262,0.277359665489432,0.2516933531681635,0.20858610122850849,0.3379801561843034,A
0.07073989957288013,0.005767923513121736,-0.06482774678021941,-0.8719851704071541,-0.23078857913733866,-0.9700761714804499,-0.11004378012589247,-0.15235330636848157,-0.0438608092048053,0.2009873336429222,0.44589598511098927,-0.18083539322916695,-0.875277659204588,-0.021441794440765875,-0.3160733377976908,0.013182794871365106,0.10789341781180133,-0.031084427851152795,0.12803174934473344,0.6099176208886806,0.19661776854500923,-0.7165472612571994,0.3963996985490272,-0.45452273289664774,0.49236946963539746,0.27908330990484964,0.26576645710923635,-0.7124982582753883,-0.17525036885772566,0.2619825241742368,0.6887954838399994,-0.23687744850157177,-0.05376786651967577,-0.6795562128129348,-0.4399549273835268,-0.1995146000811252,0.20399549419934623,-0.8240850538737202,0.2551242705954236,0.215024462733423,0.20428822847656392,0.3533749842762055,A
-0.012258464748112003,-0.01789892245705358,-0.022377049377514564,-0.8298497936519409,-0.23559994900669473,-0.95556457871829,-0.11967920308650178,-0.11128900697556401,0.07066191163223409,0.22591410832589104,0.43195943417103166,-0.18219467022495872,-0.9478742726570515,-0.037370425465635765,-0.2934456155218782,0.10324474070434159,0.09503293162254195,-0.024730406851281868,0.17122098236281735,0.6592324488361916,0.19798769708871647,-0.7837612125663839,0.4043403150457151,-0.4603522866142652,0.44720654383222574,0.2448263854762086,0.25909184841583355,-0.7037317999724566,-0.1512125157539102,0.24157139897595656,0.7247066157707758,-0.2629887774565011,-0.11465388721322524,-0.719442153626518,-0.4700382819681092,-0.21063461954438015,0.30366885668461785,-0.8268674507772094,0.30971244684343396,0.28424582284467914,0.23101512727860146,0.30007194165701584,A
-0.022098308673129646,0.0035655863138336187,0.018709260192398956,-0.8080443976078225,-0.21219698537231996,-0.9797168997653972,-0.10043495428995594,-0.09921611744347146,0.029533088665932336,0.20378676104989227,0.4173088807929635,-0.17286686594499348,-0.9237031836062338,-0.051085214167286994,-0.30019828711103386,0.053726978137078704,0.12573401737694323,-0.07545939879638888,0.12332802328538581,0.6303638119115548,0.218201384859361,-0.7715538298826256,0.3421088563391279,-0.4156376494232839,0.4682772056832418,0.28551390732727944,0.18100276871602117,-0.7177312195457376,-0.19524724772930852,0.20239326449601178,0.6700471939160205,-0.22965777439790053,-0.13167630101702418,-0.7053064260696977,-0.4088043207085904,-0.22282538765092624,0.2304433743261879,-0.8621429606182127,0.26397992204037996,0.26057727722261603,0.16135194191733937,0.3307829472353874,A
0.0481062520033413,0.016462593469903333,-0.06650819580353838,-0.8841026534305939,-0.2861848314581383,-0.9267218487442672,-0.12444476827400067,-0.158952890557533,-0.00658910473026262,0.19770608979135873,0.4292812794474873,-0.11108040967968785,-0.861225469566323,-0.017802674838311966,-0.26516347228427223,0.09881900222558879,0.10810545302104337,0.005368018676223968,0.14160516726055572,0.5652924273907295,0.1369587302081322,-0.7314128141839037,0.2885692402054708,-0.3922633915165715,0.4520054681650613,0.30860719241243395,0.16266756958094045,-0.7059846636647202,-0.146646800745884,0.21358209324020597,0.7198176633368458,-0.28418505584801884,-0.11946887624993258,-0.6747832683704315,-0.45358841581187015,-0.14562880469201764,0.17954769643702795,-0.8252579486709074,0.2220537637811623,0.2314156082908222,0.20120325684238763,0.3184363580859128,A
0.02220006674517016,-0.008512647309265644,0.03520690315758388,-0.8264948520873271,-0.22739511519547137,-0.9938329532461071,-0.1391398872314811,-0.09178260949054311,0.008249672350331076,0.259775509420747,0.4416663307234029,-0.18509856166069444,-0.8854741481400934,-0.036892481462654975,-0.29277329761968546,0.10588854358663304,0.10848612032885394,-0.02516763794034851,0.18443825522177426,0.5879190856640284,0.1389970966428379,-0.8308037589643479,0.30594072020152707,-0.4095661867785551,0.4778794802591643,0.27937893831137167,0.27529045459415213,-0.7403498591730604,-0.25898516618081224,0.23300959965065843,0.7388128047993953,-0.23179548334971992,-0.08556356578105868,-0.7567782781774556,-0.44165760472217286,-0.21632093765269278,0.24873663075009372,-0.7697889966859855,0.26864531042890416,0.24147883553041416,0.18130005791076628,0.3231870473425596,A
-0.015426252768652548,0.05403002675989455,-0.08138863891554278,-0.8481035797201831,-0.18721711369441893,-1.031940470544638,-0.09888077258224734,-0.10156008420043133,0.0036104351947217825,0.2665321495713078,0.49561357100171505,-0.16299149413177655,-0.8978167468702573,-0.07573970436797556,-0.29568812315990095,0.0391936075381423,0.08947308651977894,-0.05277449793560822,0.14328320501644418,0.5920462326333518,0.13096794945160717,-0.7091389118392142,0.34456634281742693,-0.42864335056084607,0.45708693152336927,0.3033245283130529,0.2222849111397492,-0.7241109493520599,-0.22319912925770652,0.20472106268512555,0.7520521433039187,-0.2636546070207341,-0.08935690513018307,-0.704256121868986,-0.45379113293471024,-0.18582334132944864,0.20807754793307212,-0.7884021876989593,0.2540714900778733,0.23854058905027256,0.23995222089092588,0.33648442577114557,A
-0.017070501770272046,0.005571198746616179,-0.07102058906166017,-0.8570906048469628,-0.24399498416375207,-0.996429068610103,-0.09290103983559261,-0.07537521911042708,0.055644045940517584,0.237312517976901,0.48820904311786545,-0.20303803128587877,-0.8503591876633806,-0.005045050707183363,-0.2998926708504636,0.0504951241773991,0.12335071451895394,-0.01801182519014072,0.16867249947800905,0.5776672260658339,0.14017785081803905,-0.7369818254854683,0.3331352358101016,-0.4100377852762403,0.4135861252681728,0.2930281786846521,0.19611711352467204,-0.7525045026538036,-0.1964284623690007,0.12402668166309806,0.690727442560359,-0.27942875459095945,-0.14648577836626003,-0.6103225790020155,-0.4861657710388072,-0.179535941958661,0.20917604076055712,-0.8427647512278819,0.23928505429230165,0.25577973979437696,0.24372640417443292,0.305104590461103,A
0.027364133332380098,-0.031074849476798,-0.06102708941155731,-0.8303817649003787,-0.25833283086400716,-0.9957710046260108,-0.11108321844828008,-0.10377466920129554,-0.008303651887659386,0.29703816100818686,0.4188198149574609,-0.1541479261801844,-0.8710380073380312,-0.056492975021042516,-0.2871898445799561,0.018585629599684177,0.09438704526266825,-0.01314609179473875,0.14408149548019372,0.6035187896152826,0.1506263129622113,-0.7349620191693371,0.37064968690251976,-0.44300363939934284,0.41187575924641534,0.3072452459039734,0.2641361017950899,-0.7351337288441484,-0.2065235214492879,0.2167375331061699,0.7383651512684819,-0.21501172645611422,-0.09348475819365844,-0.6905964778222331,-0.42423919594269244,-0.1878715910729174,0.20436260025111108,-0.8267549239714064,0.27000151361093205,0.23070742962216514,0.15467433485972082,0.3390436434196324,A
-0.06038886171731891,0.0123400386567878,-0.013898718086233913,-0.8239054910258803,-0.25516768608241597,-0.9548835523025198,-0.0906876193185708,-0.053720178794004945,0.0350172536578116,0.26083255354693513,0.43102091776242973,-0.20829299064446888,-0.8629859082278156,-0.005987505741993745,-0.3201519523611365,0.007448169733720908,0.09595884745868356,-0.03655457450969771,0.16784429577653223,0.6177492399017542,0.19877250364059137,-0.7399956929184078,0.33760660465056674,-0.4537748727028401,0.4489152628341555,0.280213706869212,0.18898479923632605,-0.746664916834514,-0.18591824272226132,0.19120248134591963,0.7136441847492545,-0.19856865259958298,-0.12583710421113883,-0.7244018120781329,-0.43529781136165313,-0.21527275320476935,0.2286244184427559,-0.8357517656403444,0.24759372698516507,0.19557331383904566,0.18776963127302462,0.29246096608181565,A
0.038364414220276165,0.012941213235519486,-0.020739726265697603,-0.8915005655467019,-0.23711471385323915,-0.9610162124326325,-0.06223701190027235,-0.1274748146421769,-0.014543272934902124,0.23576774180928586,0.42392220848099477,-0.13155670013043483,-0.8726532468902463,-0.04090231652414215,-0.3095709584522687,0.04000462121009174,0.03752113012863462,-0.03660874248641765,0.14621851913272987,0.610157057336879,0.14097784050584614,-0.7197553611842011,0.3837549373288664,-0.42721271512221054,0.5044265115670011,0.22727638803200134,0.2177382609995778,-0.7406644889977625,-0.1903544949192171,0.18104050015193796,0.661394656625685,-0.22662842103866412,-0.09719191114328081,-0.649993318681225,-0.38561110155913014,-0.23786425900755442,0.22840561026150608,-0.8078765108682393,0.308550246430927,0.26473588927320063,0.17672122667474097,0.3074826425633192,A
0.04112517399358649,-0.05019273024419896,-0.0812895013287246,-0.8376172983768477,-0.16666661356200987,-1.023903021416548,-0.11003117317452427,-0.08826145279487978,0.06814066019497937,0.24345081821929954,0.3888850603043231,-0.2213085564762374,-0.8477528615799803,-0.01912400605161335,-0.33486243745193406,0.058608056426657715,0.1014763117945093,-0.11270188455201874,0.09784450433731502,0.6004976834532865,0.22896948337737577,-0.7323185750438693,0.2939827374875841,-0.48037710433920366,0.48558834061245865,0.3058618624960509,0.19859529841360105,-0.7538387755354301,-0.16431600733259913,0.24364096197408633,0.7248032042397177,-0.28201536254547005,-0.0938580248592559,-0.7145422834279246,-0.46254536857829043,-0.21064028946356922,0.23367593636769404,-0.7982889790579666,0.2190700654063616,0.2000081705935841,0.19376750802973516,0.3548036668459122,A
-0.02600119458445893,-0.009929465608023033,-0.024705012785919536,-0.8495626542358996,-0.18230284836175267,-0.978096448855864,-0.05532905013271554,-0.04301300058944536,0.03778717275798417,0.24259723229997265,0.4609054766230979,-0.15823325040202754,-0.8852022705144685,0.002730275874035175,-0.2860759584022527,0.08538633323480666,0.04867844346348389,-0.03138002705453914,0.19129143959435152,0.5569286016038998,0.18082371791057028,-0.7219724652989692,0.4193023308230269,-0.4421911760157157,0.47314972015970097,0.26714399050268683,0.20019726138419727,-0.6907384269713551,-0.1890086031039198,0.18921777929912773,0.6985024883512947,-0.2689657105085095,-0.13407654314437462,-0.7201184960811546,-0.4594968584609974,-0.22702357857398697,0.23512048178184278,-0.8447566475662733,0.31393108648624696,0.21257101359971584,0.21985136580053513,0.3360321905810136,A
-0.055091866627853314,-0.007994922934773732,0.002558910731990771,-0.8740269660692402,-0.16015235480827378,-0.9572626277372416,-0.09630998571997275,-0.09771253579597272,0.055427703516748035,0.2630922579533073,0.4435770440605643,-0.19564088943348085,-0.9316581314100714,-0.00791928451259329,-0.29911692852974175,0.01848929083592407,0.07484784689065793,-0.03991916564372752,0.1313845692144541,0.5926318251157978,0.11930362934029834,-0.7562036897866886,0.33260923233868434,-0.425993821239615,0.4374803915752445,0.26704838453292146,0.27221545367517075,-0.713372120994009,-0.170113302660159,0.2494221593535556,0.7193584685171109,-0.2955272660734197,-0.16033025327521955,-0.7852481360780588,-0.4384399573548672,-0.22322473250337255,0.2159310446503663,-0.8249946073467294,0.2614344137608341,0.22089584091039047,0.1991046083810086,0.31223444117692045,A
-0.04644025261002385,0.007251371270027757,0.01628189949634181,-0.8424618270441697,-0.16022516352483998,-0.9906411067444679,-0.11940155015570413,-0.10548926512354474,0.018952017976555886,0.26499690005037135,0.3784097577368616,-0.19637199215148812,-0.8390124464905069,-0.0472310827444153,-0.2732300716515525,0.06192665436648429,0.09008379083159562,-0.028369966708134804,0.15826324558816715,0.5273845352808646,0.18170585062024908,-0.7587141827220023,0.32616143868764375,-0.42039449589696437,0.4764449180913741,0.31326058412533864,0.1965858812206968,-0.7135594136568375,-0.18749610972142378,0.22085263395062033,0.7168169073998183,-0.29331721540783856,-0.10952283530125709,-0.7008347233046058,-0.4526328303866885,-0.18799007517003646,0.30953112278033595,-0.8729815838796736,0.2757426711993932,0.2462861711462293,0.17021156861791548,0.33484395194662403,A
0.009069715527184049,-0.04767076546550931,-0.06652346756707622,-0.7972481489792281,-0.2760166229795059,-0.9867596492895929,-0.11677324310398843,-0.10476601356618633,0.011655290113058018,0.23251782403903104,0.44306726056139695,-0.16142380202453235,-0.8635775904113664,-0.019146272272850616,-0.29398674787007983,-0.0031019734226162138,0.09573488262466907,-0.0044481463083506576,0.11250411853519454,0.5516590361245852,0.21266437630978843,-0.7851674678766105,0.3643833958777277,-0.4485537076729187,0.5097670188609348,0.2929057159678757,0.22815920037003984,-0.7376514653988664,-0.12827559732656438,0.1881758196466967,0.7142911635001045,-0.2156858288373255,-0.07632077359329084,-0.7119913502854825,-0.5052508452582071,-0.20294359108133952,0.285351583164276,-0.8382961741427457,0.2884251106559509,0.2127173483603708,0.20542632989652032,0.36307667932112925,A
0.0076344004275166,0.06125810194513162,-0.019705844115868617,-0.8468135048003768,-0.23112093540541162,-0.9636386796161093,-0.14881368426546512,-0.13662299268146283,0.04675619517160998,0.257635776783338,0.4044452353810539,-0.15694562292711084,-0.8941850993321194,-0.057268773687808555,-0.3105253274860906,0.07045152409550487,0.11052507358636131,-0.028948484384205275,0.1721825907107159,0.5569469879208176,0.18431161108216235,-0.7539485689553675,0.42810271312296155,-0.4434055183076625,0.5336008808525515,0.27898263132729045,0.2015748093278338,-0.7481514254420755,-0.22587586962539688,0.25028517362904257,0.7068972395662585,-0.2345853042709435,-0.07238264634568733,-0.7078858029608561,-0.44728070137859394,-0.18707286530424952,0.19455756557510193,-0.8702632243875071,0.2345784411299185,0.2591684857147106,0.1978149756572919,0.34724384858745805,A
-0.0077558840560704705,-0.04732978277412703,-0.02301227642382051,-0.877420027473852,-0.2109003475445528,-0.9458865466276825,-0.11314748795690756,-0.09067092387321439,-0.01864757016358698,0.3177997023856565,0.4573385406258838,-0.15929429291938316,-0.8608861265940739,-0.036507169840457945,-0.2987553336342721,0.07635194160096684,0.08122968436865868,-0.026133848162018296,0.17486144938973952,0.5691390317512939,0.18122049053834388,-0.7910609482490507,0.39500443415001535,-0.384908348597829,0.493987586628335,0.3287373475918596,0.1815558465255903,-0.7460713350316973,-0.18436952019481315,0.2143591494393458,0.6908654478430906,-0.280792521275768,-0.06902634277296499,-0.7289437995268875,-0.39480653337555943,-0.1765673238390587,0.23913420009788025,-0.7991087834931663,0.32539247647708697,0.14319689803705715,0.2183681361870058,0.3281826698876995,A
0.005578279163855799,0.028215118462121824,-0.06730596427253259,-0.8852774067304272,-0.26982398983630473,-1.0008121640893641,-0.09119510836707624,-0.0897480186708381,0.05054575362301429,0.21625497003034172,0.4316737628689115,-0.13311940494376504,-0.8583201887668727,-0.009766243595419437,-0.35583025554419323,0.10253408495232452,0.08950322730185485,-0.03268082123901905,0.17425505352944226,0.5961102743156633,0.16274741145282165,-0.7358802512932184,0.386560072816147,-0.40654049869028674,0.5034088682869725,0.2508919756412223,0.18804428595468767,-0.7137334497453837,-0.23523855987120135,0.21534248206719644,0.680405686020612,-0.23686274032230756,-0.1461876925929176,-0.7147392246199554,-0.4532109546143637,-0.18402977878224763,0.261793347331994,-0.7844399206701835,0.28583743211272633,0.1886410834569275,0.2849823489593631,0.32115703274533614,A
0.008211336387770786,0.007267908618809127,-0.03837952676008287,-0.8761624866664347,-0.21513930145687699,-0.9189466061425791,-0.1720940769718209,-0.10392406518079844,-0.009601139468621497,0.2597152225849525,0.47836873798284213,-0.18656064107412615,-0.8870869656117606,-0.058760492936048375,-0.371820601359346,0.035697208492291854,0.08585032768421609,-0.036576992941343374,0.06247126857475892,0.5394136242701444,0.12341418290314277,-0.7377383035534645,0.38502356778377356,-0.46688174787801584,0.4585396025785826,0.26645160693657954,0.26538196489630345,-0.7508662555545832,-0.20094335579801068,0.18601486104982665,0.6469550168236878,-0.23400354494855005,-0.12882835501291431,-0.7156030232893154,-0.4390272471635545,-0.23875476923555117,0.2861608115486211,-0.8700166444895082,0.33297964304597694,0.2214829189257991,0.19600495474399657,0.34384686669863923,A
-0.01039147894259222,0.027954044341055785,-0.03975684997644247,-0.8293679653227166,-0.1970933122574117,-0.9788207942321485,-0.08288071137356609,-0.08935589011323873,0.06406480998708947,0.2190312361973372,0.48510569771893586,-0.2059238515316871,-0.9491247463375676,-0.07327656015692172,-0.31104396294539843,0.051679606427399855,0.09273998928200901,-0.014266645227765325,0.12480994054228076,0.6429077205838365,0.208266088581103,-0.7121761097098054,0.40542038564686717,-0.4785861355512379,0.4877834120239049,0.30603042460355195,0.23344372706582517,-0.7139153687837934,-0.17479626174775523,0.2226292465501511,0.7397543992710713,-0.2720986461459115,-0.10982873164308002,-0.7205417788622226,-0.44906111118353037,-0.2715901870161322,0.20692687338553872,-0.8284881598527595,0.2669948397166607,0.2119262365649737,0.172043803891487,0.3137396528730361,A
0.03256247267411631,-0.00895674088182941,-0.010048031060375828,-0.8137755020853246,-0.245907889927019,-0.9565103770834246,-0.1512095437870053,-0.1365105717211328,0.027398155593800363,0.2453056195188036,0.49253575655310317,-0.18761788861538245,-0.8836469175547411,-0.029397572406594148,-0.24728111633710226,0.08407242140560048,0.10380181177036255,-0.014051659346733008,0.17131903142335275,0.6234175878459797,0.19376035119305982,-0.7492931191301916,0.370448876316472,-0.42714893947916177,0.4713710596047883,0.26858443870973464,0.21452891107490102,-0.7545935909488946,-0.20568883862780765,0.2069324929974086,0.7120674839479163,-0.21662792252133595,-0.09953367734558687,-0.670648044092869,-0.3913188659492346,-0.2089810966469698,0.2543805840902274,-0.7928617704414964,0.2873664426972304,0.2487148070318136,0.21022037354102005,0.34383639981337966,A
-0.042493734123854245,6.371697026084348e-05,-0.027743503869078746,-0.8198982008224556,-0.25412124660320956,-0.9760459254005205,-0.14371382661062773,-0.11652854742390156,0.033524071030575156,0.2611136055933983,0.47124776440364347,-0.17604822044170787,-0.9084405748417282,-0.036512142046125746,-0.22497191185763898,0.0018458586427769694,0.05602921764160676,-0.032613396185043525,0.18203191093756796,0.6170808787296588,0.176551168148513,-0.7858162292617582,0.36087781597813084,-0.48497694561916027,0.4786638434018723,0.29749244358373933,0.20063316147087654,-0.7748115418504569,-0.21270080055203072,0.16179892662037415,0.7024415142903251,-0.1583508257379023,-0.12389799096382252,-0.716555731100746,-0.43799096528897785,-0.22593362546552204,0.199566938799274,-0.8339661544999123,0.30623979364394704,0.23193789448423693,0.20281379948758743,0.3461784709127741,A
0.051258563497381546,0.022085110325849228,-0.07953226670533523,-0.9072512172137753,-0.2806276867815083,-0.9475209123205041,-0.13455221812292217,-0.08034214517356907,0.010402414833806536,0.24169057878648456,0.4651670608606976,-0.20621618217834883,-0.8642303844047169,-0.05212388688469876,-0.32214781905666523,0.06843599147008239,0.11122436717753251,-0.024067614998810556,0.12774477585977376,0.5796522655168359,0.18857768277903444,-0.671719506506635,0.42180048486846766,-0.44604238324248546,0.44704212971223034,0.335716570523914,0.2224426327192724,-0.7533564935505462,-0.18433192384623653,0.17301400741111678,0.7342540377132301,-0.21140268986479985,-0.07463297274629449,-0.6701772913170518,-0.4541101251659416,-0.1645957997803959,0.27686580972430774,-0.7870456965318952,0.3052870092604614,0.22766807599008757,0.18041801145254588,0.3793722660380421,A
-0.0010995694201359333,0.03642608537816534,0.025346086705058675,-0.8234979211357322,-0.19304935182213243,-1.001660033711655,-0.13364043704496462,-0.06694423536491331,0.0075583546836497754,0.1898080492790129,0.3943110637613811,-0.18923045417067658,-0.8957926007673114,-0.002395555704704979,-0.33076135654505945,0.0851266786040978,0.05588310941155474,-0.07344684654578282,0.16498174119762476,0.5927685503623925,0.18529661707093203,-0.7755009170379079,0.3780575453162849,-0.4823492058505715,0.4009601216603919,0.3386591693113414,0.23581844436728538,-0.7394340421307152,-0.24880992419143844,0.1967528614024464,0.7174469143604618,-0.2672047374723012,-0.07399783549902465,-0.6850749646486621,-0.4721930141628813,-0.2392949583674799,0.2592827485654159,-0.7901675387543501,0.30237107493538007,0.272491147894665,0.22132404891908197,0.3265271447292196,A
0.022933919793213967,0.03704349696297736,-0.028371392538334893,-0.8498074914741771,-0.19924820700738352,-0.9707070027825301,-0.12645596974859852,-0.10124936511583386,0.014473032096258352,0.2274735346237021,0.41875185923378483,-0.15276060477516862,-0.8824989846440161,-0.011016067708246736,-0.286619062974037,0.01673840461275947,0.1319568929925731,-0.04462340002529715,0.14999400185783143,0.5976089060623976,0.17492750101382176,-0.6622110550335621,0.3853602720106747,-0.44657130832506525,0.5237572200850797,0.2349133917111948,0.18996157376413805,-0.7559922305672709,-0.1882607958072678,0.22088068896505633,0.7170544549733594,-0.2408823561814708,-0.10193821415398703,-0.7057581893114231,-0.405810652376575,-0.23977842706078895,0.15647451255071085,-0.7931761256141908,0.26975291617114794,0.2734507094430676,0.23887338917049641,0.34137693597519914,A
-0.014602509371731808,0.020275127475620568,-0.060886354767915984,-0.8489614990202186,-0.2380852483936319,-0.9658172441593802,-0.11934517811330964,-0.0748729144582605,0.03762656655463329,0.2147734237453347,0.4307122744421387,-0.2208318637341543,-0.9474821348339811,-0.004348498890899961,-0.3117723034626026,0.0072829190364255,0.10559469576785023,-0.05951165093880803,0.15874897170458815,0.5524081633459219,0.18737911600221294,-0.7375896150272087,0.38245760976834947,-0.44483469612092486,0.4742293069589542,0.24015749207255793,0.2726571726068368,-0.726879489730989,-0.13690755805290342,0.20251164082970724,0.6724883544396995,-0.26814432663509014,-0.12214987217222804,-0.707449256126477,-0.3886513550776314,-0.21709200933614525,0.21490052343389343,-0.7940082807099427,0.23208923013779376,0.22071556603764672,0.21184556790120504,0.3367130050350364,A
0.010466200783595565,0.05963212078232262,-0.07553697141845855,-0.870081261551671,-0.21001297571900682,-0.9668001440751701,-0.10128145140948425,-0.14704801610600723,0.08947820256535485,0.2435947615708294,0.39667190503873456,-0.16439191782257476,-0.9220144102600586,-0.004457963717168584,-0.3405554459947412,0.07398473763766851,0.05563814228785195,-0.06709767025005726,0.1649582996018344,0.5728246422604591,0.1512738516658222,-0.7861260659479088,0.35757284657924376,-0.40548906973614696,0.5231666335808428,0.30864531103058096,0.2249656884372222,-0.7899772203325629,-0.188994920298906,0.1909462685476337,0.6586634522177099,-0.2915612502343543,-0.1007959311239467,-0.7206721094672239,-0.48874921869771193,-0.21050915638609616,0.24172767535640527,-0.8356259381957661,0.2433863593209167,0.19432457566188094,0.23412776323512627,0.2613768589757917,A
-0.00804082529004294,-0.0034545039890922853,-0.07167069374600829,-0.8794948334095372,-0.19879361383587738,-0.9441913085900722,-0.1086587174954205,-0.12119457727173358,0.02742450772790445,0.2421804887931681,0.4407786141365097,-0.1697904780658605,-0.8995223973352595,-0.12687105714969768,-0.30689021464965416,0.06435122762268519,0.0931813067061852,-0.027557843691957996,0.15268810743178593,0.5853847942241567,0.1730318658840606,-0.6819245660102591,0.39273402183305206,-0.41070523830424116,0.4729596766779187,0.24386693149905317,0.24119115600396554,-0.7121044191877464,-0.17715460550945697,0.2091793666881209,0.7203618326010757,-0.2603310937928371,-0.09899697703990464,-0.7290889154494403,-0.5017997897549608,-0.2274554035611793,0.23727435005840392,-0.8244505681978016,0.2752569130359753,0.18304828006300145,0.21665203538139802,0.2926144287849625,A
0.014897280626766936,-0.04244283367745448,-0.07415617385484186,-0.8799456478713299,-0.21108256949296395,-0.9874482084856611,-0.09907747584984042,-0.0706807545569415,0.07744627677070187,0.23698374913662104,0.41107633469709604,-0.14519421887936046,-0.8435730002058363,-0.03412717461580689,-0.26152848996015704,0.053802109206886106,0.04248605601597997,-0.05679795690581593,0.14567307499781884,0.5802638913186579,0.13990295264601188,-0.7691719237558176,0.4078435810124344,-0.4841049376134405,0.44509467549777315,0.30245000251615467,0.18769733381733802,-0.727311929255329,-0.20017391266167694,0.22361783041386,0.6728457309800188,-0.3091540536594387,-0.13286810791851209,-0.7575971727859315,-0.44650423981374404,-0.2255212314501822,0.19930269258240346,-0.77123746335308,0.2879007038215231,0.17584413068814267,0.20614473528956506,0.3194239613841668,A
-0.06205403953943619,0.010429552850925198,-0.020409432043090942,-0.8634361010744729,-0.23705837179537692,-0.9903077161750198,-0.10025466989486533,-0.11237733747898265,0.017757087072871786,0.2057664224960925,0.5053747324133536,-0.19051941792539026,-0.867896097846645,-0.024367929014161595,-0.377876694257095,0.03268216047252891,0.057672285301713734,-0.008565852896141247,0.12283662350091606,0.6060189724915394,0.1978014436024636,-0.73181904768301,0.36757886974265574,-0.4438817947774613,0.46311045374378346,0.2436155741558952,0.20975811415564463,-0.7077774507579567,-0.2143040533088456,0.2110463074539931,0.7008804704677019,-0.24401869424805667,-0.13692827317660874,-0.7492082674691308,-0.4781053249992963,-0.2609717626523287,0.2563254405084262,-0.803468680485044,0.2792530783255718,0.20101880178878406,0.2027319320846045,0.322857425294849,A
-0.015638036846570887,-0.01449583398377355,-0.009709412802979045,-0.8882751804383013,-0.19851045909927859,-1.0220454914369983,-0.06358497708199246,-0.1765814463352708,0.03800750773600307,0.2102880802311175,0.4391240354792036,-0.18678751086271075,-0.8707451260730478,-0.09117908910992029,-0.3020114156511611,0.04935953071711267,0.07242245967417867,-0.04119959219175845,0.1409042109628295,0.607817553155663,0.17882524926908758,-0.7337217778889786,0.38733719545352624,-0.3945888524765676,0.4370702574466307,0.3504825058017948,0.21621553385375125,-0.7543564530320984,-0.11914423094425931,0.19804314635184112,0.6676516989922527,-0.2686927416488852,-0.13757089615532692,-0.6714037640687832,-0.44788187831545884,-0.18841752008591645,0.23495126811888695,-0.7804145254352673,0.2700120006594966,0.21577996700758156,0.18693355700316738,0.31109139683278386,A
0.015754724962839917,0.02185969050272362,0.0020008345480204484,-0.8538724994858062,-0.23620952962357486,-0.9616767791384321,-0.12588406206063385,-0.1241153218468439,0.033753616201564085,0.21829427835430656,0.43544896443456216,-0.16456040154073626,-0.8796102014158557,0.02768401569757631,-0.2734330525467002,0.020782863381612796,0.08026870396651066,-0.07905274319313264,0.1316383240440355,0.6290410604896024,0.15957380695870318,-0.7818144570657565,0.3090493026923445,-0.47615514875904497,0.4427395108753431,0.28393008587096036,0.1925255280696523,-0.718367625326561,-0.2162072714142569,0.24728837333226739,0.699894013380949,-0.23964903368850407,-0.13644111685452504,-0.6734437755271458,-0.4843151253219453,-0.22843866476869787,0.2039581727634382,-0.7801203590871799,0.27257675803332637,0.19347901958505292,0.2017017978302213,0.32887249959720233,A
-0.03231150472634851,0.004786948560758217,-0.05307704897011893,-0.8659263885919326,-0.26628664628869014,-0.9469353241424313,-0.12588223630299686,-0.19293445538704762,0.034726452358634044,0.24147664434588725,0.472122494867822,-0.17033411125351333,-0.8847611267036165,-0.046938070909354423,-0.3156071660428162,0.06407870407314244,0.08755819074060989,-0.08098628961973177,0.15050222438295627,0.5895469565003486,0.10818715884895497,-0.7178280115613809,0.36748482758004114,-0.4728883693025418,0.4578922923337835,0.28075013419702455,0.2328001478631821,-0.7118072370126687,-0.15578985679271307,0.22177139313683347,0.6843802790617888,-0.28061455099080573,-0.1418566068430171,-0.7059279092390205,-0.44525246293796517,-0.16055118363447837,0.22541326441449092,-0.8761108803745372,0.2439096834580719,0.1926574852181994,0.17829276650076173,0.23954042503679038,A
0.04708382039322505,-0.06547655151650394,-0.06620641151483869,-0.8309987903799834,-0.21060627659463424,-1.0176821660226614,-0.07561609463604302,-0.07306051959629982,0.018603347754259182,0.23086652241841316,0.4167232125060569,-0.17515855249163478,-0.8821286862152686,-0.046933427319136564,-0.281721278346835,0.05374850602768312,0.18866076211763957,-0.06491771776563027,0.20081517196226825,0.565604890220031,0.18373008895688414,-0.8182141168383605,0.3520949534705577,-0.41784246983622686,0.4740128356301812,0.22366450798842277,0.19206515386123768,-0.6950205545729555,-0.15726402654116145,0.23930862349849946,0.7745504556710385,-0.3057451218145114,-0.1326677670431537,-0.7030196863668352,-0.466433811900785,-0.1876741371243995,0.27207309229874566,-0.8120886855286638,0.2135699481764507,0.24223797190233726,0.20714417328567888,0.2583344106541739,A
-0.01846506731327898,-0.052070996836302216,-0.05762890837049281,-0.8658686529015645,-0.27405088313409687,-0.9660605729280789,-0.14429888541479324,-0.06517242188254938,0.02909170766528254,0.2222244789991964,0.4817567824702991,-0.1749238097095499,-0.8785155610629427,-0.03428232743657932,-0.3104979276623282,0.05592860847614585,0.1379821667018235,-0.14045577258221273,0.21687648979130553,0.5609328327976211,0.17367931977698126,-0.791742161841228,0.41220868964361557,-0.47348742229131796,0.5004854082153425,0.276583180621111,0.19954047661469732,-0.7770980927548338,-0.1515573322481653,0.20607070941785793,0.7255145262883722,-0.3153863868918009,-0.14757258254444858,-0.696430705580715,-0.49183438308012367,-0.18058245387512742,0.2131877505530709,-0.8387294398687324,0.29507147808862044,0.22705375417096962,0.17387375707054994,0.35740676420153766,A
0.01516395082105609,-0.06043472999830379,-0.05808943027201318,-0.8395532280825548,-0.23163151425439238,-1.0732952049449374,-0.10991294999160182,-0.08216693684133966,0.021603127927072373,0.23171336536505824,0.4747318046508147,-0.23025820151816984,-0.8668211421441349,-0.022144073163850628,-0.3497971892114096,0.06473503008951303,0.14644746824657565,-0.02785319455735142,0.1774621358792983,0.5592128502739084,0.14934873041430136,-0.7707683796338315,0.37934034243212394,-0.44754364352222525,0.44942469680265,0.3049309070404327,0.25451369830080095,-0.7419517651206543,-0.2353801304595921,0.21169979566921435,0.7097311800638195,-0.22845574988710526,-0.13054083019924936,-0.6775216278319285,-0.42266903400539374,-0.2003625668744062,0.257652855732978,-0.7874929774788925,0.2469555090148231,0.2507413781656041,0.20399466335679048,0.3162888779107818,A
-0.003238458737904864,0.03723623033752743,-0.011840568611672146,-0.8364608281745721,-0.22020879991423822,-0.976720606342106,-0.03086437640538739,-0.12543706255060258,0.010630378860455196,0.23912216503146747,0.4169341752791245,-0.15126842741695024,-0.9330540795753368,-0.05374785716993,-0.31313990230291,0.013663059861064662,0.12349081308052924,-0.07731758685678922,0.13193248988599052,0.570867851945313,0.1931965299923912,-0.696657147821988,0.38313734661441046,-0.47141528431064256,0.4482098376212336,0.3309809757505347,0.20528768598810795,-0.7826962431782942,-0.1223113347090394,0.19340117249212288,0.7018383954872935,-0.27394033516342126,-0.14950250260802256,-0.6650724123181385,-0.4386113955640613,-0.1819609272059528,0.19465806348603543,-0.8243766685519178,0.2610283623497438,0.1971610976481893,0.221613329425972,0.31357659339836425,A
0.02077901274633184,0.02162210823806044,-0.06204448160358957,-0.8371319320509576,-0.24216240833067756,-0.9972289601535292,-0.14362623811315733,-0.10231428561205906,0.0017860794631906277,0.2713933473915384,0.49291424095743697,-0.16848336725704216,-0.8816083243040698,-0.03177460616396774,-0.22987569988148382,0.10267603699619021,0.0861240111170219,-0.04383477424339176,0.17063599367913668,0.5557864642374459,0.11390977611906167,-0.7803700176833631,0.3584145898674233,-0.46035336520155223,0.5104612086412528,0.23974084541267612,0.16435787888216244,-0.7943548040490779,-0.20749166632552993,0.19854508883609975,0.7015975495695215,-0.2544419853660879,-0.13948902250397016,-0.7355255826158645,-0.4319325210386526,-0.21841120373250666,0.2564786920620822,-0.8598706622280132,0.25724426087597263,0.2831978969369443,0.27295189261661607,0.2828806359112655,A
0.03622357901636692,0.04840627877030132,-0.01710057143260342,-0.8527553609690959,-0.2861945397054346,-0.971050448525813,-0.09947328891498941,-0.09774099119036431,0.038354532269333164,0.2056859963153317,0.42962011256436294,-0.25455421198497197,-0.8622070184899996,-0.05926182609251146,-0.30856027375330614,0.05139813304496643,0.07544431947059485,-0.0700433886513602,0.16850354438729334,0.5376703864855646,0.1909121776012414,-0.7204179934564833,0.3509739098802929,-0.4468253145548325,0.4371826382126355,0.27235272488670287,0.19839688244644915,-0.7488761679711204,-0.14467239845572308,0.1580230887136296,0.6767436824685544,-0.23145532447509054,-0.059188218797009695,-0.7298723229104421,-0.41413431623633706,-0.2259237933174481,0.22136332101032843,-0.8150935353836192,0.2589736856862215,0.20935367267876365,0.16668601496313118,0.3439413390845172,A
-0.026941399824905225,-0.019915425236845846,-0.07245241114131942,-0.8726138460554435,-0.22396071382338498,-0.9717094601866819,-0.0362602318724141,-0.11224589169303589,0.02103308113055974,0.2701588164318598,0.450881241879236,-0.18569277511856677,-0.8929204212296799,-0.026512370806114623,-0.27184437996199134,0.08416357149465145,0.12320765524964802,-0.023861513287514208,0.16715086817686092,0.6523191286247347,0.1536727264672163,-0.719284230361148,0.40269195815418907,-0.40067528354387316,0.443943699747143,0.36827226003600716,0.25453802973707834,-0.7075226290406014,-0.2183252689038044,0.239887898602824,0.634641414971831,-0.2603643739317861,-0.11763528364039606,-0.717428010364744,-0.396999138687231,-0.1883075017722229,0.20420711273566433,-0.7928044863189958,0.2916416595767198,0.16933420029625068,0.24773261335051155,0.32675117617182553,A
0.029557677323279186,0.012315779516499252,-0.0590998988160334,-0.8380232596795644,-0.23131919095295606,-0.9648678168865301,-0.09378049821359288,-0.1004860873500997,0.03799915071504616,0.21888650787716896,0.42699168215149846,-0.159485989111719,-0.8454080923818611,-0.04785687369053143,-0.29163260954671727,0.001530922454670458,0.14640301404358808,-0.0034871486338469773,0.1433138936902404,0.5805873993879318,0.20418456250110203,-0.7349535668089366,0.3864493120967185,-0.4615906467686247,0.48412286517513736,0.279360957994082,0.21338729030880976,-0.7512474353403553,-0.19446158685132597,0.2136110871813901,0.6864303501008779,-0.18534890774256713,-0.15247884275833617,-0.6889562500123182,-0.4354162327633919,-0.16859258686332443,0.1580269992301176,-0.8660065925284204,0.2632356591334613,0.24953807029492647,0.19967293837547803,0.31456836231307356,A
0.0004736223887962075,-0.02523021920508002,-0.034892317637554016,-0.84499090585156,-0.2132243361249344,-0.928106296864866,-0.11872363686442866,-0.10158819589924026,-0.005517334708748066,0.19246875707026678,0.44391223193002294,-0.17964347217578341,-0.8682316288913734,-0.01507131767041861,-0.2934569807406437,0.09434936439532833,0.08289910149932787,-0.043557010413714035,0.16932550670792673,0.5556572388568917,0.1885451247643778,-0.7380879142525615,0.370172225540762,-0.4157204994205775,0.47809271661800345,0.2961497233400136,0.1927313871578893,-0.6922378585497349,-0.23199701509402232,0.18992735614370573,0.6874093111723526,-0.2750183143731936,-0.17323332867528674,-0.6546302179455414,-0.4252231657197227,-0.21036062059794025,0.2539589541277648,-0.8202141558437068,0.27095920351132247,0.1931281575552916,0.2081111779727543,0.30474330870647015,A
-0.02916554483035406,0.028667816705112006,-0.07366225104464465,-0.808614507652867,-0.24973604530731608,-1.018680513882631,-0.09606664559609954,-0.11829672017520833,-0.023378709451515607,0.23769031633700863,0.4049574218902784,-0.2424066361440887,-0.8686025698184096,0.012337961468728648,-0.31292872605807304,0.08015230982553567,0.11632282035039729,-0.01785079423491517,0.15573691472879708,0.5732903815881778,0.17823033359891002,-0.7207908167647424,0.32964676282761357,-0.44173322474263504,0.461135480961879,0.27535274233424223,0.1841686203767935,-0.7793009986316318,-0.19726021594713944,0.20216310708602026,0.6898015288688771,-0.23391805624257775,-0.16189395391324207,-0.695540081314108,-0.4983101319766168,-0.19340754574747349,0.16537564825695872,-0.8420941273691421,0.27903071783029515,0.17918037667455944,0.16503787327064612,0.3531693466413658,A
-0.04786729297751317,-0.0035650459835137502,-0.0047128639331687205,-0.846478019038963,-0.22742818257627448,-0.9949980535362857,-0.13312213557382074,-0.10992670008561742,-0.03585072422794263,0.2604306469408432,0.45036180806470844,-0.235164745763177,-0.858132934617111,-0.011954581995311266,-0.28791495194271965,0.11089104513048113,0.09515162695918364,0.008036931483741488,0.16159337779258873,0.6047471504029318,0.15130639515720112,-0.7967909409346761,0.3126680214029807,-0.43453789704586965,0.4596978035356761,0.2484194260014839,0.19610682933418358,-0.7258180170161203,-0.14940478906475502,0.18973050700210328,0.715771854956068,-0.2012211571845547,-0.09833525716670925,-0.7270358267011392,-0.44145629003383735,-0.18587695882833893,0.2521675067328182,-0.8142265280637057,0.2941980708501779,0.2525213142099419,0.1760393292981926,0.2840943715410641,A
0.01826479494623576,-0.004598292186927191,-0.023100766587360346,-0.8181204524101433,-0.2838084759623032,-0.9987027131063316,-0.11557258604021141,-0.13560476406067296,0.009856902894702726,0.1916886219422915,0.4309768669449695,-0.21171202788020008,-0.878574944754679,-0.005259282271552892,-0.2888252570191057,0.12173551303617908,0.12042745421205134,-0.010827411464534722,0.15836495797113198,0.5819686406272381,0.20609990080770468,-0.7478221659009101,0.36851319890946754,-0.4371699973843644,0.48301424185926695,0.3105643710461556,0.23635164587494903,-0.7484346541820238,-0.1826675671321783,0.22043574494505247,0.747910431367264,-0.3069825557756258,-0.12049197831683289,-0.7232439373928696,-0.4604740799451692,-0.21693485104360463,0.24921732662158028,-0.8889205088554915,0.2755354920953942,0.16728443067340434,0.1868187576285626,0.3173002148314205,A
-0.012169252264516576,0.020434441849946333,-0.01150414248051241,-0.7920058928329784,-0.22852193007356963,-0.9387591176999296,-0.06789988711291531,-0.11918140111497627,0.061038645352868064,0.1647784002478002,0.45306587166054896,-0.1345672351149193,-0.8859341713543457,-0.03804357172007564,-0.3069503918524197,0.08785708143183737,0.04451116348195216,-0.049597998188899796,0.18609754690417435,0.6007111003929517,0.20351277198382137,-0.7197634129257383,0.35330925895473664,-0.41456054430901634,0.4272279577160758,0.2233028266963213,0.1860765432027117,-0.7369252346547586,-0.212481220608878,0.2157261795605494,0.7057401753159542,-0.30920133198149824,-0.13702571742045944,-0.675720742951847,-0.42990279123160885,-0.21231378342764684,0.25161075806885674,-0.762743174137066,0.2669554439563516,0.24417379285622012,0.22510205456928514,0.30939098214421445,A
-0.03398393403777196,0.04951999588240571,-0.0163353562967107,-0.8590919491504025,-0.19189023583836562,-0.956945902698031,-0.07563190978973311,-0.15866869571678988,0.011797098177814495,0.27725213638340146,0.5236940920235001,-0.1944242960084718,-0.9011291743597646,-0.011840027675358824,-0.29075980538048424,0.05980160214431526,0.027393006514170953,-0.045030132736200934,0.1849885090932169,0.520543062251879,0.11938452590751165,-0.7934483466898475,0.38698729528430376,-0.4598928943541491,0.43078669025846816,0.2854679759570872,0.16720466135219728,-0.7257741770404438,-0.11571455493338548,0.19943380741239736,0.6456935483862282,-0.2669848948192596,-0.10613649089829028,-0.6922512484253033,-0.4193450793183191,-0.20923399498148698,0.22464266594355303,-0.888956772639794,0.2981106980326089,0.18262564478288085,0.2135957287592552,0.2975753209644813,A
-0.002606017175811998,0.028752820989828495,-0.06210962309110159,-0.8729404254707841,-0.22821908433355237,-0.9928662151254926,-0.14007277392304388,-0.048895777768352085,-0.031599506419660923,0.24966472284041735,0.44006670465748354,-0.20750611763838228,-0.8784916367805525,-0.031299740594346905,-0.26147171637581473,0.009768089308423399,0.07677736267145996,-0.007519832561428963,0.1546791810294571,0.6075769598678882,0.2043507621739607,-0.7233655143322314,0.34913159998697024,-0.44253423172395007,0.5035140381258176,0.28847489421357514,0.19831008809767212,-0.7278137866740687,-0.22665920510925722,0.20339218235775952,0.7016282820478835,-0.2562445147652373,-0.13266336748727334,-0.7132158871677935,-0.44791726107875673,-0.1476118264934425,0.16695082409017992,-0.7944292153034598,0.27708620050771693,0.2200766857227545,0.19540810319468105,0.3387667472495462,A
0.0285062109238329,-0.05688590838154012,0.013824088252465248,-0.846427026562605,-0.22500590412386798,-1.0154181343998008,-0.12894838430516062,-0.06412144960763491,0.026106142224512907,0.24252171839684084,0.4302989518441709,-0.123608059022878,-0.8935114918093483,0.0015834387911494302,-0.3056257391341006,0.05422924654642983,0.10282752871008499,-0.010130871524877363,0.18299116708032342,0.5769522958174538,0.20267783051679833,-0.7699354223421465,0.33195920418969077,-0.44074702494680307,0.4786175384049343,0.2531507848122533,0.20208692010839077,-0.7808650197909021,-0.1962192098145579,0.23964987140093025,0.6786765312842503,-0.29004800993780316,-0.10947659667940268,-0.7275796160509537,-0.3718126511140982,-0.18566054229420137,0.2637825041443225,-0.8548386398432273,0.29341021858509814,0.19174789523431607,0.20222070916914592,0.3011443907138229,A
0.031191152540421367,0.009634548408708648,-0.04547178847868061,-0.8099188214239301,-0.2278205230113693,-0.942680052815135,-0.057800405193367106,-0.1006889947527513,0.03183189036480993,0.25868537725133783,0.4872373712926913,-0.1788849424364366,-0.9080366899692071,-0.006334849423007244,-0.28393740001831175,0.06951178039107118,0.1132237853970981,-0.03166491000331355,0.16876580093371543,0.6122417195523805,0.1244208520874531,-0.7003408538583298,0.3809649272079843,-0.4573885458856748,0.4723689216698777,0.32337623450842456,0.21313012337347176,-0.7612837802029282,-0.22636713419273088,0.28444156367349305,0.6518168751545408,-0.2432906215707724,-0.13843121017564458,-0.67267867456542,-0.48098745463275727,-0.14316904121596502,0.22929183499341438,-0.8220027118864296,0.2702912189060281,0.2041529215382054,0.19653292256098723,0.34526313216683846,A
-0.051651880659184315,-0.0224694713102476,-0.00413991536197135,-0.8534636139285505,-0.24546944797093842,-1.0118352231116394,-0.14692527189158475,-0.07542733358325,-0.0006326727014564944,0.2541849916292951,0.4147192618907276,-0.18650345995061218,-0.8909862998945799,-0.05494155894745678,-0.2987789093836018,-0.019673852352210655,0.08960617096848497,-0.024512936499243472,0.13577975563783193,0.5975644131835265,0.17251099813908186,-0.7344218008228752,0.32712103010518556,-0.42914935449948644,0.41514713491622746,0.26493529108926944,0.2043060224673439,-0.7330717815237822,-0.22441146568471923,0.20196966085857707,0.7278207581758542,-0.282788695917498,-0.18544444308902835,-0.6880648489860299,-0.47276445368445996,-0.21059299391382932,0.23696174688062735,-0.8130806424866198,0.3103353584462672,0.21467542731405648,0.20964311631049745,0.2729252525785657,A
0.018846438348963598,-0.020741516940057082,0.04793792179913373,-0.8571588241120884,-0.21556463312380997,-0.9544604274557726,-0.11447850056072906,-0.09179065291472494,0.09170927902259994,0.20743639368146446,0.3768366418591976,-0.2218179255690727,-0.8589958185547136,-0.046703615729919275,-0.23113026817976776,0.06561655210462934,0.07267077132224525,-0.06122341871081524,0.14744001302864548,0.5292399536742297,0.176239002303885,-0.7194255722226116,0.3384456787772905,-0.478551801337143,0.4394988353408127,0.313735350235076,0.2285184513438272,-0.7328619719638702,-0.13887626525727464,0.15982213168020734,0.6977330054101861,-0.23659153915488876,-0.09714226931418188,-0.6798392302927421,-0.42278069440135213,-0.15183537772865607,0.25587874072499245,-0.8500308356421632,0.26604404856778474,0.17107322027425814,0.2374833921735365,0.359550022273959,A
-0.03661111325186246,-0.011399098776421432,-0.10165684866748025,-0.854381128475189,-0.25310637083071086,-1.0086229376027014,-0.11256126903175066,-0.048438001323540314,0.04789932146327669,0.2224969261274112,0.44267754472357324,-0.1263813547760404,-0.8511544880453462,-0.04165178704344991,-0.28605230856634234,0.013845408051471896,0.09300429133141447,-0.014941498463088742,0.19143856172900628,0.5719703439206972,0.19795937208757902,-0.7357780482986949,0.35880968017808423,-0.3747260638677403,0.45600535990623325,0.25057959127233453,0.1842488158869764,-0.7175522213575363,-0.21773353275823593,0.235375677142467,0.6783798513892684,-0.25565021096814705,-0.05453093173738477,-0.7304268846271752,-0.5050999142050357,-0.1503954892824636,0.19103422669429987,-0.8397706227556232,0.3015511419510199,0.2425911599433695,0.13637489449268544,0.3134197666456228,A
0.025565792181470738,0.06085546230167831,-0.08615920981138894,-0.8187065217185349,-0.24815626786459505,-0.9423428996001186,-0.14302858748122538,-0.1117945120441738,0.03566803916612403,0.2586763041015903,0.46124394882124703,-0.1956079815246038,-0.9039815990952239,0.02103756135485669,-0.29277169774455625,0.029538921961317625,0.1084031612128106,-0.019182994763345954,0.12022545842595267,0.6057625953166933,0.12271429792549751,-0.7595768595651767,0.3378770891586339,-0.4358797409509067,0.4537025029214149,0.27781383942176524,0.14757715227061372,-0.7416057534102998,-0.22117099505259533,0.2790001507226884,0.6919951560311257,-0.26113236637602655,-0.09998393703163577,-0.6642770673032076,-0.4798267469843469,-0.17422876329981835,0.2620317890193203,-0.8098585832417948,0.2846279176097196,0.20657246270766075,0.19792857848608594,0.3204793322895079,A
-0.01277757353937156,0.026642259934224935,-0.07514951786573021,-0.8250863981086949,-0.18846249457211314,-0.9624967997779791,-0.16550290221596398,-0.08652754767383639,0.004734364444227732,0.21421921540368838,0.454993511919932,-0.14956888102719562,-0.9387549448409885,-0.0306047086364895,-0.2413352221816309,0.010833726162143932,0.08624929228490769,-0.05634765844227105,0.18192778447117153,0.5536600445655273,0.1207921951819638,-0.7152701721317701,0.3746253105536181,-0.467590328659895,0.46476133062427355,0.24536354738220417,0.23209033291053768,-0.7309734821811152,-0.2095722025474018,0.1930901406446741,0.69020854032117,-0.28564830626996085,-0.0806357971402698,-0.6690575878842806,-0.4565361138148932,-0.20085542072932602,0.1993557888170262,-0.820216936675849,0.2943665313313556,0.2573665216750793,0.1807100447282899,0.2731702881445126,A
-0.030214437762662187,0.016686440625161978,-0.050299369868006545,-0.8209791865314924,-0.2270488308580764,-0.925120474934482,-0.1593880557079565,-0.17960491989553237,0.06464251927842865,0.20617537445388884,0.4482624248815656,-0.17869937599726066,-0.8791091398093935,-0.04654360069192913,-0.3296436122752615,0.012847006548420893,0.1103714536884942,-0.014722945189784543,0.15332534058033134,0.5732703888345638,0.1849668017869792,-0.7846799402504355,0.42595650493770726,-0.4184332116992671,0.4620312506178635,0.3087155731014027,0.2233417297485747,-0.7322704528435641,-0.24484002476569958,0.22282327048685185,0.7476609268980073,-0.27005458904343893,-0.09207587173863098,-0.6784808146596087,-0.43567599962735454,-0.1863152137477887,0.24983905278054874,-0.80292344307172,0.33641497052379005,0.25093338657504366,0.22880732656469868,0.355428315934806,A
0.02123393541557029,-0.06242450720800521,-0.052496712143099575,-0.8693377580283181,-0.21845740032769997,-0.9902929866667843,-0.09408474761143212,-0.11752700479208064,0.07497634156948015,0.2795510813180117,0.4007325889973429,-0.17304493360231088,-0.9027700477761043,-0.024771464729457217,-0.28348693525008717,0.005440602569661154,0.06305337812577214,-0.063342876626786,0.14428549637713234,0.5755067222446447,0.19180963461800718,-0.7335565245727882,0.3413309032213647,-0.4415932664072853,0.39572535266512543,0.344409971267458,0.20496389089985692,-0.7095439914364743,-0.16433722884506705,0.20941273501646543,0.6325270349882683,-0.27013592502074535,-0.11022690223482591,-0.702136599832561,-0.4132869823578187,-0.19147899923964556,0.2883056481028638,-0.8471877390828094,0.29521955965757285,0.19106271370969757,0.2350164345770296,0.30111945449747235,A
-0.05269733597962308,-0.04458947625793872,-0.06315609786338489,-0.8039915777429052,-0.20605475141568366,-0.9601851015239677,-0.11377026318170368,-0.13868292940600369,-0.0039383221815310135,0.2134964358465219,0.42486390993555745,-0.2024341698452879,-0.9174560697410687,-0.03214945030122325,-0.3236253030766957,0.07775221673265749,0.12590874767394786,-0.019837299063698806,0.17539547092936883,0.5446083268722175,0.2366314363748128,-0.7486790590124609,0.39127696985838356,-0.40701538527265363,0.43557929118109273,0.2649830977349071,0.21635912211632627,-0.7857042967316477,-0.19081361520728357,0.13864169050637093,0.704288383668415,-0.21214197586971875,-0.12090749956387577,-0.747849507135071,-0.4610841392589056,-0.17296666885505524,0.23804749702295977,-0.8018404223163725,0.274521347555397,0.19895796613752065,0.21135660185588634,0.3257507917590889,A
0.030815185847379082,-0.014096161609953847,-0.047531827395225594,-0.8551072286289003,-0.16007757120122446,-0.996181564966764,-0.12335704603183834,-0.1336164229187482,0.06316089419576632,0.27138762788958476,0.43762775803282256,-0.14716326363889404,-0.8790706154412179,-0.011271267102594448,-0.330933225324167,0.0486444852079724,0.148432661820775,0.006455672687553905,0.18498702934529113,0.6197062651872659,0.24089692747187524,-0.7166582797416059,0.3476150660756089,-0.39561415480277595,0.46458629677627467,0.2984818045369356,0.20797663701019453,-0.7605856656818863,-0.17887734089417465,0.23950100423511306,0.7261470220536406,-0.23900011183826278,-0.12685464924812703,-0.7537208948536028,-0.44592006976087245,-0.17479149611268746,0.16827931506002333,-0.8174085283830345,0.27684462029451246,0.19449072737770295,0.2304064564913982,0.35203826769827407,A
0.05442417669707636,-0.0008459426960811967,-0.010248740270338112,-0.8753283074293018,-0.23943219688201287,-0.9532072225192737,-0.13149933092385765,-0.10975874575261126,0.04923252536687138,0.22986755875977613,0.41654555739053717,-0.20041764644064078,-0.8971155644228945,-0.014705431740228616,-0.3108353143993439,-0.02966766001414771,0.11584976733077858,-0.018504584213214003,0.12886177483525227,0.5571752510496227,0.2084394680946475,-0.7474491678574464,0.3900728331665816,-0.4528236212939651,0.4864737701114457,0.2561329427034745,0.21709037025904082,-0.7286152247224005,-0.25007017635418194,0.21421408860514551,0.682425919668404,-0.22060786927221698,-0.11377946852647762,-0.7113708844126339,-0.39893262034772975,-0.24851666541188935,0.2908624601598818,-0.7591348827746331,0.26799848159767625,0.2485826573961877,0.22215488617595058,0.24915683020183457,A
-0.0033456782573579916,-0.03795142140947952,-0.0896808569024666,-0.8593447862677539,-0.23585005622615654,-0.937117156398016,-0.1343931216318885,-0.11673794830754788,0.0650658730562624,0.2245379266880638,0.4287404013304688,-0.15702539878632715,-0.8729946967982458,-0.029334016050696975,-0.27336606459453816,0.006372998623537643,0.07480503743226816,0.02208220438726914,0.06979432317515498,0.5709897980587542,0.13240356624459831,-0.7381007177819288,0.38561373142893024,-0.39879562601171253,0.45450398580790485,0.25613494727146147,0.16088372667555317,-0.7378843373980917,-0.12431340283665193,0.19286385839304718,0.7018309367889602,-0.2493122687829643,-0.13352075320312173,-0.6612544688477728,-0.40821855843283594,-0.16687214488172755,0.26185970838779554,-0.8359554397039733,0.24525216778089629,0.20161058043556102,0.2160063536018032,0.31397529218537407,A
0.017072743414113144,0.003246581224269715,-0.08917370271324702,-0.8135273489515182,-0.24363616495369456,-0.9500025940614437,-0.13724648545029447,-0.13132480380923245,-0.003824289838466218,0.18709364198996614,0.4018986640393468,-0.17131252170765812,-0.9167388904424169,-0.02195402350812653,-0.29803475838646404,0.07020494064590324,0.061707145373560424,-0.006042578605973667,0.1336524783560584,0.5089017746864212,0.17361433588665454,-0.7664867077735001,0.41246009966804376,-0.4229748163326739,0.46425988125483175,0.28986560521199606,0.18950068879285398,-0.6887937041720451,-0.204575996970032,0.22439389100529086,0.6794154564539625,-0.25334826052528875,-0.1579459181736912,-0.6970937475918,-0.44255369834875474,-0.17495478364911113,0.24708761857235453,-0.8145249988638291,0.3408738962436381,0.22138208393502726,0.20876902046356569,0.32115572127888187,A
0.006078059981035398,-0.008582184459028716,-0.06004207790153452,-0.8281888285010675,-0.2297484424658155,-0.9419715290481483,-0.1686348565830972,-0.05920891428769415,0.0509033216367175,0.2285058386186973,0.4418086607755523,-0.16351060305739706,-0.9197044288996533,-0.03117979784238632,-0.29643278463041006,-0.01751690878274214,0.10270060153035351,-0.07843532302902201,0.1933170215568557,0.6313161556197568,0.2132232507761387,-0.7499043161492264,0.3573727687983992,-0.49129293435048316,0.48722141032133104,0.23855883846658507,0.16094775490555735,-0.7484342189660143,-0.22130422911472158,0.1816424230812379,0.7053972109955943,-0.22695391244507868,-0.10465040287341115,-0.6982685707637903,-0.41009089510182956,-0.18759153439990456,0.21724372362959837,-0.8385005028221799,0.2962595983876524,0.18889943264264256,0.2180583080580133,0.31086153934899635,A
-0.025139405540278263,-0.025657479348894865,-0.02003377286463073,-0.8764775613135204,-0.23667304206760384,-0.9876515702250837,-0.08004371370634725,-0.058744322270330475,0.05131127430703275,0.2187795914366609,0.4544024857275529,-0.2100218901096359,-0.8826009733785374,-0.08504457465469784,-0.29402906009097707,0.04214769379094513,0.10548410446730527,-0.03823750110147981,0.18587973094505214,0.5682695381218149,0.19060085230627946,-0.7260617789280668,0.4001503300477726,-0.39730363773593813,0.43825823019433535,0.2993295121081967,0.16945129659277974,-0.7045320569234633,-0.2137260974606688,0.19909406577206298,0.7105109757218585,-0.2312436619236488,-0.10969626111269562,-0.6809828120049591,-0.44412380657152306,-0.18409720494258644,0.18003920532902062,-0.7846156957351369,0.27095402774375515,0.20901761336180832,0.26569819939185924,0.24244757790772098,A
0.0028586800099290426,-0.06719603159569354,-0.0388090399300199,-0.8717243132039606,-0.31632518799291554,-0.9409177613509887,-0.15051145383647693,-0.07643130544272178,-0.005194138870867435,0.21612057111224864,0.37562690883597927,-0.1699918523167217,-0.90613168681804,-0.04332867105269918,-0.3039384095283813,-0.005637262453103531,0.11299460607309011,-0.05477291053232211,0.2296839407476131,0.5767864530663298,0.1562194965006611,-0.7809287778923005,0.3190572687309202,-0.4056738776729532,0.49864982247262296,0.2668565377476617,0.2080615417513111,-0.7020661098159863,-0.17944839560262227,0.22503925333555302,0.7066023501383508,-0.27297347042280456,-0.10927176092875386,-0.648009399072798,-0.46011083493960486,-0.16539618238178386,0.238484705638922,-0.8330920569688507,0.3065475689641498,0.24530055905290826,0.22500577496435434,0.37617098165658236,A
0.055066415657319595,0.0016190127282711998,-0.05217747160109865,-0.8935719609570901,-0.1823003884861967,-0.9757826472219936,-0.13008335301976257,-0.1328961000364015,-0.004170431349305618,0.28281054123045785,0.47108305168346426,-0.22737075718953448,-0.9323403227610609,-0.028675932132285704,-0.33158146576374453,0.03624141372494407,0.13885219770839316,-0.005785386082541047,0.10948664818026849,0.5608408469882253,0.17527753530832305,-0.7063382665965062,0.342809622851365,-0.4209487056141258,0.45316797172231144,0.33638044171324566,0.22309426990235562,-0.7451199503561067,-0.23297236194620763,0.1786511354161173,0.628227571570501,-0.24523061006449617,-0.10085428932150303,-0.6824581949593596,-0.46291799006618817,-0.15301790445355976,0.2805504803763963,-0.8353593372124976,0.31513451520673674,0.22612649237241392,0.1917910770760282,0.36064839882170097,A
-0.03619550223095005,-0.04454825536492367,-0.06088025378125174,-0.8576067233538907,-0.2775955948243834,-0.9588717309676058,-0.1352336726607284,-0.14417394397774624,0.04353599580585869,0.21716668969740702,0.4758617616573293,-0.16895386923656588,-0.89485222409088,0.00060733721032636,-0.2884765224237052,0.043211356002923036,0.10761295613500711,-0.02154016410244422,0.12799629404935098,0.6619200239778341,0.16993596743959555,-0.7376019365580617,0.31475201150769416,-0.42814841709149076,0.4719698173619415,0.24932448695637907,0.17323493517377925,-0.7663009411500995,-0.1969852305240871,0.21689374295610794,0.6972948764093129,-0.2443154336037483,-0.10057708589848013,-0.6876652363832362,-0.4335751805473822,-0.18284955135585956,0.24171940681187284,-0.8198013086784625,0.259894196242795,0.2191357391906724,0.22718854103874858,0.34313704266773226,A
0.0152360917067917,-0.014256011063170392,-0.055487949232685047,-0.857129998271,-0.24650833256254293,-0.9467732410825995,-0.1670360879214173,-0.04423322489870165,0.08626236301976145,0.2315491971933443,0.45629074309483647,-0.1572561948747253,-0.9116517786208312,-0.015303807917588164,-0.26151583919225035,-0.01027837692553707,0.049041391655371844,-0.01536196794312713,0.1527255967101584,0.5795757213165219,0.15809157497130288,-0.774040416632788,0.35515961796620366,-0.47161512721885157,0.5060771728880397,0.28781642842392335,0.20761840204434048,-0.7193227965867355,-0.10442597430134029,0.17892002336218843,0.6487177244063481,-0.2543186229351913,-0.17563718910046172,-0.7141117468990197,-0.4182635746609567,-0.14558038239802887,0.18607078069572616,-0.8436965865043483,0.2905929385145998,0.24454957898829857,0.23191811074544189,0.36796599585758605,A
0.021857958133027714,-0.0035962047380326597,-0.017134598118527432,-0.8486564519258203,-0.2200549432940226,-0.9884183565081994,-0.10711563475528123,-0.15378231204852194,0.05508772145388949,0.1997752684718109,0.4174928889617064,-0.25252727120015245,-0.9135887173846818,-0.061084333539355634,-0.2945691596204108,0.004967076020236119,0.07893975336794944,-0.058270528622543324,0.10802409470943733,0.5983178095971478,0.16132947819552462,-0.7390331682974498,0.39237134131301,-0.431778462980731,0.45682656337236344,0.3114969909547011,0.19465116254078824,-0.7544599407406931,-0.16804551099105944,0.18709408177030937,0.7390013640588229,-0.2485860476932079,-0.07376568195024472,-0.7057489308908355,-0.41605039611778827,-0.2405948745303991,0.27150650455065684,-0.7947196868262904,0.2603252333488364,0.24787860433691614,0.16957888825720416,0.3087925698955895,A
-0.0255326748121048,0.02759988863201995,-0.011544226716466752,-0.8642191924495691,-0.2664390633022437,-1.002897888639001,-0.10905611485382433,-0.10401501188886302,0.013843140064589235,0.20515789470854037,0.49298744915546705,-0.20133110463483808,-0.9138991729256459,0.0020879336394002274,-0.3095622417105592,0.05916069500907126,0.06600655104550582,-0.02268540999729566,0.18288385392354575,0.5576855054456897,0.15188446023373373,-0.7673763055931616,0.3516247847389029,-0.3839721085221028,0.4745223171828359,0.34225943141437354,0.24890507356003416,-0.7053953819588044,-0.14450094802980562,0.24529266888299026,0.7551199249347614,-0.23705821015995854,-0.10024566898210777,-0.6842140035681856,-0.45768215570715043,-0.1660347881514664,0.27077779725006,-0.8334107691300009,0.25397193285676134,0.2054002405262563,0.248296120541868,0.3165989312866642,A
-0.03312402556648127,-0.0311560465535488,-0.07610896393148103,-0.8721368461640235,-0.27026499313146224,-0.9554232398914775,-0.11749834687180087,-0.08885991493814144,-0.04487681482000416,0.26222171865305965,0.44167128729354277,-0.16773064776558572,-0.8432738926009057,-0.021296415239714095,-0.23773952754267658,-0.012588573190645977,0.08273464045002538,-0.09197192033075711,0.17026001579183198,0.5934694302604284,0.13514122941893858,-0.6750259983113172,0.35668262853253035,-0.4981900370778613,0.48722105470299676,0.3046888466140162,0.1900370251968211,-0.7156711727193712,-0.21663970405289024,0.19798040902554628,0.7157955099770887,-0.22566794177297073,-0.12756168887698646,-0.7184242340651028,-0.44573471597647757,-0.252811845437024,0.2246568702702181,-0.8748153885266059,0.2544406310776788,0.17925886887918888,0.22344165718898548,0.301784686743177,A
0.037137073135923154,-0.055416965322971905,-0.0562991194026928,-0.8482142299068721,-0.21359431110678115,-0.9089839186265236,-0.17082004879004029,-0.12762066828965016,0.08395544094904378,0.20241662262959942,0.457387370358747,-0.21092403376973107,-0.9307330645703764,-0.05679799283929329,-0.2417589029109869,0.008806530730801856,0.08331507052792318,-0.04550692739306266,0.1883182944826647,0.6250409665464516,0.1711392797979738,-0.8359231616911593,0.34078860725293825,-0.4679450640320699,0.501575960086812,0.2561868840404727,0.25492659328994105,-0.7270764170640579,-0.15408842811889384,0.278167901149288,0.675669542675581,-0.3019963637493149,-0.11522537163375458,-0.6753295867240174,-0.46444472355537325,-0.1903285682262654,0.26955483433198835,-0.7818566040727013,0.2622359331305559,0.2300710237273092,0.17952246215426,0.28021366421010735,A
0.04074670736446421,-0.06399612369609473,-0.04326432630714664,-0.8618595080854955,-0.21183368180517106,-0.9941415673808729,-0.07756979304909935,-0.1115601617490917,0.06758914636567404,0.2366146625217457,0.41264017350226434,-0.16645414233810427,-0.8763858995410299,-0.03554220590730821,-0.3235383783162616,0.06962225366472032,0.0633048926525927,-0.06366840080211271,0.17665221654377675,0.5848497928128563,0.10896363449450516,-0.7690879079385926,0.37964098851652667,-0.4400969948618814,0.46378255548592245,0.29167986122654427,0.21811083645282056,-0.7358387645992561,-0.2879722236549457,0.20883808143911184,0.6884941415165399,-0.25247908311132594,-0.08880455179253527,-0.7361257288065992,-0.44239030751051617,-0.17710885209694033,0.22375779953015756,-0.854670642767036,0.24357227174712098,0.22089426208040372,0.18898323178845947,0.26587790740955075,A
-0.023943668050494086,-0.039017141695295465,-0.02654220732187196,-0.8952788536023384,-0.18568449689541558,-0.908800147998049,-0.13403589300986896,-0.12330664196865941,0.052358697081843035,0.2625692368056948,0.4293620591332991,-0.19592345464936628,-0.9018615547336213,-0.05788259834227791,-0.2737426602827885,0.04846588923894737,0.07050129922901077,-0.03592946817198039,0.14947834299514806,0.6662790894616294,0.16044263623159905,-0.718025389743844,0.38050665375385445,-0.43652389169887157,0.48002334351721565,0.29013323968193416,0.27902498950335586,-0.742234827937758,-0.26633636201548827,0.27616599138042563,0.6886951157436263,-0.2508040435974022,-0.1371486450018405,-0.7219193632965029,-0.47805807989597304,-0.2514947500453447,0.21151897587756602,-0.7999709503961927,0.230296640730358,0.23709103516317148,0.2771863751511855,0.3323163839978426,A
-0.0416842548334039,0.01207539416686727,-0.02026575278936735,-0.8116237828119145,-0.22266550928052603,-0.9554584823887595,-0.08631201970079987,-0.08682543543395413,0.033596331727384306,0.21088344536715656,0.4727673452383515,-0.19880580338520454,-0.8108392455083602,-0.051526562055197164,-0.27701017345857837,0.0054778173223078985,0.07795952409793107,-0.05554447781944251,0.11981007608935595,0.5739420974553746,0.17871794856319287,-0.7476534312228893,0.4032545828312625,-0.4599468817741929,0.4877352090877925,0.26604128507705344,0.2382971344216673,-0.7158210238465924,-0.1577422506415539,0.20565373512702975,0.7438650612998607,-0.3031970370689803,-0.10744675624092721,-0.6998051407448893,-0.41947860867744413,-0.19369226803838774,0.20352219156884854,-0.8481538013663804,0.2793348715097623,0.21412723724069388,0.23330169656922936,0.3523277809194818,A
