x0,y0,x1,y1,x2,y2,x3,y3,x4,y4,x5,y5,x6,y6,x7,y7,x8,y8,x9,y9,x10,y10,x11,y11,x12,y12,x13,y13,x14,y14,x15,y15,x16,y16,x17,y17,x18,y18,x19,y19,x20,y20,label
-0.0011594402238956855,0.05667589743329613,0.2598066865303257,-0.06862551127103146,-0.0734445329122888,-0.35364165069218323,0.25539078890348343,0.0034931441215153083,0.29961828726258394,-0.3056156181605624,-0.1398500318883765,0.2971607938122451,0.12252428894192746,-0.3361477338955741,0.22342977779814513,-0.36447480751290456,0.24701667685082576,-0.3251713729234804,0.30927617716921463,0.044772829704754505,0.0048728243844397,-0.06074774934847285,-0.007291467675981688,0.013453685054573063,0.17357798753103948,-0.033775431381022986,0.3540549159976022,-0.1590994635962914,0.20816904763790434,0.09290457126072163,0.3642857173307872,0.003279343306112053,0.04207287164061992,0.10179267465800264,-0.3675685983925769,0.10760123350704914,0.8784674111966532,0.42717911741024606,-0.2603268367054555,-0.5450846084230541,0.10536009808749922,0.2697598132222105,B
-0.04388467667028469,0.03391376494563443,0.2912096332695988,-0.07485231347994692,-0.08482324319495227,-0.3877797950583633,0.22247170154860568,0.0019301932597437926,0.29588536970975865,-0.3090302207678633,-0.15180947780680776,0.25021483967749153,0.04689476087632548,-0.2723551228871075,0.2440961583082265,-0.37062191455938215,0.27306342075953804,-0.2675248604872484,0.33993787720763774,0.026086873806894374,0.05928695091098686,0.006779898119007966,-0.03139126585628373,-0.013343892731562914,0.15992088627612833,-0.017150752378493745,0.39351277749725083,-0.2680731085291592,0.2959272233496172,0.17279031395132227,0.3154987693344402,0.03953197928873959,0.09184534707296496,0.07154830438551527,-0.34018716070632266,0.11471480686449168,0.9302167172519239,0.4431389200676211,-0.22090048385081298,-0.5149301344349158,-0.011789011549148671,0.2715140676872312,B
-0.024121272912922036,-0.013945390804468778,0.27613820425078706,-0.04519793240704131,-0.08156447313242901,-0.38556239430688044,0.22262194293225968,-0.03360295557328933,0.3542817501401554,-0.3547236962736357,-0.13336615284670547,0.2668602220473086,0.07939713508870054,-0.36544026795064666,0.25935677619120084,-0.42835436408848443,0.18668072371290617,-0.2962680735058493,0.31738533239673744,0.0268170926786363,0.12424674064391475,-0.010817833328563339,0.016165422161769537,0.005880582588455613,0.17347098413367842,-0.058723646805545364,0.33076338851821957,-0.25045078898094253,0.26153058697446274,0.12864389688870728,0.31448717609371035,0.05716336609897915,-0.0008218605061776907,0.06387209979639533,-0.3849407024967653,0.11135398709996773,0.914181124188886,0.45826190412628953,-0.1853030300555068,-0.4920442587569525,0.008681807091423126,0.3676010214511447,B
-0.06383841042423975,0.0660212650069494,0.3354721736397847,-0.07982808158215328,-0.09139706263325355,-0.39533287780008597,0.222737303098015,0.0037247931862120567,0.2293330692408423,-0.2830573262963119,-0.15022746927101138,0.2916730393961816,0.04064688267083419,-0.31498766795075267,0.2552488768667065,-0.35366471929701304,0.19654333184173656,-0.291499736583174,0.28706935500460073,0.047217752469176005,0.12278642321929045,-0.0212534819671842,-0.06928137662096902,0.056659686252433776,0.18680629778852814,-0.10432033786761126,0.34288968197724967,-0.2438024076127637,0.22639298482745762,0.11935030452859058,0.3035296710405024,0.05394980084773042,0.11405726707192598,0.1099369422631472,-0.40108298492638544,0.13083667844745858,0.8831070989139134,0.49994368786056875,-0.22274126647051107,-0.47217228957857066,0.017898025195406883,0.30758451230309325,B
-0.011042749577622574,0.036223768791516946,0.31114398498956175,-0.08530677231131183,-0.0833965060290466,-0.3969575226194943,0.25591975198105893,-0.025075555883529707,0.3119661921839747,-0.35416439465211186,-0.10646560375405098,0.21170199021948116,0.10099904525554748,-0.30723917650348237,0.23412403777887292,-0.41408089441070733,0.22877274346826293,-0.24412535949480738,0.3772805231546465,0.044008235822073014,0.0640980105505289,-0.008923731192829121,0.026115249689327588,0.025614000627955172,0.15669320788737054,-0.006734523211519856,0.40808501657546536,-0.13936247609752705,0.22903036776695426,0.20085641704980906,0.37196732899186896,0.02803020390057907,0.11555158808026043,0.05795086418882768,-0.3577682450975727,0.08647327210738258,0.8927481307557646,0.3809384799243481,-0.17656819861315692,-0.517799314996269,0.02482211436704903,0.301959216578259,B
-0.008148822537068574,-0.03831434421634446,0.25579244660278416,-0.08244482614519912,-0.08442502784451487,-0.40479761666612085,0.21078041196809746,-0.01833116007719031,0.32964295433928326,-0.378343566730998,-0.17660230962492737,0.26281990539559485,0.07263116176136793,-0.34768433694999784,0.2713187803111866,-0.36504085814482706,0.1686027377850089,-0.3040047972192825,0.2742887106280794,0.018919398764477263,0.04266639652912849,-0.08255608705471941,-0.05055803634918582,0.07549039226507714,0.1422712954754246,-0.034158236755449406,0.3957722764472025,-0.2086210792612193,0.24503203325893974,0.14846506163021794,0.31662015280370753,0.03312423406098544,0.08471864480260394,0.08297371887923931,-0.3327762902920109,0.08377452373271728,0.8914502285224273,0.4012925232928432,-0.23789758245198184,-0.527808585739974,0.03287438455973999,0.2507257192085013,B
-0.01425680191284231,-0.015725189766594257,0.30333834165828866,-0.11366601538438648,-0.07007415983676042,-0.3732244690138611,0.2591035510371597,-0.057812729802857954,0.26411425577810255,-0.32909793639123075,-0.192043948362902,0.240687029102017,0.07037633442776074,-0.3182245874292183,0.19739411630607373,-0.3794686263557504,0.21807864151093115,-0.3058509936579306,0.3133926591506841,0.050966428759499374,0.06729763091120326,-0.04064138006861032,0.037667618213719,0.009415001249692394,0.22338250686051592,-0.07384012420594693,0.3857863280031291,-0.18890367516401524,0.20482502916386425,0.14296397128841937,0.36812740085775375,0.0032913328288255335,0.09291363784223697,0.10385202461651626,-0.34970394582371256,0.1037470191578363,0.8667266563000436,0.46299821844652145,-0.2681796241547798,-0.49692696904561456,-0.014338432416771277,0.28275711294215455,B
-0.0060380923099498775,0.014984910942914757,0.33007240684582323,-0.0720346528480565,-0.09178667785002204,-0.41877069819910906,0.26619156066511324,-0.0269046876479222,0.2963879072219543,-0.34159392598883587,-0.12719959856040355,0.2440670582599213,0.057554523791159204,-0.3759949969787154,0.21127022585932792,-0.3809279746938501,0.24953759610669934,-0.29527454752051047,0.33193895429505504,0.05803052646642254,0.09396280711396619,0.0294882300525604,0.013131856095116117,0.01124889544564912,0.17178172636365144,0.03508124542006205,0.43057138908922027,-0.25597347034512546,0.28970791947044083,0.16493471109885083,0.3340995161478235,0.042080216096165135,0.04967208631281196,0.08735928339853258,-0.36126396018503165,0.09173632713000096,0.9262401193336876,0.4331330471185516,-0.22756038127885223,-0.49883193446485175,0.029521811702615558,0.33264015391887103,B
0.00044469488007697075,-0.011348229691404366,0.34032799691293253,-0.15278432071354842,-0.04416411674874166,-0.3799056564346127,0.24850834749963993,-0.030940890233688862,0.3417808358722802,-0.33077565938167236,-0.19282795494561697,0.2123902005291069,0.07108354498998667,-0.31846796964150403,0.28286305558034913,-0.3906675587062344,0.15095585675128753,-0.26708761467629016,0.3253920871236158,0.02859184159447848,0.049473672872781545,0.006060906554550317,-0.01339002950978504,0.02519992638786238,0.19150306250784843,-0.008192027511721267,0.37164974209448565,-0.23989331394634678,0.2519970364938661,0.1665743417557025,0.3402801760027469,0.06030464073010454,0.088686644864136,0.0703512007679392,-0.3364633365198079,0.11606071372969323,0.9117407815067312,0.4145751742621558,-0.2599215753487713,-0.48225932970748325,-0.003238408890268837,0.2363034841316896,B
-0.0411407801515465,-0.03955577073804438,0.31523387634547434,-0.07682600186736462,-0.0691251304248014,-0.38618156191788794,0.1996300692534135,-0.009371976140314955,0.32290613413460745,-0.36448460319349363,-0.10813780459762914,0.27871707129688,0.05191986221896591,-0.34531617714994145,0.23260801992234031,-0.3612134518008981,0.17443834878609984,-0.30117142379432393,0.3479531409171951,-0.02331082428255102,0.07657750528410158,-0.06651095253654331,0.03849543149774886,0.026257547996801356,0.13920121472062796,-0.05596117212402702,0.3944053425908736,-0.2814029389919112,0.1934013180361377,0.12527613202729332,0.3687732979382044,0.009231888543083253,0.09821709215546084,0.0672642915445313,-0.3296667521965178,0.05598026345082688,0.8757759343894562,0.4377875650541008,-0.2252144684284545,-0.4989505178621111,0.006994791567914282,0.3097779954543345,B
-0.00034799561708426637,0.005221388431916088,0.25281804188622387,-0.12391659018643761,-0.10372153371798185,-0.4261942995832382,0.2381263269598445,-0.003993135112463228,0.2749003698564045,-0.31309420526865483,-0.13664572277459672,0.23975673832473463,0.06705323242302856,-0.3032325052563813,0.17393484248925062,-0.337242667642659,0.24417797394055502,-0.2976968499549863,0.3213355756174595,0.07309841535666825,0.0432133677916221,-0.035184108774676176,0.03051634108984764,0.02224951303510243,0.18479395689688133,0.02981453742765503,0.3607424390399255,-0.2440931058676281,0.15101414807555075,0.11763534221050878,0.3102757499174847,0.036127789374640486,0.10722825734728451,0.0525348104470816,-0.35628323764337505,0.14442442440580375,0.8918492332531854,0.4566281272659904,-0.1969233440700812,-0.5365606939184393,-0.03278667005535256,0.34323042334430376,B
0.017376403227353954,-0.03980922847117878,0.2515143119768725,-0.08138581353368868,-0.028376384753504506,-0.34613206752956727,0.2634051287660454,-0.0452586522048231,0.3031065285528577,-0.3672999069032881,-0.16266919430314222,0.22268490813138603,0.05137773406902056,-0.35848145842428303,0.2392938115922533,-0.357964295901703,0.2672859937896904,-0.2909850785143598,0.3417592135279874,0.018918360756979023,0.11139614713957786,-0.06738205418391556,-0.004967850027936498,0.035843724359623796,0.20067943074398029,-0.006690104467055084,0.43626516707534785,-0.26420392227722567,0.18877191628876944,0.16683295865026074,0.3546305118051167,0.04618472819766275,0.15969651712549032,0.05397623735468647,-0.3409268028487842,0.1004199395835217,0.916115577163993,0.4523418065241656,-0.2460776591244128,-0.49703007325365456,0.003717683111819579,0.29844528025008943,B
0.03401344225219799,0.07442045080316625,0.22580042873525877,-0.03670944810248605,-0.05091156959789722,-0.3978342948582519,0.22051580397081744,-0.00570401726809212,0.30485238245242247,-0.344819277154414,-0.1707991395999707,0.23359637573978104,0.048564044421723296,-0.3519943214694745,0.2397913141926433,-0.35995153427605203,0.19260615789248411,-0.25735453074709,0.2968836796763899,0.04736181376094607,0.05652957898690418,0.030789650144635226,0.030548946614146533,0.04118912751367241,0.1780722319643922,-0.006475073855083193,0.3564231570217296,-0.24147399433651784,0.21718476678644733,0.19553213765674027,0.3604252681694207,-0.04056422774613738,0.048853754103228356,0.07884874713213225,-0.3143131344397815,0.10987230945713714,0.8213526950301246,0.4058874594991856,-0.20894751021349658,-0.5025412016840134,0.0052612092688478634,0.3279586914743733,B
-0.010385114479234585,0.020964041269033777,0.33246947061994975,-0.06864150649266633,-0.09701711845043295,-0.38837930646369934,0.20429614579239366,-0.09939632608590405,0.27961984701466164,-0.3242842804453886,-0.1499175882003965,0.29713536540519153,0.08185262175992128,-0.3101884852266271,0.19085674876417708,-0.38374410279452115,0.20922879191556007,-0.3047834170981848,0.3698936388886724,-0.033602979681824074,0.07909349234914877,0.004252425332963734,0.034000072870804796,0.0045640239858711,0.15623169950801397,0.008041523412163139,0.3783548242942242,-0.23710793984206607,0.25640769991518836,0.1592166514804842,0.319667519785137,0.03628845532943206,0.09178969467441406,0.07984004738212752,-0.34739123693359225,0.037666312045791725,0.8943061153892254,0.42187904981203955,-0.25452971318159895,-0.5292044704678806,-0.013685570637496309,0.28568511821879033,B
0.004982060015475828,-0.022005897097860688,0.2987567205627729,-0.05329874400466526,-0.04841757519957067,-0.34753004573037405,0.2143424951188287,-0.04028685987802294,0.31073430953206593,-0.3560978333254361,-0.18495434939825603,0.24129840727139554,0.12657563962391705,-0.3589917836225247,0.21983445569919594,-0.3869928789854589,0.23400491784644795,-0.26957964189331707,0.34530836582856156,0.10027091181991021,0.10714146959751288,-0.002737823597151183,0.0968889271129696,0.03064513877485635,0.171475622014091,-0.03377451929223942,0.4256918277959397,-0.24974590676914096,0.16800749128991047,0.12536334187688195,0.3548238891955194,0.04431372968441004,0.07363594409026365,0.11352811463341853,-0.3337541469056413,0.1128658894189821,0.896956016368178,0.46795765362908937,-0.20789029750345667,-0.5168558009496685,0.025615951424029924,0.2749878078842698,B
0.007046369453659605,0.01201213012928963,0.2731635061569502,-0.07135150813213521,-0.051944568314063445,-0.4080570664330281,0.23691313827400387,0.034276647826874965,0.2785462728415368,-0.31245029729354623,-0.15306892226916283,0.2918589479469068,0.05583166158083047,-0.336514912040493,0.3099732085989233,-0.37578135651443906,0.23629995113937718,-0.2621842955607403,0.26326504981628235,0.03768180953260566,0.045383987671539464,-0.010735824109110049,0.014630772984726323,-0.017495799028571422,0.14751870427596087,-0.026871228278166622,0.4684187333292376,-0.1634928186969049,0.23719156627805144,0.16545484086069093,0.34827682217059186,0.010498433929353623,0.05765709138717791,0.10698453627393306,-0.37005396724050726,0.14576320709071933,0.8568756755677929,0.4140196484305718,-0.18807966198900208,-0.5172696958581491,-0.0024643361994889515,0.3139623658125958,B
0.03476316777448995,0.01829335546540173,0.29183204354525333,-0.05135454977912287,-0.057911428288406126,-0.34303061795732986,0.31710029277164015,-0.017005837751562478,0.27754098997058446,-0.3121869996208985,-0.15458671461095377,0.2664835445902924,0.0885349092943576,-0.3541456905721017,0.2325226189692548,-0.4398359411723759,0.21425445166600252,-0.2631960315874391,0.3245602496412402,0.010494241132992552,0.09382307660428306,-0.057998189400386535,-0.02063954918247931,0.03173343608125709,0.20065915070117565,-0.009356940384160312,0.3849720442668976,-0.1793846094155027,0.1926926624215102,0.14108514602760577,0.35266243180514384,0.05231970076486098,0.05526420601966681,0.14573034143966976,-0.35591837638012663,0.1051812466414595,0.9268177627595738,0.48762516997187166,-0.22870353189529238,-0.47346614952023647,-0.012471275534784802,0.34465236138883176,B
0.001157947630659975,0.009432952904234609,0.2728108986636079,-0.06889506499304732,-0.09209627984716652,-0.3774575933627823,0.23190696846208658,-0.06384367245712472,0.2862009646671386,-0.40634087806554564,-0.18741954800546867,0.2559474128693443,0.1063195796806982,-0.3474069143570667,0.2427298365583878,-0.33573444541915626,0.2422941352928943,-0.25545770049458116,0.3276977464934714,0.009591212400239517,0.0943827449555872,0.008752697599910816,0.0653228013351475,0.08813788573864317,0.22912323342090302,-0.02337774760043391,0.35791512970750966,-0.19413272288713446,0.259302877631872,0.07339566427060037,0.2858549631186396,0.012827083016359417,0.05536884303790746,0.033180746993260006,-0.34060157258184587,0.13978232252060319,0.8918219276879057,0.39126442619801954,-0.22436101968490899,-0.5419631620831364,-0.029044998145674596,0.32339153793442427,B
0.036006545739366715,-0.008678777269504345,0.3051473753973691,-0.1076024156190316,-0.054313245436446174,-0.3871002982058478,0.1916260891928744,-0.05938009580119493,0.31563800289758037,-0.38776745784638206,-0.15864967871969982,0.28842123325528257,0.06275014008628299,-0.3829348252759762,0.23533686949188412,-0.3502556704947035,0.17836715590617042,-0.24440815116398276,0.34702118143961175,0.03479846370044347,0.09982990592974181,-0.02590778830045282,0.021127526754617848,0.018102111736199827,0.20971996461303175,0.014097829387334157,0.36936302887419886,-0.2332473676562685,0.21466699762693733,0.1317319479438235,0.36424264418077984,-0.018456470882427172,0.09471687559403746,0.12305346226388829,-0.36936515261450853,0.14670852283627928,0.9321941559838957,0.4305899570658012,-0.20598576602733737,-0.5334626388824941,-0.03183846349211529,0.2806857539260669,B
0.040509297183227405,-0.013749184936675376,0.2844644027955467,-0.10550597166743295,-0.04418622252761582,-0.3506402724719516,0.21026420996340675,-0.10167746097763794,0.29248447889789486,-0.3300734254383667,-0.15059535592214168,0.2587836228354554,0.0880207440237188,-0.3520255979719484,0.2059871042771893,-0.3484151050193349,0.19075038137672212,-0.3160685717540014,0.33912315749550026,-0.00887946438131276,0.05796428504739,0.017694446998856413,0.058756240647833906,0.05169631104510205,0.20601327794881663,0.01000343097227694,0.4528660346994618,-0.17936845254106382,0.23394362014915618,0.17618376740446873,0.31627990229914105,0.030921562031329147,0.08415955224822644,0.07730996246781788,-0.3614483277483801,0.14118249073050942,0.8688848056572228,0.44550030552870995,-0.2692294462568511,-0.5688955884954903,0.03706915023609943,0.33317549800463014,B
-0.014562209513701324,0.0015189719919647873,0.27453532668319625,-0.08402202720409749,-0.08482669922007059,-0.3617817679528726,0.21995838140012713,-0.01971551717842116,0.35336758881118535,-0.3316626837246382,-0.1464555147260577,0.23922470166836773,0.07710327615702983,-0.3868104874265647,0.2898370104338817,-0.3993269214589014,0.15973924398651582,-0.2831565307412268,0.3347478335661366,0.06403012854087681,0.08985360225863401,-0.001958238618737708,0.03899431024274394,0.040917704775968955,0.14922311672848942,-0.009360340099655156,0.35243675108405986,-0.15236058126745097,0.24733474680950188,0.13125145129071747,0.3415037821122666,-0.0037849609963148297,0.031795137895845656,0.10775588292438408,-0.3814286353522986,0.0971162045138851,0.9036406567739106,0.43559449361894226,-0.2613906476180406,-0.5068430018846626,0.005654363399159577,0.3207386818924079,B
0.07334669031162605,-0.059289587014918474,0.2592584995285133,-0.06868643022239394,-0.03986271819143743,-0.3651939921058572,0.26508297378739715,-0.07656049116668107,0.2938063551429622,-0.29950128422989947,-0.17600699003728174,0.16939813677196913,0.05303177159029297,-0.32357726363098044,0.2415226562172693,-0.40913146976569986,0.19565153022243406,-0.31993747945114875,0.2877308436581031,-0.002074883671348643,0.08567437392478962,-0.10136364179117739,0.05207152136166288,0.012852963076939958,0.15003252536482128,-0.05389458375300219,0.3749458187458484,-0.21200500915218165,0.2309455186591419,0.14418022571267422,0.3075657257353335,0.026203059950176556,0.016216070960918975,0.04499174392896829,-0.37228934282207116,0.062279797421626155,0.8909126745519099,0.400925264797642,-0.17915859427248015,-0.5523926332630626,0.04655078676722648,0.23444250386914717,B
0.06015327034744892,0.017519932750859085,0.30696183174147246,-0.11633408632269471,-0.07986594077170953,-0.38330736823235756,0.22837020272535002,0.006012180953105496,0.3240758539210167,-0.34832102835344425,-0.1202264847342836,0.2918634997984156,0.06049650503197525,-0.3546142846953827,0.30849767540619166,-0.3777806863827927,0.1980082315710558,-0.2846552741841569,0.35635508023303286,0.04584638399655272,0.07874242031018941,-0.011375230891475765,0.018607870397727478,0.011691838549883597,0.17423142958034843,-0.020247283706028765,0.3815032740776425,-0.2100732761619026,0.22491921447453203,0.10647695106775322,0.31434955163482736,0.018779962780600484,0.13422716934668633,0.07665179765607731,-0.3438058015130703,0.16708631799509707,0.8500972282362207,0.3950350354083425,-0.25389934523582086,-0.5186562046701693,-0.005749786164767908,0.2792732020840272,B
-0.03701001016825102,0.02921964608582864,0.26959339358171264,-0.03984463624870504,-0.1006968549825566,-0.3167933753459103,0.1814200256753087,-0.032600649962138004,0.27338512737564435,-0.34228248399303113,-0.1795848577694425,0.19200871539481054,0.05411419865311763,-0.2888137052150059,0.21364613485636952,-0.3553319060658133,0.21746822864148874,-0.29366034551702863,0.3854219232301926,0.014859223987433301,0.08759302373892801,-0.027153010496338625,0.05834938957682882,-0.028999405161817066,0.250557419558719,0.020894913158270433,0.40591790293902913,-0.19364768878806776,0.2195632515208749,0.15449786357268414,0.3428278950940749,-0.0007263014175868214,0.12401774843396668,0.08817609394997374,-0.34775479074185234,0.0765458573348623,0.9325664047574159,0.4396888211004988,-0.24630478288982183,-0.5412448231932425,-0.0036322514243580335,0.25950813506550896,B
0.010374941626333034,0.023231270180459833,0.27142333652335826,-0.06829148710379811,-0.033581897521146875,-0.3807691642494029,0.22823069058543924,-0.03200050871954534,0.2901186759694264,-0.3538989864057894,-0.1732621166904103,0.2692536656608053,0.07538806791962872,-0.31873202874378354,0.2742996784897945,-0.40210526812439684,0.19219505597546915,-0.259263575401802,0.3164901491098271,0.02671636715950421,0.08501708571205237,-0.058163441776961713,0.026280753481903153,0.02342592833419601,0.15297802129713778,-0.029643826464290944,0.39071716837808923,-0.18976565712680393,0.2615990266320351,0.14974438431875367,0.2798070846054993,0.04831541637228138,0.14437790189265476,0.10298959723826484,-0.360187307041811,0.11457774578893103,0.921481723835214,0.4444572302729517,-0.1911015322392151,-0.54263414815365,-0.010907283300078894,0.3083729952316278,B
0.020949590856094002,-0.016414094036719937,0.2696332181390927,-0.0953719937664815,-0.09252414503726798,-0.3600138174250293,0.23026808336443721,0.006751993009368483,0.2705273754436937,-0.34806529899824346,-0.12812454795245046,0.2666971634967592,0.04458862067613058,-0.3021326901373051,0.24652312071034277,-0.31307381048344746,0.2133342587882513,-0.24527982671247467,0.3133700581418217,0.017211962681540703,0.09733071818494587,-0.08078956546819749,-0.04947221444138869,-0.0043516907984167165,0.14424551546764652,-0.09235678036990076,0.41626365616642835,-0.23592550153959166,0.2160948832305979,0.15417091256042176,0.3453637673576207,0.03501894928014532,0.0844983389656729,0.09553650667073145,-0.3669946974721999,0.08116576769739828,0.8279641114200293,0.4602163746659993,-0.25111662453933203,-0.44915884760257785,0.02334931565849717,0.3231019861389905,B
0.02117220383641902,0.01592066657122145,0.29749377681047456,-0.05830248080335036,-0.06493679945728312,-0.39407745524029114,0.19603265125207864,-0.019480860626287403,0.34208220532453865,-0.34711163153583824,-0.14565699025139467,0.21684251559435855,0.06391559399601644,-0.37356245238457814,0.2088649162553033,-0.3676232158929888,0.21556979208119065,-0.2563903409549804,0.34710730766207565,-0.001924208701672439,0.02444224212381922,-0.058176906961173544,-0.010218126582264944,0.032519646308249474,0.20160484884794158,-0.026085555898423388,0.4161923048297661,-0.13532432385036086,0.2228513063971298,0.14300101380065092,0.30500898452037206,0.03609575941134512,0.11255761477333048,0.06649310952506639,-0.36373672986536787,0.08689949117941864,0.8629502521981437,0.4450932917113484,-0.22545101867538786,-0.5099045162854655,0.05638482982813403,0.30660436234186783,B
-0.033492031947108536,0.01896953891773592,0.2730303263876471,-0.08524120914069437,-0.07539034706743397,-0.3841428937672327,0.23949116281325547,0.031296434849415994,0.29228570254958786,-0.34067780693041333,-0.1431700958609397,0.24098925255822204,0.06549165044425365,-0.3068917952546338,0.2283382623154142,-0.39722662853724044,0.2707851600527544,-0.31617703755642845,0.350622405395025,0.018252607449135504,0.046052450142888904,-0.041026236161318695,0.00433014583797791,-0.032945537356587506,0.1960677895065227,-0.014873993629688232,0.3835377860963332,-0.19798962343552456,0.23252825266899615,0.18880548601584396,0.2978892056722143,0.01775384168183553,0.108469076382741,0.09769237931815387,-0.42105056693409165,0.052469774399219786,0.897496988628344,0.49026162369180276,-0.24350159685447167,-0.489195996182176,0.0036916632060596784,0.3119662528734172,B
0.03212207071213225,0.02832587706012198,0.3104847566211396,-0.09382294948618727,-0.07472258778309257,-0.36002877843476233,0.24586642690816296,-0.014324433902670915,0.2502740007056346,-0.30743746941479,-0.20129881362355412,0.2338423556591348,0.08339440713175766,-0.3375792588635652,0.2862084656058191,-0.40570881761577915,0.2063745569197427,-0.33909857896605267,0.32806922716606857,0.01805236269157109,0.04530996209052617,0.009552581243172768,0.04349913736494125,0.018120912063436433,0.21738703121762537,-0.02746152963560433,0.41540036736630903,-0.18629941036680878,0.19434717935031265,0.16296913386194797,0.33527981972983356,-0.004190953694959466,0.04011178106665999,0.09638941831860628,-0.3604604432940283,0.058599772074255096,0.9148585455943312,0.4691121753234411,-0.26568141103706544,-0.508710451619238,0.046766371212981994,0.2672573787405074,B
0.05121526094046377,-0.009714359927525904,0.2811088341959447,-0.11721458971344662,-0.11093058460626959,-0.39526294126508055,0.25796308815046776,0.03805165922650784,0.38151392867942435,-0.34704685356372456,-0.1608923616313698,0.22684181865286646,0.11097573750478705,-0.35847839061475034,0.23653097655881491,-0.35567653515448544,0.23083750213817325,-0.29833524087578134,0.32126710166596706,0.006780006916442982,0.05753554740581486,-0.06047920983643537,-0.03304802453582247,0.026815796512135896,0.17601264443316342,-0.05875438116457384,0.3571512913128992,-0.2494987104539908,0.20804071961802484,0.18376544755520682,0.30978967759055015,0.043261049972834226,0.12525204813568286,0.08650671956857121,-0.37494841572124477,0.09986186374739914,0.896173826018093,0.49289597779431293,-0.2825213182564554,-0.4751956455265364,-0.051077681733801734,0.31894932505654805,B
-0.012279469558384342,0.05477590220369686,0.303425120499046,-0.05817003748225043,-0.09843974021039845,-0.3214254161139403,0.3158452388328536,0.02817758045546309,0.2732432194911187,-0.34904561722591493,-0.18585612208210275,0.23808358334077648,0.08604051272138519,-0.3148077869647454,0.2596392538405614,-0.42220905775628076,0.21620670516985646,-0.26449287779525177,0.35258090808481646,0.037139990536755076,0.09716963069176295,-0.036866823610327615,0.01925538609579615,0.0934964716035962,0.21944015086921906,-0.013746298672960856,0.4158495666520132,-0.20991657588865348,0.2285349497360858,0.17850831414011992,0.31225968287133093,0.02264809989228587,0.03733265203606504,0.1047402875220316,-0.31991491685588525,0.1206390622493886,0.8904455578643111,0.43974229540132725,-0.22614241047921047,-0.47581719210279894,0.032307008063433486,0.25155805787924757,B
-0.02634692038985241,0.013033515554765035,0.24305939509142138,-0.04781558835277155,-0.07844661616583161,-0.3543685457414668,0.23241948753523486,-0.035128388751717136,0.2707247104496603,-0.3597728539399566,-0.15365836929883833,0.25191511708816433,0.09926202628681531,-0.3559788520869548,0.2427585430480844,-0.3254511726644276,0.24194401590584225,-0.27687442803291545,0.28037953089232037,-0.01691579324159821,0.1016314214205484,-0.007528773430470211,-0.04725180971224174,0.03695195261607332,0.16636883424934373,-0.03684946853351042,0.42065498014935065,-0.19022150052883732,0.22344381558331303,0.17064174736839866,0.3193227246083221,0.0028373811832581794,0.11623412217376088,0.12122555533106874,-0.3713098151219971,0.08653360188689499,0.9242138124381731,0.4202629505200188,-0.20652520050968576,-0.5393975691265149,-0.007385603800841283,0.3239570044771616,B
-0.029071877251864553,-0.017637754335455183,0.2945016766575177,-0.12932036022973314,-0.06800004355305717,-0.3407469340950551,0.25733717887196644,-0.03365478954092724,0.3039551403773394,-0.2985950737907215,-0.10908209392364138,0.2535314994908292,0.05864589099894793,-0.31097809910348845,0.27756367881698574,-0.32922323605433773,0.23480555589916693,-0.2907035706873883,0.27402350114748614,0.08244302818462633,0.13059489542635255,-0.05273260708669033,0.016820024484147156,0.009334944265664424,0.18521895843228214,-0.036699736410835355,0.41473361667821207,-0.24621425347372747,0.21458949776268876,0.17620079355271975,0.2710224673140325,0.035787886793159716,0.062002067709654204,0.1299131489799498,-0.34213008122842226,0.07893552411573991,0.9410351975115945,0.4417204268105531,-0.22661186037296005,-0.48204546435727624,-0.016959647616046684,0.3380180030066892,B
0.017311954722746475,-0.019237922008850626,0.2702408942123857,-0.11306629272180133,-0.06095406241329422,-0.38091738578426315,0.24077430986051523,-0.08321708181450213,0.2876189922731481,-0.3728127334522526,-0.13540987585839404,0.2383149094628278,0.09164505928305201,-0.3526891218335303,0.29242962457930827,-0.3690372918824407,0.24477273322838508,-0.2834209794726041,0.3518069714386687,0.0011049652128321263,0.08125062744196118,-0.04367415989253907,0.0671580728396494,-0.019699941626158415,0.24533986885828488,-0.06591733220899518,0.41606787273393064,-0.2308477780270602,0.23405121337201915,0.14486972775537657,0.30531412773932015,0.02896362824941361,0.06592256150085248,0.098593818941141,-0.3821675170008242,0.11672084660336016,0.9233976025332218,0.43781980773898055,-0.27023406998520383,-0.456694861932778,0.015223274112341628,0.2729672773838808,B
0.014815646067483278,-0.05026995502944112,0.31850516188391237,-0.011640089013315869,-0.045463110236900875,-0.4056759662938166,0.17172094481707195,0.008754698826579123,0.29891213756199164,-0.35509228021696954,-0.11524997703520629,0.23865787564815666,0.10040449668687094,-0.335985241670612,0.2510555517352661,-0.3217072618860367,0.20262984045473606,-0.29742936686954813,0.3180541442224322,-0.011791642906542586,0.11060262731211803,-0.00561671222494824,0.0108186286397073,-0.011764953739740298,0.1008766803656921,-0.049698920936168164,0.387054163969946,-0.26916661374493006,0.3012402749458042,0.16246081844209675,0.34656075138805104,0.02203195703132978,0.10056182766820697,0.07242609437500978,-0.3568621301954743,0.14469620343271897,0.9304140535174065,0.440738677476088,-0.1698753575631849,-0.5111248505780738,-0.013959974797228738,0.29840813341496064,B
0.009026401494753759,-0.03577218769897766,0.29783861225011254,-0.01193433172059373,-0.041683789117933676,-0.35566199842549745,0.24580526921673113,-0.06210133121035885,0.27344256502069564,-0.33845600672349896,-0.1630454366704324,0.21296963912743064,0.06701710552066592,-0.32317646076613216,0.2610558844070345,-0.3955680973888421,0.21591988876348475,-0.26757701561611813,0.28607334282082336,0.0011219169145164597,0.0821141908275835,-0.05699924974323263,0.0012612173203786319,0.09083182589732139,0.13801554895283424,0.01805122185846183,0.40423786530099576,-0.2489129570272171,0.2467629643299735,0.15128229651259828,0.36638826460675356,0.04634675168343463,0.08432543677664292,0.07225916200070917,-0.3169354911308925,0.09078544400624733,0.8554686259549825,0.38419091873123956,-0.267629564899263,-0.4845751702867285,-0.009683075307146701,0.27143919323429266,B
-0.013007091923304634,0.024883305479574336,0.3022137325448758,-0.07051456197945219,-0.08817965347169857,-0.38730065214778464,0.22742329268122416,-0.059005151568720396,0.3000207877449433,-0.3717527604255681,-0.13922530591231147,0.2707142761307047,0.11105123912981328,-0.3288826012548589,0.2505096865377533,-0.39565701304472944,0.21587190014978241,-0.310695781564873,0.2729926178701549,0.01634026383262358,0.06739696452548519,-0.011380075662303469,-0.017752083453759435,0.10036285636343795,0.16883442154556072,-0.026798158068805786,0.3769822676902267,-0.18885771601134996,0.21999150877923473,0.12061711990432457,0.275223759171381,0.043749493601159026,0.09793001819751487,0.09173410235282731,-0.3584603233960974,0.09297024357059724,0.9207995255567089,0.43803556009780603,-0.19681369373510127,-0.5116355392985826,-0.0028461925598617793,0.3057250540349014,B
0.04175222931360299,0.035302248140837836,0.2817670300169373,-0.08658663602546378,-0.10643534428380397,-0.3548217703494542,0.17787915121889347,0.018990668153828064,0.32863028246781395,-0.36572821624650476,-0.11327273298078974,0.2728146418656761,0.09156564364045516,-0.3447046881895066,0.2602264888641699,-0.4130885661955623,0.21918295498010873,-0.30041631781512207,0.3154795694019763,0.003627507975193206,0.06337887064785902,0.008930481879450686,-0.03188671974662666,0.028218199569279637,0.1493116173791771,0.014956606092278064,0.40682192577972115,-0.2543330989975956,0.2364452908747928,0.1291193681346485,0.33703447422317406,-0.013320817124002318,0.11536453922575324,0.021530171040107147,-0.37623024699648844,0.07008728632410752,0.9088517422055505,0.4262916663831234,-0.23608156686659923,-0.5279100743736064,-0.039839707935719705,0.2877431498042478,B
-0.03908687673361328,-0.05496112251524748,0.30199172813608927,-0.1125466730291913,-0.026472420568595396,-0.33305412621107844,0.25796394657691646,-0.0662395177384269,0.36698449678993994,-0.4139226938891259,-0.17668951268876035,0.2813657753613692,0.1001757661534112,-0.3584511448801537,0.22007727909758,-0.3770469625570825,0.2146880095609548,-0.29410332159518726,0.3738610838209608,0.0037860240486320453,0.1265039141679392,-0.017544959685262755,0.0416750227208073,-0.028889029543194063,0.21407202621258867,0.00508958214400464,0.3740069497695374,-0.18675426654482577,0.18200789663009667,0.13575645008147202,0.36524115835766313,0.021072744068542173,0.07050878761770558,0.1235892138718063,-0.41060765791550036,0.09721726366635305,0.8954930847183649,0.41716485823114946,-0.18932513276876556,-0.5359661328874613,-0.025712231699387713,0.22043193900109992,B
0.03332248399017886,-0.009879620533227372,0.2733873121737282,-0.08177122613915905,-0.034388037523999423,-0.32719821187526943,0.1794194118427196,-0.04605353449347198,0.26928139147982916,-0.3500592985421716,-0.1529312681104353,0.2048085911080269,0.0885948608585841,-0.35017243830505784,0.2670614641280353,-0.3696763128233343,0.16581098241890535,-0.2615809350214386,0.28391934371650507,-0.012649658873987512,0.07300638772776555,-0.038275904009466385,-0.04150473256675694,0.011524354648091883,0.1805624101141717,-0.028532067369165713,0.3433488659223579,-0.20787517043340203,0.2449910485543977,0.10959742155289875,0.2979615019254232,0.05015216805087372,0.12583500970355438,0.0764613417743677,-0.3654902080733397,0.10849328279285671,0.9381643841921283,0.4155660928764212,-0.24507036146371428,-0.5239723588076108,-0.04128744650367322,0.32018304120232693,B
0.007834125808544432,-0.0605182490285735,0.2828736035913648,-0.025507077708635258,-0.06192349081361494,-0.32746437053228905,0.2145890191786183,-0.003180335300905411,0.34278407495483554,-0.3455312868232741,-0.1625336513506812,0.2893686145793491,0.09373705181431922,-0.30807680053079395,0.2560397887098529,-0.3729749152006153,0.21463507771768522,-0.2906636541101576,0.33612935889096157,0.018975200407130542,0.09011087767924095,-0.05350388590188895,-0.014449770011614125,0.03348279991103377,0.1948864969241788,-0.03758709626090452,0.4352947210459515,-0.23682468889147582,0.23952534578872398,0.16372661784209913,0.3318326789209324,0.06451749027299929,0.12725369258934519,0.04692884509806473,-0.4202559379571429,0.08787110903708525,0.8679860691397453,0.4279541290226681,-0.17596385163737271,-0.4277665034432826,-0.02723165779182212,0.3013271955307758,B
0.0060511740428091,0.010372682332268691,0.2420997334899227,-0.038300882042688285,-0.043127393631245126,-0.38998520171599405,0.2683160269641742,-0.0754225545501202,0.25253825756208287,-0.3354040116838375,-0.13726210906173497,0.2514545508176929,0.1107554420481986,-0.35642161830929503,0.2797782653034551,-0.3469423722296914,0.27318275225465954,-0.33320749724254145,0.3095309670034377,-0.0028910591097850123,0.10581855342494663,0.017468094231328387,-6.170593056980915e-05,0.03394022188226539,0.22654086080099212,-0.014901446929635591,0.4150316293302042,-0.2716899280333628,0.2733806450018073,0.141032306255977,0.4103207027624636,0.0010068085918036804,0.09267283648917687,0.10621890610491264,-0.4270490244232599,0.15586867620847839,0.9197671198868177,0.3962337294342664,-0.2194571818641654,-0.4977454073750706,-0.002817192124202632,0.2767178079126715,B
-0.0020406528541260546,0.025839945530244192,0.3078404832856367,-0.07512007329512872,-0.0633262499533181,-0.3793952140649419,0.20220392406986995,-0.03388449307416721,0.28129890308581806,-0.37321541874622594,-0.22277073183363327,0.2441041364856573,0.10109908619494049,-0.3000033795830533,0.25703220881815336,-0.40945057720270317,0.2126559642433198,-0.3146666141459573,0.38140358296014754,0.012677167961504985,0.06768134132171175,-0.002037613199127694,0.009926489120330785,0.048107555067552904,0.14953846391945702,-0.02201789223785652,0.4092062178651763,-0.2907292421074742,0.20592564334539248,0.13158044522545415,0.3318851916469386,0.017227775055760782,0.08731740800156951,0.07441811782354525,-0.31758068461667366,0.16586797969887468,0.8524573456592115,0.4418078631764238,-0.19795934819126199,-0.5297518500820134,0.009608917914100153,0.2832047003255143,B
-0.03010282394477275,-0.030502910487095868,0.209085907146013,-0.07039477709619538,-0.0632311969760357,-0.4041391865093943,0.22299843888586696,-0.07543325479691854,0.31931227836608617,-0.3553671203343024,-0.12708179750143647,0.24670557475922636,0.04790391664122837,-0.35277449919834053,0.288889853072514,-0.3077030685255692,0.17208656138456152,-0.2528484802528944,0.29087319019621183,0.0014984473222351934,0.08877930587700712,-0.015042726602236893,-0.010746715334109076,0.03426277950606925,0.21875898312842657,-0.0028342185302107914,0.3650011464287859,-0.22553329675462294,0.2526626328933042,0.19653700382178457,0.2920997616509791,0.03561479892049075,0.10046468534923032,0.03955733093739484,-0.321436574530163,0.1659923102050369,0.9173889680668813,0.45803779398702105,-0.25308670193279115,-0.5233745185658287,-0.018203463503774896,0.26806680205849975,B
-0.007264297383937854,0.009275883423209076,0.2574862603073797,-0.08579672866102268,-0.06061757158918784,-0.4390869983470056,0.25987138898663487,-0.025774637437893266,0.31013746561128175,-0.30865872220544033,-0.1220551565186531,0.27458769753372786,0.08592411663706759,-0.3369900236567169,0.2262199007146335,-0.3994082002005118,0.22891696120965593,-0.26819697117444974,0.3283555317753283,-0.016025094538598985,0.0028535798522792144,-0.02805498505307547,-0.0439177142649919,0.025495637620954505,0.24169154869824006,-0.014751763483694842,0.3808920461893509,-0.2435674530474115,0.20910482867232388,0.14888823377270616,0.36241563346802497,0.03073939173272501,0.06968418912522084,0.10164437001375201,-0.30772158865920574,0.11195278763696569,0.903210996454929,0.39126850128616947,-0.2714032371604908,-0.5533586305354232,-0.004524850895292921,0.2695857895779489,B
-0.014881391713963878,-0.025394205494157548,0.2604688680204792,-0.1309985863805343,-0.06358599662430484,-0.3545794488461278,0.23348463398485034,-0.021219490836723753,0.31728869655321235,-0.33059375059088314,-0.1248041759530571,0.29209047469703403,0.12488497801332968,-0.39446970722960906,0.2576619568700116,-0.40688736877610243,0.25948200393782694,-0.278038303556626,0.3324111738667678,0.027811524996704074,0.08882119327217783,0.019697755946131764,0.048288555753234784,0.06409234319946724,0.1773914075120627,-0.08843042300653654,0.41640675001354355,-0.2456867140598194,0.21554382466176986,0.14813146282718306,0.3302889481927477,0.04584515036620002,0.0507337689018037,0.10024831227272887,-0.35771117774099503,0.18061061052963928,0.8497690601807659,0.44489186574371176,-0.21210406562720535,-0.5210002951568238,-0.01600080045787286,0.3343359188991335,B
0.025228947607994604,-0.0239634914615179,0.23872647865000676,-0.05772164452144403,-0.06050248876722496,-0.3584559960213857,0.22745708754633207,-0.006402711443796241,0.3513474604882378,-0.2974357233652134,-0.17476702505682748,0.33135724820146767,0.09728029125958718,-0.3794918827082885,0.2567664999681429,-0.36370001645701,0.21379972873595735,-0.28612084537443067,0.34518739875324234,0.04547867202858233,0.06490963098856185,-0.04579823087020145,-0.006150739741990452,0.010714849342512649,0.20982566794859778,0.011387795420114206,0.38755922794895836,-0.17922454213817451,0.2396560854459394,0.15398663125309836,0.3862540941969341,0.03640539904815553,0.0743739318976047,0.10652348547144641,-0.38892860100262777,0.0959661855451684,0.9053271036431044,0.4626482384607523,-0.22331770805096857,-0.547335693470607,-0.02533500170153515,0.2816692059694319,B
0.007247218770576002,-0.03890773363985371,0.3254869386086527,-0.0659874487568746,-0.06161408511471983,-0.3807789497977631,0.1880935131462892,-0.029441562954366632,0.3257833327741782,-0.347947355566083,-0.11812475623681813,0.254499452318079,0.0984156956447782,-0.3400187347387054,0.25502723440277025,-0.3445414812398244,0.18488492236832274,-0.26060053520391396,0.3557505247564332,0.09000659159464472,0.084644451157408,-0.09269908255639696,-0.04232576072546719,-0.010656365441965264,0.22170495400627546,0.04121408496544729,0.38179430737755043,-0.21059485061546265,0.14896797921966795,0.16953632884765613,0.33426058407018355,0.019031015652930038,0.0495286562462465,0.07088031479024892,-0.3923600665016356,0.07672386159200487,0.8593553922334941,0.41055897452672835,-0.265203938722066,-0.49135213727277954,-0.03328122570718318,0.2930303061311338,B
-0.03275866203887176,-0.031582162429091426,0.2504507353105459,-0.046046282221432734,-0.07566211112127295,-0.3979991938938356,0.20126970987970047,-0.07249589892128663,0.2817855127896369,-0.3864463635605219,-0.16323815276818848,0.2351346031400263,0.05415818306973096,-0.2995501254444815,0.23632602064390726,-0.3760477713214528,0.255756771072792,-0.3207822543307087,0.3095101052928228,-0.02218201759269307,0.08461811189957891,-0.011508579166242469,-0.06164768143341154,0.041758064221923866,0.19256344538852735,-0.023593959692330187,0.35673251464648154,-0.18903409686407097,0.27689202941403307,0.13777063379462426,0.3207045798985925,0.027214337958898972,0.06645200936516488,0.07610752798723419,-0.32114813878744025,0.10055726993062514,0.9061756056547084,0.50206267493796,-0.18662037096083067,-0.5400645564348742,0.0535430712792269,0.3359063590526607,B
0.044831610066623895,-0.018764893791961747,0.2895607671006215,-0.08712334629631656,-0.06655485839496851,-0.32303074899994677,0.23559494058717956,-0.08376362152738853,0.29214302510136925,-0.36298532935743644,-0.09650497294454732,0.231975773792146,0.06531936879391222,-0.3478744787487193,0.29163501336340186,-0.34177388398871905,0.2343366745850253,-0.27303319920133823,0.3305736474692583,0.02657940828370468,0.14416882652663693,-0.06773489966941612,-0.07186411145401532,0.029248953552991258,0.22531407217745814,-0.019121911490174667,0.3345853732682331,-0.18981785101408813,0.19445872129306443,0.11148649024207691,0.30089492848297617,-0.021727709234832613,0.08453585746468373,0.06201730034842465,-0.3919178465038675,0.17394299675819413,0.8815326385180708,0.44261870154337557,-0.18392867878730065,-0.48833933492685133,0.058467287218083724,0.2737160107134434,B
0.031422848901882426,0.014716149776669742,0.31306525092649845,-0.05004349454019208,-0.09334470834155914,-0.29088126356282296,0.16357332540849767,-0.058092986737682366,0.3237702269940491,-0.3346299554520809,-0.14618213651270978,0.27783603280340097,0.0522516465639142,-0.31149949988027476,0.2397710433250649,-0.3285564750491948,0.2081587174811774,-0.2659858633611378,0.34324515709512454,0.051450348228419915,0.08363107043100126,-0.038318444204681334,-0.012150947214409647,0.03054328069188663,0.126312780629895,-0.015421193296317767,0.405486739935113,-0.15597190949102666,0.20658556290183577,0.15562684387119421,0.33500003061421185,-0.006649604779632095,0.078270503645397,0.04120577885920131,-0.32311407912650447,0.12026854377378146,0.9104212147293117,0.42195827293095045,-0.18798663637193053,-0.5412081669272716,0.0027142004615883955,0.25952364308779785,B
-0.005496261783771387,0.03813165478965104,0.2973863701719136,-0.10300540806710912,-0.08584797668103528,-0.3869683967555872,0.2063642025983727,-0.023988238149085843,0.368850948919373,-0.3601322744460311,-0.09230501109270041,0.25626071781008103,0.08719998164434363,-0.32887100559987537,0.19275623990524854,-0.35694447744941654,0.1443362081885639,-0.27374337908491936,0.3290048390987678,-0.021752488431437792,0.08445302412822944,-0.03850936071612493,0.006488724616431497,0.011651183081085273,0.16556054878882542,-0.022417521456311686,0.4199577971078465,-0.21936100136659564,0.22489771314476933,0.16947009886915432,0.39831593391643155,0.020747780301668097,0.02736751585912555,0.054551830945378015,-0.33392970830148627,0.1479253668287071,0.8691029715876695,0.43976450275420736,-0.2299709952089505,-0.5317287543325047,0.04727061399951162,0.3295216798285127,B
0.010324600187102458,-0.012597134045483382,0.3119009490878486,-0.05995661023480412,-0.083297032739544,-0.346440023097669,0.24247017959261954,-0.0819866635940822,0.273569523453517,-0.3832310748353543,-0.11926348506178898,0.2353047453845723,0.0963500696492899,-0.2715407338420571,0.2674708585582588,-0.38315432669553046,0.19498706859437642,-0.2892104682798879,0.29328836512415757,-0.010039501769881571,0.05836095634109657,-0.013756600880040524,-0.004526400829728829,0.00919980693793554,0.1973078863793096,-0.0028713855935714183,0.3361085882687971,-0.2638923846772091,0.21482430943371836,0.11655083295672326,0.3558642214111831,0.012616477736958637,0.13236409023883938,0.06681493561304953,-0.3427443371502398,0.08253483225942898,0.912102040956965,0.4563551188782538,-0.2039170710531902,-0.5126925447174832,0.03932402306957379,0.30358834167757986,B
-0.019294555620528477,-0.01908022176597085,0.3050788107579369,-0.037446893573458394,-0.1038476633109991,-0.3530546410567539,0.18680251432903452,-0.05069040048897233,0.3180283233053746,-0.3687747676948629,-0.10622688038631581,0.27462659953985247,0.04208921998538953,-0.31703294934204823,0.2040357653411225,-0.37047426385123766,0.24361694821410856,-0.2587410891813252,0.321530671575454,0.013966264281315838,0.04777589177829906,-0.024245097404486885,0.035233983346496876,0.07790011390448834,0.16954831193810538,0.0007114222365626581,0.41692218612250764,-0.22648714233890246,0.24803424921267236,0.12550467195698434,0.33793877618705975,0.020193137348839388,0.09174221481806112,0.09714750611648112,-0.36786468224527724,0.10225643898797344,0.8936151451655137,0.4083832657258208,-0.24164299870684847,-0.526035587829212,-0.03259956135029797,0.2704846963849715,B
-0.007747705864629344,0.001650723262462792,0.24590386981012544,-0.03936571066735641,-0.051785356316629366,-0.3781400753690044,0.19482546383593502,-0.03854234990921904,0.29513856912889486,-0.3757637283045631,-0.18505217155444242,0.27936293931178247,0.06781494035227574,-0.31012982326352734,0.24325172486113852,-0.3480348660593355,0.23884716088818908,-0.26602027043219634,0.3595998976740608,0.027304811419954837,0.037667833979881216,-0.06977934873928224,-0.008484636028772792,0.038216756393403564,0.17123062908476389,-0.018529269423898986,0.41005821267491205,-0.20726031698526964,0.15767143307845743,0.11438790693246928,0.3832056021644894,0.036313743645015176,-0.002554284249150718,0.08354409289325891,-0.2979239490086942,0.11076052743419203,0.8988060140345383,0.3862162346802879,-0.23867603172545485,-0.5579607790847122,-0.03546007768164486,0.2510641220173283,B
0.052183200714482444,0.021841105280003596,0.3252436166883904,-0.11507874829258209,-0.06446283040494606,-0.40582687970705156,0.20435960655050128,-0.018082606483340695,0.30870040966825846,-0.3347624856061997,-0.18788325252472238,0.26019695332044257,0.08796609687723224,-0.3569529142329305,0.2354887470251629,-0.41994407642931875,0.1526258813029488,-0.21977044789642497,0.3302663030188732,0.013527442865427449,0.10645694334916182,-0.05582620568461105,0.014403987421682043,0.04914584660295541,0.15017032513999565,-0.03944856015069398,0.3525650164065955,-0.1871357744552877,0.23256653500818333,0.18514596979859263,0.3555128590267715,0.01868942077625623,0.09075912531201158,0.09409653867028427,-0.3299993222146571,0.14653911464552283,0.8647597521514996,0.3847775139348571,-0.26208632880884314,-0.49448067273781626,0.013626373892113129,0.27753503039143895,B
-0.008153163760533128,-0.025028909308882873,0.28000130654115507,-0.09618651497275725,-0.02108152754395029,-0.3358989196180748,0.2531068563602255,-0.03122841315859079,0.33751227433100656,-0.34038722570141555,-0.14536421630424626,0.20452983086143714,0.0853552279135756,-0.3754321805228134,0.2315619390263778,-0.3655162878341183,0.1903365801034979,-0.26565860046571643,0.35567313229922964,-0.0022193718243653238,0.08603164534655355,-0.06711675416186656,-0.023908372507440816,0.025259371477162444,0.2046353879638872,-0.06996557971416273,0.4554476380760444,-0.22709870061773413,0.23262732254118082,0.13397177747066183,0.32169631200351023,0.07208233970435174,0.12359986057225986,0.031939224738778464,-0.3689129485049005,0.19106585775499701,0.8844835730958073,0.4537475360608071,-0.19645798208384505,-0.483066592627248,-0.08331305935116087,0.30461833155401924,B
0.05247924521939884,0.0008819293987852583,0.2519787147252912,-0.10603810086302169,-0.07615785766358676,-0.35532743776997583,0.3180822851519646,-0.04085956108461931,0.32019534975508485,-0.38968684166282025,-0.2007481504856377,0.24146189946382604,0.090898054367504,-0.33928669279406876,0.24524462674863365,-0.3788199918711424,0.2164651161913094,-0.28883514748620986,0.28363196575988225,-0.02045019175890229,0.12329193980430525,-0.05441955377904337,0.0038829712304290923,0.051656815298504986,0.1751436106534647,0.001635997237150473,0.36734690349683546,-0.1655307960543378,0.23321577255600523,0.1491900010784297,0.32528369164173176,0.049483226464122836,0.08552261028937566,-0.01446814124306374,-0.365444168706169,0.11220599159365288,0.8684279121600291,0.42595177787892813,-0.24218984815465133,-0.4608148177192741,0.0191479439224491,0.3044707331113316,B
-0.034973593004346736,-0.020540709326438866,0.3087219711628861,-0.05557151144592408,-0.11280142979222127,-0.3336018668199435,0.20557391737562736,-0.021416659906279598,0.3853414834856789,-0.35590072483994584,-0.14517349394828155,0.23960549141010304,0.08279252901817957,-0.2939431304217792,0.23781051886331353,-0.3794144664975004,0.25040386157699357,-0.31791696699311944,0.32661475657789946,0.0024641404591302617,0.07537055070626889,-0.05634328483410221,-0.031765031068796586,-0.05029667834047059,0.1696505936841357,-0.017850066686753235,0.4183850910120821,-0.2522564893079402,0.23097437320774658,0.16677294314977859,0.34103409566915344,0.03426446545055074,0.0135658476793966,0.07786463240103322,-0.35447137521565697,0.11890810527967924,0.9390989419234324,0.4332931515368212,-0.240898202009085,-0.5047482088697652,0.0018670629563282818,0.30757335679892056,B
0.015872428907223637,-0.005283467811056619,0.29819133336005704,-0.08193787913718344,-0.11369926283277024,-0.41027065101646804,0.161343826297805,0.017715345811100194,0.3418939549348212,-0.31230828408554684,-0.15669110885196091,0.2856695139224585,0.10446850859556886,-0.3803221215036777,0.22005981991628995,-0.3544607153838042,0.2026246200150523,-0.3012372266848898,0.3488297201434151,-0.0005543687524703841,0.15695796665940737,0.018105276472422136,0.004695520043220097,0.053446518427473985,0.18882831284072524,-0.03716347763283924,0.453329944183995,-0.20047829629075278,0.19957033665689947,0.16379707531846407,0.38055176221953935,0.026602515026180034,0.08472281012868063,0.07246053870771656,-0.3414437840777211,0.07321293141435171,0.8736084520085078,0.43079671436816336,-0.22551906983379016,-0.475291104225178,-0.003201338209112705,0.3194228079873266,B
-0.013208478251280674,0.017660988093724607,0.31918362845005843,-0.0788291580864089,-0.059647771243251636,-0.3931742209799863,0.248986417237191,-0.11620914750844785,0.2545578635654272,-0.32616539791001187,-0.19927813389234733,0.2417010083526788,0.11963627930416967,-0.31077956586446487,0.3154939971319348,-0.3683235986418514,0.21481529494974444,-0.279715706334698,0.2963760046583481,0.01789973449425857,0.044694088818273615,0.0054697793599637785,0.03325278630319333,-0.018856040045380953,0.1632811668890734,-0.012971284228117205,0.40212135507598745,-0.2436775416164096,0.22838849250426022,0.16713465628461743,0.34822880919294746,0.07707162231047406,0.08593758334514302,0.04422679075242139,-0.3839390676532943,0.1402320584741904,0.9458023066999374,0.4400210053035922,-0.2190782223910601,-0.5058724406131149,-0.0077293988202485585,0.249867709662943,B
0.014318198736925025,0.053458515365811025,0.288320619257414,-0.08443324530548428,-0.08313610769691987,-0.36067645233655027,0.2659263652467675,-0.016185692633422757,0.24724630390076924,-0.2910781483171382,-0.1252015518009357,0.25096597355411293,0.06162545428167432,-0.35009920948945167,0.26952620160415147,-0.4298493380944044,0.23270857387145505,-0.2716036461530978,0.33211885310830114,-0.010588658836969852,0.0313880960584668,0.03760871254660851,0.015087340860779466,0.07403700176075245,0.21033261879525636,-0.021316084149700217,0.4009448601507826,-0.17978236370643486,0.2621890318322079,0.16427506252990373,0.36301130749714167,0.060741994531872553,0.08832516884653999,0.06333860864100238,-0.33708926434183,0.08009787587183813,0.8860621511775932,0.45299351908890917,-0.23292633010502256,-0.4691981780997551,-0.018599001409105885,0.23075538706025825,B
0.0393010649879068,0.0014254748379734408,0.2860660540961592,-0.09902711891744014,-0.1266948366517623,-0.40014912326327323,0.248493426025931,-0.03820063485701995,0.2933595532288939,-0.39432873628258575,-0.09586104897007343,0.2545903306953244,0.147792564573254,-0.3256936936092124,0.2901790595523681,-0.39211896256657247,0.17186606550301745,-0.28561496010542725,0.34092152662457964,0.044353284733141526,0.0943456357079557,0.03903025657181705,0.022854261978947514,0.006655846379482968,0.17622585838800947,-0.04884820541937145,0.4027831259445954,-0.1797454436944337,0.2686747172998458,0.14109051742884748,0.3286424568928181,0.007284163463371372,0.10748524272876409,0.044415070524450005,-0.37366298437704065,-0.022185377684550867,0.8620970390443263,0.4233352060245885,-0.24587280332639003,-0.5475105655459798,-0.03268197440774042,0.3324465053582426,B
-0.023397798914424738,-0.05427797409007188,0.2519288025968691,-0.10626137293973657,-0.072296237417436,-0.36479558005907925,0.19078575589967128,-0.023156834371924027,0.3453284864387767,-0.3128686202305471,-0.1328228158609473,0.2686008758732589,0.06802860750397477,-0.294130660185465,0.2565240079864597,-0.39471661482914544,0.21277435338051856,-0.30029104314496413,0.31995519055880456,0.060758976390118846,0.0772214076984306,-0.05356076730435787,0.04231973748220008,0.05425416906728992,0.15967163646620028,0.019709772971843204,0.42286306013448166,-0.22874986326983412,0.26297208362280405,0.1130384234028462,0.3157769098938062,-0.006316347702659399,0.04913669972802134,0.10698515357267821,-0.35244242112541013,0.06921434268993319,0.8797859927825635,0.42112798648638433,-0.22302401150709977,-0.4404705664412346,0.007385761118048621,0.30275736970598915,B
0.04623474447768134,-0.016285579412882174,0.32320050847576254,-0.08810974839937528,-0.0809918530887496,-0.38547495922390446,0.228182729165463,-0.03741392790155583,0.3140839792183038,-0.3560779493962553,-0.14718586302390863,0.20801962275535862,0.10100740327084269,-0.3027361442594609,0.2502938920458196,-0.34814959222178565,0.19217439129206287,-0.23449256795524798,0.32982705942736384,-0.02385895779635475,0.11897154155457759,-0.008190877751260744,0.06724829845638022,0.06587450017746954,0.2234867656406243,-0.010469115424228315,0.41537873596644914,-0.244551606833057,0.21809518723285556,0.23952231599188017,0.27839809308080216,0.03583918576137774,0.07725235738636456,0.10705281964193013,-0.34604452509605493,0.138983763622043,0.8979285133230384,0.46429505325534476,-0.21957907127303927,-0.5174125220876831,-0.011807399891494897,0.3329352411030193,B
0.01874840166556179,0.029886067197216096,0.32085798114460345,-0.09090829564260479,-0.07831058764363967,-0.38580818759386337,0.26232706253952787,-0.029439685561448808,0.3088341237941145,-0.37499175075943864,-0.12547841344991828,0.28208361061936177,0.09436521745227827,-0.331812540718051,0.27494419620930105,-0.37205551986324087,0.2598850867420741,-0.2585736311822615,0.28625451557664205,0.020288440696564027,0.0922578909635718,-0.05062196180969266,0.043486148923980956,-0.04332405697502782,0.20734607256926435,-0.003978007137888671,0.3343630682322787,-0.209087265626205,0.21335606437654767,0.19252119193423625,0.30510336549384687,0.0505071618000835,0.10838533950552613,0.06967465642364686,-0.31307078397959254,0.09008094474999045,0.9374503375933029,0.5191979103221019,-0.20264237733532564,-0.49029902602031666,-0.012979805794755812,0.35031101526824726,B
0.026647071655078,-0.013813024274338837,0.3281875867468935,-0.07207814455312643,-0.04988039624521257,-0.3878961655559746,0.20323558875239456,-0.05876377704452235,0.291894766164551,-0.3279540248942741,-0.15914221390914507,0.2326303650172854,0.049001563724477976,-0.2987024773099338,0.23997183190774982,-0.42931469728141497,0.21706502840914885,-0.29248166585028756,0.33025514633726527,0.007278222448129267,0.12111617159914739,-0.03432463951154498,0.004787380287000652,0.00647699318024029,0.19744295358120595,-0.012840526131005016,0.38226262446450165,-0.21147673880305062,0.21881485403319756,0.17548654082446782,0.29156450861358885,0.016313727450128046,0.07256926492791581,0.12329292493022768,-0.3167426988610146,0.11431125514544056,0.867641718742822,0.44278434333245986,-0.174160159650186,-0.5131249602835908,0.0050721594443521945,0.3001917335100407,B
-0.025493130971808133,-0.024269259840984474,0.2589140556497182,-0.0843228671346784,-0.05691972122895693,-0.37048599090897366,0.24661455758207923,0.03264642048031349,0.3811820583924078,-0.3405342111196742,-0.1225038313062777,0.27614234947634464,0.1098431334964814,-0.3054461461503403,0.2278004656203152,-0.31114550198228175,0.26323030435290773,-0.2510227516477473,0.344691192408166,0.03624696158724412,0.0886668736123618,-0.006093356291206099,0.018711946867142965,0.027297594087725835,0.1839401593177966,-0.02869360808621199,0.45145997384999814,-0.20587260732269005,0.21786494581246824,0.1587206699219528,0.2977456776122027,0.05852466995645103,0.08257463037798068,0.0754010265489205,-0.3611278280813203,0.05896097036491073,0.9560117638840986,0.4508082220244081,-0.17243893849806277,-0.5124165988274989,0.018903545967936995,0.3206732495808836,B
0.018721848913815585,-0.00952019237012314,0.23410463534927958,-0.003648338365377507,-0.08809931647363563,-0.2954674678073447,0.21728743552562235,0.013192050273744427,0.32488548347309454,-0.320427863337985,-0.16505231435028636,0.24816716940846467,0.06975872278289934,-0.32845385218064793,0.24110475592092545,-0.38278675077210256,0.19283156061787154,-0.3015296857034021,0.3401334959004002,0.0032392649253873175,0.04953856819372744,-0.025492590804305094,-0.05435984496870605,0.015766395984930404,0.18559742381275807,-0.0078015841430806865,0.4042209625392046,-0.25052982876934937,0.2208186592481848,0.16957868411560112,0.3427693562281906,0.003075829591796482,0.0909128259747563,0.10889913456500536,-0.3812919892878101,0.04373962647904601,0.9506960324499373,0.4505271448589661,-0.24426833276364793,-0.523410780437401,0.005617329909048081,0.32582996347791204,B
-0.04529364410614458,-0.01202833679471232,0.3328331564716098,-0.05063612141424187,-0.048006557685143544,-0.36335317530875016,0.2407076324584989,-0.046211155466913074,0.28658981653900273,-0.3191654133600473,-0.16638772722989084,0.2648841790232817,0.08208697686458538,-0.2709402907054663,0.23883414894833804,-0.3355313540135077,0.23851651039887475,-0.2835373308419903,0.28680159570755337,0.02270605196812182,0.10948698960415504,-0.06646742230788133,0.03617062527862406,0.05624492967638642,0.18611250312007097,0.0027223924040726925,0.39819553842848127,-0.19505095959576602,0.2712126768816777,0.10337601913573696,0.3072715797709382,0.06405238534591383,0.12148933948593986,0.03921467888981815,-0.30513391026727515,0.02538245615022111,0.9162418164185742,0.4476309259966839,-0.25254295716370256,-0.5288105052978046,-0.01782689745194249,0.2884748385411548,B
0.05958106123774887,0.02469310912421626,0.3262462577750497,-0.08503700473538675,-0.06327802158007143,-0.40773190976362217,0.22303985253976275,-0.048740889664196735,0.31799548879096967,-0.36455501848003297,-0.17530544827229624,0.2682597291467903,0.07592940311867889,-0.35771293993709496,0.2182474939048042,-0.39161134664630726,0.24173579303591822,-0.26749419994874235,0.3014659020250773,0.0028332340832723964,0.048089897740627996,-0.041520642870338006,0.014787967815034771,-0.010409916666641619,0.24885169782531869,-0.0059750355872225,0.3930226376446432,-0.20964022407407307,0.18466313098252096,0.11402446489193371,0.36991490998764776,0.07558490708793796,0.011973978852220193,0.09556398187366691,-0.310553863120119,0.09229437563567992,0.9430544367786864,0.4640875245234438,-0.21702227191276338,-0.5160038625096866,0.003976911463799865,0.28117699125208373,B
0.008893714895281941,0.0075841180133627405,0.2701855046098277,-0.1337857210109582,-0.07603543219259606,-0.40612026834569676,0.19776702612004365,-0.05286584663006545,0.3281427834031286,-0.37668332383696795,-0.17682186679730466,0.27757241552748774,0.05456551142026583,-0.37051291831430105,0.2679119107250476,-0.3744692190157696,0.21925755506037173,-0.2867360779487552,0.33682047409973825,0.044859147555932496,0.07882029956934682,-0.07466728728325336,0.020023781618575147,0.005758136156646769,0.20895083433386774,-0.05155683477240441,0.38455606428047867,-0.25664840834705616,0.2498999345212679,0.18675579140587528,0.31558821388151326,0.020709487799106675,0.05414534738981887,0.06005482811062882,-0.3311961969875253,0.08742208964135642,0.9117286289937248,0.44061019622629505,-0.2080327083211404,-0.5204360725285403,0.03377290121880988,0.35086293146644465,B
-0.05101049464062784,-0.002765079909326091,0.2804306697598827,-0.09684607849873376,-0.05796055667737566,-0.34196615370754746,0.1721726161150796,-0.09365642940341225,0.3530591688382962,-0.35053747941331487,-0.1475157858915034,0.2243150789094194,0.07886486493627196,-0.2956306549937795,0.25853954836989207,-0.36480292241091394,0.16419741894014292,-0.25773927088562437,0.32440882232366713,0.006055062205660714,0.1017851519824129,-0.0551585709073337,0.02792253848289094,0.0524648997787189,0.1878587247647589,-0.037408346471089905,0.37682335979705406,-0.20071184251142907,0.21344441153174348,0.2209899947282914,0.2877746584959553,0.022639078200666213,0.08661286312998223,0.08605797646437972,-0.3688256199913842,0.13951451491383865,0.917479717877012,0.4632607048271444,-0.25058734998825866,-0.5207462446538733,0.01586109936950457,0.2615842489580209,B
0.019966980052097724,-0.0030285148543262932,0.3151520022785358,-0.08820327701868515,-0.015760467591968405,-0.3632689790550613,0.24700615385881866,-0.05294304163101794,0.31093652135167427,-0.35982638074829265,-0.19641000126784355,0.2504995792164839,0.11241943172821019,-0.3386205271385026,0.2348224739243457,-0.3798077725960509,0.28454484566547333,-0.26176737893452806,0.27642103752787894,0.008000590183671046,0.07048537954771836,-0.05135910692684771,0.01303003971576205,-0.0012585022931242487,0.16784968368377648,-0.020082946929860637,0.3477662383095205,-0.27672453730314883,0.263689925240994,0.1751121586713702,0.341294915202896,0.03567199284773573,0.07275814470514319,0.17193144361832519,-0.3462143841306745,0.18078953207428916,0.9593583504994152,0.4549166136384231,-0.2368492441516068,-0.5081837782614224,-0.010811199466777327,0.30842946883720224,B
0.020213844436878077,-0.03672567032776627,0.3616481233579216,-0.09880416584222318,-0.15077539189330613,-0.3780380039625384,0.19693997280698536,-0.033768745106103636,0.30546406615734867,-0.3299909423413037,-0.12002385193877939,0.22614495963280243,0.06663483422283634,-0.31634051607309643,0.22392442025244924,-0.4269071322249888,0.23587916550771915,-0.296977643832083,0.3051668421968018,0.027896937157799003,0.08263404531254998,0.00019369352648653665,-0.026372313993573475,0.08382292672147618,0.1408080617676754,-0.03632098299178592,0.3679321931660583,-0.2105261955190572,0.22696849206708206,0.15498631048584888,0.3380680491047696,0.06572385043994744,0.08313497000631952,0.12310326574839262,-0.4045149328013719,0.0370164505400115,0.9012851963141554,0.4508769809643308,-0.246565333858206,-0.5089682457682355,0.03347348712008743,0.31470980848146,B
-0.009898933266166992,0.005936087391780368,0.3059806507272426,-0.11226112394069848,-0.09433530558790441,-0.34788344216079625,0.17950323409690322,-0.06487631827395161,0.2669353185691525,-0.3158142529830485,-0.18274457538417663,0.280125986534431,0.06693534433086563,-0.2833357536601713,0.24749660645708094,-0.3385770020476083,0.2311081280654595,-0.2935449951015106,0.3237448659782705,0.024546308716674795,0.06865439906132746,-0.0030856600305520752,0.08641753708158269,0.019433916970394535,0.20473062712643827,-0.008824403916689476,0.31568627301462804,-0.19744537297798695,0.2396509305702713,0.11253771683374472,0.276572868809007,0.03934640309977602,0.1277943120464575,0.07037251113568237,-0.3619529747790653,0.17179592587044223,0.9243537972726471,0.4046391178166736,-0.251939707980766,-0.4432857782753835,-0.018677343190710377,0.2786023917752564,B
0.020119100562042882,-0.007905603635703423,0.29651690352051524,-0.06673839326562321,-0.07454002908571213,-0.3393036427122636,0.19313482816327163,-0.02864099081857775,0.2859292315195641,-0.29409017382757374,-0.15543312890803002,0.3140471922348147,0.06488239320431848,-0.33342260966606807,0.27628996192244853,-0.3992522422661351,0.26257032716906914,-0.27923653405423204,0.33646804061403035,0.04067557425085633,0.08022824982960544,-0.0540168383635129,0.013926286653974666,-0.04438077274084601,0.1439118866965421,-0.02889158989544771,0.44040846708183656,-0.16668012409909932,0.2557892553328232,0.10382355535858763,0.33925103116328703,0.0007137838802111149,0.07641941884025845,0.11008755566142875,-0.332266550585694,0.14104204427240302,0.8551974669440775,0.41038232321319557,-0.18535653527667645,-0.46301056269162233,0.0007281180478179142,0.29389838307798877,B
0.03518431330387121,0.015963942418857978,0.30140421620300256,-0.10311914857306878,-0.035704958356219195,-0.38157389362252336,0.18962253321561862,-0.055606248292725965,0.28542390191599903,-0.299008932543397,-0.17109845860889622,0.26790988408250627,0.01422729236626187,-0.3085927910296238,0.2198992476048667,-0.35886060467459147,0.22901031093931226,-0.2610304063301311,0.33409040446425575,0.08173084026149363,0.08877200261074515,0.037733000387130455,0.030231324601985465,0.024199719609559023,0.2099775996056057,-0.018786838323253334,0.40746266489127714,-0.20177360494046606,0.23383067106528,0.21355092760370833,0.3983993376685623,0.03634289800546668,0.11621949077689325,0.11748092736792451,-0.3192204301110306,0.11889818437602508,0.91737610406501,0.4582034286898633,-0.2521061781875478,-0.5106235221131312,-0.03469030132721303,0.3118926802767769,B
0.012935172830009707,0.02097966918923603,0.2599704408987678,-0.046440043128207445,-0.05604637644247627,-0.3085953553474693,0.25557469072323247,-0.05009902492396652,0.26282857220450384,-0.33680467260180885,-0.18107615713957956,0.23433372321224685,0.04855623748031115,-0.3541307365774693,0.2873329463248996,-0.399605516799924,0.20455675180552252,-0.32293683598323286,0.27292902051702667,0.015912373306897647,0.08873442852941349,-0.06423352582062909,-0.03448369932095135,-0.04018164865042186,0.18759544866318636,0.0033596861248268474,0.3511391372071808,-0.23162506423381568,0.2588734837164445,0.1435888118073673,0.3272165489130505,0.03794110516949433,0.06514067929703363,0.0581213555099174,-0.34278285491953064,0.061108997350935224,0.849107692591794,0.42030579640045024,-0.20918787377211562,-0.4737901511663198,-0.013033586755374466,0.3195081432995304,B
0.04145110788287857,0.0011325864270366045,0.30230686379487653,-0.0193778404130458,-0.09132946249359267,-0.3828328877528491,0.2794085043684983,-0.060372740206382114,0.30800191023771495,-0.36219791144459024,-0.1092883406654507,0.22082524771065548,0.0755205958056639,-0.36810577364646074,0.19965008637364856,-0.4275283483565876,0.21235729743955079,-0.2655105136577541,0.3246708307488988,0.03133320799242841,0.0694778071467614,-0.00019153570033219464,0.03293330671250803,0.019724114616465515,0.1893953596286235,-0.03866182327107075,0.4523507169808402,-0.1879461190969887,0.2233209945648396,0.14481652593509584,0.3185370151607832,0.017571821371167973,0.08582769562084133,0.030252328035982545,-0.35947623777424204,0.09861378341224825,0.8972247899901301,0.4463054645626601,-0.2295931447629127,-0.4965111342585145,-0.0028354128809137185,0.3242395131960915,B
0.019734934657313737,0.06737814026755852,0.3042663351109388,-0.09772964606376253,-0.0748893214933267,-0.3908032936107222,0.2316321546315292,0.0007699926222057216,0.29362078392987323,-0.3604048103182056,-0.13471088004028947,0.2319113634259633,0.05130512890619589,-0.32523768165701517,0.1899002793457753,-0.385066910902439,0.2429724618897649,-0.33502807007701885,0.2712954934405161,-0.018724644844542945,0.0005747538015984932,0.027177084023426796,0.014713868137957763,-0.004155343626259023,0.14452764526743525,0.04134791337340685,0.41363847232809886,-0.21604399886977316,0.2629908434923832,0.16165809841177908,0.31516875916891224,0.008339571969423625,0.060723747883345176,0.0509717682337584,-0.3186557549443604,0.08700719948741677,0.9380696711431438,0.41620651073028747,-0.2485201759910907,-0.5222365547220422,-0.025758678232423414,0.277006583208896,B
0.016517274098548414,0.03605978840975428,0.2921861081639117,-0.11109516083840082,-0.08817087388870973,-0.39294267767978897,0.2824083675263615,-0.002599243440427522,0.33976263420926767,-0.3646179226956271,-0.18840308664233238,0.2735705208914793,0.0637285400387824,-0.327949344232827,0.2560208635427846,-0.3824386265932174,0.24742068290897679,-0.3238320309977045,0.3274031099249187,0.044649663292783415,0.1335778879902728,-0.025678462843955002,0.04882220355233739,0.05171112719816011,0.25333633657780313,-0.01497646783675854,0.4555502894908134,-0.18789044903590113,0.18038113841156608,0.15085735594365385,0.3027315997609553,0.07243964309208363,0.08349304629170072,0.04186581358492086,-0.3255198789976722,0.14219312979212967,0.8853789208973972,0.4276558948427672,-0.2244995386632385,-0.5629845071035661,0.02250520089958267,0.34533876103376504,B
-0.019520806305393067,0.05529177504335693,0.3130588741834034,-0.07768537594651806,-0.051140716102137954,-0.3276534129904709,0.23564773852378015,-0.020388762149742626,0.28727199988807817,-0.3469456796463047,-0.12917549751723836,0.2509586685172833,0.06243177924250208,-0.30216732232787835,0.2581219212289548,-0.38498864625713697,0.26988144648179174,-0.2166115451464327,0.35455922223880154,-0.011544740579926115,0.09472095315448543,-0.012064281719258274,-0.03644954861859261,0.05172042068445196,0.18950708869877794,0.008988725531726069,0.3848218524647806,-0.19766578224431627,0.24236256452064614,0.1556529305498718,0.34496964550192966,0.02241870451685798,0.04294456894781759,0.020201839852953915,-0.37052349313047594,0.1262710461337514,0.8663088381446791,0.47289125358319717,-0.18881400311143243,-0.49448256989958694,-0.003765065026541112,0.325340658688868,B
0.034710544376270414,-0.006753211221652397,0.2857585139479037,-0.09977957461121284,-0.06159977020353627,-0.43759279079865304,0.22261710710512855,-0.05776268479385524,0.3006938193858994,-0.36720553510544607,-0.20759184052143942,0.23675248620788789,0.06326472923314974,-0.3047400267388427,0.22441461917964314,-0.3960109936666062,0.18154058742164147,-0.24574356278047743,0.3174307209349732,0.0324647847472965,0.0361963249493243,-0.08236816076217357,-0.01595693157111383,0.06465503320516747,0.150490064701357,-0.043472016822626885,0.394375280687568,-0.23094712858714367,0.2407591853187571,0.12506295317365962,0.29719779477486036,0.10806673352628828,0.0503329062391755,0.10530731699103056,-0.38027014542591414,0.056318227642656225,0.8947663620342449,0.40083995435386177,-0.24234393904186055,-0.5325394874144841,0.03876915039677176,0.2483412459913789,B
0.020276587272347265,0.008553183269955458,0.27634160534621577,-0.09811935514813253,-0.06501748377352261,-0.3688254690613641,0.24320562991605196,-0.040239932772951716,0.26898562436514245,-0.31699546010481516,-0.15030277993105273,0.2379827456998454,0.047486958868273116,-0.30902289552769385,0.2851775620878724,-0.3533250941482046,0.23657082875493915,-0.24484852664669896,0.31326546697831853,0.08831798952837902,0.05072281501655459,-0.037023821616917404,-0.012047383459983138,0.01786597110755265,0.23515966154117296,-0.03184066293299999,0.4066354456383702,-0.29943668919400823,0.23923598524218412,0.17994943368623717,0.333916389382674,-0.0054570440742440045,0.042421771629650586,0.06481631331325234,-0.3882681820225338,0.1498265111792165,0.9114991464267724,0.48440755652219153,-0.2392226123475473,-0.5315995004571915,-0.019874243298216552,0.2807332997620486,B
-0.01483041136720608,0.0366537527165137,0.31062352190445774,-0.0672483623128777,-0.1199779047285755,-0.36673240474444047,0.22206929767607614,0.010021150766004717,0.3301992704377519,-0.3390845027477027,-0.21313033127157524,0.25228633516345367,0.05793577151992199,-0.3245366892606475,0.20938315326598284,-0.3627149790063722,0.15075247686708765,-0.3215885269492535,0.29772556684160406,0.007909474537703118,0.09417737256479634,-0.07937444920681948,-0.008135934700803442,-0.0025138573101708903,0.20387225660027905,-0.030440256352620723,0.3649666096083183,-0.244557299270626,0.20982192073687767,0.10054279193066057,0.3790044012006928,0.02640118928001184,0.05102927922811125,0.049818512295083654,-0.3882225569619153,0.11368198326184892,0.8478728179956732,0.4357273780840356,-0.21334083428138065,-0.5262428695284977,-0.029142518233732644,0.3197303623383599,B
-0.03395802098540724,-0.008330652587314883,0.28667074205958654,-0.09349858052646531,-0.10613733310495505,-0.39233936136333203,0.2416029657103697,-0.05402243312654045,0.3169851804673821,-0.3510062282562795,-0.168351258724871,0.23460660952253953,0.08449688453841167,-0.3028885177865182,0.2473021630560253,-0.39952794883156534,0.2500925094829396,-0.3065770827237015,0.37598881395338124,0.019469294704616336,0.05615736912791952,-0.012960301209192185,0.0017563065389244823,0.029243925801766796,0.18599238219386666,-0.06606377586161247,0.39188569262945194,-0.1971501501739913,0.22978067470906038,0.1876705080347535,0.3395844891186184,0.019274768466179013,0.0847433479065895,0.06667920988218287,-0.34118816948177916,0.11332021802657187,0.8603112831039967,0.46424499720019535,-0.16354550632524828,-0.49228415107487133,-0.05968764119603807,0.2817958657075721,B
-0.03838222792448998,-0.008753917179321963,0.3037924911064328,-0.09692307272942279,-0.013644684738084556,-0.4620057755783403,0.22394999605619864,-0.020787916000906796,0.26675308348745036,-0.3759843507120278,-0.12751086399778275,0.31422115894640124,0.13891588770882274,-0.3470944281700882,0.284186780898671,-0.3726486254993232,0.24479830043310707,-0.2863394261231271,0.2900806804794868,0.07234976333478901,0.13838536290964157,-0.04234659681554194,0.039198186539198314,0.011608101751446484,0.2486595849833978,-0.06947579211148137,0.3886392871495781,-0.2556101128051384,0.17880468555819062,0.14651852374283947,0.3167152562943685,-0.0038073861010227035,0.10355149789962126,0.12041492252305977,-0.3366169607130194,0.04624377912963911,0.9076590257782302,0.4509588962657951,-0.2558169569498746,-0.49828844664241617,-0.013995373871029613,0.26998929758748685,B
-0.035481554730152534,0.025030252949091752,0.3220170267435029,-0.0796143638686506,-0.040644230397770785,-0.3297898068141612,0.23533239884263454,-0.03448819752687824,0.3174251976300357,-0.36848190891209304,-0.1337929468468756,0.26090206699356405,0.038334026690208516,-0.37554666071350584,0.21408774714168674,-0.3552058497602182,0.20717697533543766,-0.2807710289288325,0.36511079016652664,0.03757942292336526,0.06323456051879736,-0.05933578978554189,0.02025251283489357,-0.013173748918546592,0.22082312626181194,-0.0173153058948226,0.39786309870587644,-0.2408412807537867,0.2449863935931038,0.18384865358267388,0.3261400162123149,0.05437873101226351,0.06629064930939611,0.07958405700883535,-0.2894220246620223,0.09140223306604969,0.9136646803783605,0.4293942397789066,-0.22213638176713704,-0.4877802849944362,-0.02581125810136223,0.27344381261296835,B
0.01703000453121179,0.00484884318337602,0.3183883803881984,-0.06727711452005834,-0.014380708162632226,-0.35467951796661085,0.2877527242311223,0.018519737681110704,0.28407622951618144,-0.29893755749360273,-0.12199140866928475,0.28247849249426177,0.11308521553540052,-0.34597231671098366,0.2535006746458925,-0.38320166364213504,0.2865927072333209,-0.3026055254201261,0.28576805235210395,-0.00023110488532656487,0.0808599058508217,-0.03157700781557033,0.0378039436389961,0.01688816224663035,0.16838846438272628,-0.010200394740839669,0.428932923356571,-0.20597847887277457,0.25246489671996725,0.15249673995592683,0.3224334089879957,0.04748239449507281,0.08529466015540063,0.11158505043699062,-0.30573648032372075,0.09914685899328354,0.9168811972625028,0.4731075488469637,-0.218240556607317,-0.4933600706870738,0.005515387246471912,0.30226211015543547,B
0.01565603147048229,-0.01823357764378178,0.23226247486869178,-0.07800608756306841,-0.07526043524678172,-0.3269808561385488,0.2402784648773369,-0.0153051879009122,0.2909895207307052,-0.3612255651900167,-0.1752387093070859,0.2185628690406038,0.09932779578575182,-0.3274979953081152,0.28796465102344665,-0.3540937357644023,0.22458363201115966,-0.33946121989900657,0.3813705103022802,0.025469883941314806,0.019995518369517074,-0.022949339337607885,-0.013227675789062586,-0.009439637313079622,0.19122738627743494,-0.04231268919007024,0.42478856684023053,-0.21565629438473044,0.2384023194462107,0.1669929588115479,0.337783189658219,0.03296163563711055,0.08268471258195524,0.12625755563791513,-0.3266861816506145,0.08182207551092043,0.8641290465282152,0.4172467145497929,-0.2177151410933529,-0.5417957356805186,-0.0183702896721426,0.2543088330923229,B
0.027947472396847355,0.01988495780068329,0.3095740169051171,-0.08961850716204293,-0.12294893974037792,-0.40062969785164343,0.19097552820953434,-0.07289935153920533,0.3374445530995061,-0.35075564577247975,-0.14151913820462914,0.28946443575397446,0.046948924650706374,-0.3182695772331627,0.20007061414445004,-0.36301053174375647,0.2493263179589927,-0.3141996126103361,0.34897783644772107,0.031040503211748668,0.06887993495852088,-0.0657371312972635,0.01835351003967981,0.030773528215276166,0.1737092988447718,-0.05411853753788143,0.41686181959534974,-0.17665598974427751,0.2550147316739693,0.1976672862704299,0.31068155272357184,-0.015924044472614484,0.09075394575592045,0.0693636949461398,-0.32237358397166593,0.0714372920767708,0.8685588745447133,0.44310902398026786,-0.2252997724369798,-0.48841989779471,-0.0017372778688080745,0.23708494853793988,B
0.10355575425277472,0.001005710216993072,0.36986997804564486,-0.07915304772561814,-0.10177115023822644,-0.38510396411476877,0.264408432280072,-0.01358811981681875,0.3125646457191676,-0.34518901664425894,-0.14631924250709163,0.25190030712743816,0.11343989055638422,-0.3092182834931308,0.21537535397782306,-0.4149076631818577,0.1805147589611089,-0.29070830114888035,0.33075568068519984,0.0226486841571498,0.10141501974373979,-0.03015884652182475,0.05897058016967373,0.031222192480399296,0.18377104710188472,-0.07001266902884379,0.40449663529179897,-0.19721813681243866,0.2049959580774098,0.11530836401736427,0.36307004723452185,-0.0025249295596012286,0.08340276422384067,0.08235018456650098,-0.3386057922831998,0.07370945738712582,0.893858137742825,0.4120440793204903,-0.22832587102230126,-0.49354198759009077,0.028076059645634997,0.3394436149489521,B
-0.007907338350759168,-0.008437474317819738,0.3213932097253007,-0.05812161988975725,-0.033072434237191146,-0.3170085278332342,0.20608480092232462,-0.007886986683567777,0.2853600730642509,-0.29644527082188044,-0.18583265307274846,0.283898771028303,0.0609265014631191,-0.3200642043336857,0.28169026364530675,-0.3899052880990878,0.17324669491272598,-0.2877895975869352,0.31249877712351415,-0.014238888276221755,0.02222505017109573,0.006776958009904511,0.05584783103223552,-0.002098526299499335,0.17445393669954756,-0.00045528283256149674,0.4186928234913041,-0.1588187621023438,0.24505382768503714,0.11923451672410482,0.35396045521152014,0.005597636034909339,0.07646749169353535,0.11482847146126016,-0.3791649875721789,0.10035047833374293,0.8607008659280185,0.41140681292132203,-0.24695547917209668,-0.45975764466307006,0.0022147273610255537,0.3739219034570206,B
0.028646984542226958,0.02946232441721697,0.2503966223022643,-0.07997946749273965,-0.10447583550919026,-0.3848787200998816,0.21768276102636858,-0.033423085621006925,0.3281021770799237,-0.35120715581089823,-0.124893485515701,0.21239193388922512,0.09098283228642402,-0.34976842739728253,0.2512513582807049,-0.3446974242041303,0.1740517115463069,-0.23594733604215823,0.3183117556329046,0.08015278858864736,0.08464026396964237,0.009903743046769612,0.012891955820993,0.023975181480109662,0.18671898802088865,-0.0312743213671491,0.38626750119799563,-0.20542549370882052,0.2428555742926631,0.1570023259313126,0.34580346377262966,-0.01901191138619231,0.10555531510156838,0.05917509230570181,-0.40142552046628427,0.1579723678129005,0.9397800885989057,0.4407525981912461,-0.19846067983103652,-0.518600922024989,-0.01286854503169587,0.2767697018710923,B
-0.019192225020273835,-0.007772371364290755,0.26179563523261684,-0.16083049593174148,-0.07568860292087642,-0.40466015022484514,0.24031129811685858,-0.03936062678452317,0.3223807009036688,-0.34295779200616167,-0.18819226925551572,0.21838514021903352,0.040305061021508146,-0.3626111720284578,0.2225655838773245,-0.34300502251049275,0.22288584593487157,-0.3358511079645183,0.2978542520150703,0.023195668551153615,0.05238163691877977,-0.027292121289637795,-0.014071124451797456,0.011933549233169296,0.1661616102376777,-0.021322899499745047,0.4372112120343269,-0.18540371805737652,0.19396907252755582,0.2253323902474953,0.36565169540819953,0.005954672774231725,0.052446352973106014,0.09166720179228295,-0.3308705621271582,0.15556118593339852,0.9127277668704474,0.4211546398870593,-0.24577036145375167,-0.48986571763228215,-0.03900002220048439,0.3394389381078161,B
-0.016338876992554853,0.028785437868767322,0.319196922380224,0.016272585672041956,-0.07934421762453274,-0.38392093179722653,0.22150475861991628,-0.026954068618867257,0.28399921992403443,-0.30699172969159955,-0.11995464128498509,0.24865939212512508,0.05621449248856297,-0.34978256392934987,0.22957364359856164,-0.3557715486784455,0.223089733029043,-0.2553630498048114,0.36874172993666565,0.03325465870062266,0.10030161000847972,0.04396615066726056,0.028219636639536486,0.0012681154444584997,0.18118256534497007,-0.07466330055571091,0.4103518390134373,-0.22867769535340127,0.1996820360739854,0.12404279633050794,0.3645318268679173,0.01876660908388133,0.10136542755713875,0.09302466685734083,-0.3459925043051382,0.09104947674030356,0.912346362506638,0.42829005652761276,-0.22585582107073413,-0.47547687825103085,0.04072402836656579,0.28151831096337343,B
0.011165540728520084,0.01752819837693437,0.29033708014978704,-0.05246779169087603,-0.04694619227296204,-0.32045477962709923,0.29608136163622367,-0.037110757207980856,0.35314528872382606,-0.33017654467851826,-0.155524165470354,0.2745818945202769,0.0705448182686136,-0.33797729773565527,0.21075066406442342,-0.36817251468392265,0.24527768771971306,-0.25840325675334014,0.33503204011824655,0.07639737376981438,0.14653321208917847,-0.0147747852010327,0.059030807097977284,0.026433696063807105,0.18587202505491612,0.0041369299726534275,0.39187289008641807,-0.2829817329031733,0.21864303627671292,0.10482636376137143,0.318591246479742,0.01017615976807109,0.062259285977555964,0.04990486486603773,-0.38796875770680556,0.08313691200564338,0.8863442517120936,0.4321239541196895,-0.22278208620170487,-0.4874730098317624,-0.02908030528737158,0.26835963478421176,B
0.04994185419939431,0.022720244736344968,0.2599457774174373,-0.11297735864130236,-0.0851404146237418,-0.38317897131308,0.25184908084860125,-0.10122511897433656,0.27439754300155306,-0.28935071785282596,-0.149712607826239,0.25823946217387184,0.060602024029432114,-0.3130365775857442,0.18953461025265317,-0.3833344177802823,0.1548619262068216,-0.28061438526914917,0.3107395377218463,-0.02460128986072028,0.11282616199817583,-0.009020489973317367,0.041992464923372386,-0.029241622870471183,0.1531221858430531,0.011373881133733367,0.418303167286049,-0.17008609393713017,0.2192068762897677,0.1467149674340253,0.3487119298236802,-0.014001809007416401,0.08430995691454579,0.15750394896139205,-0.36273816687582694,0.054443590653049656,0.9098070797037268,0.4140322992077915,-0.23375908664898462,-0.476037060527542,0.01795692457372015,0.2799438082747399,B
0.025154766810286125,-0.05003790533464724,0.2891273463068186,-0.0868946137170676,-0.1409766364887538,-0.411905444166014,0.23095476549434354,-0.00976466416901843,0.3039894541856665,-0.3522314397785493,-0.1259059809669634,0.2645965075424155,0.1074531505317033,-0.31946401519253675,0.2222860540589486,-0.3504580121800172,0.2461257560565054,-0.2380147951862682,0.30830707069406393,0.013401174874780269,0.10892163829748988,-0.0044762606655274866,-0.004210241568982533,-0.004214527457690968,0.1702414594932132,-0.022310785050381254,0.36735356288999327,-0.199600458519269,0.17460116565412215,0.12504464684457844,0.3357487131229059,-0.001048959596991788,0.06588460198412015,0.07763346010448975,-0.2883718516395857,0.06336354679013158,0.9045445895882177,0.4103220673365183,-0.2624197005035587,-0.5349152811726274,-0.003482291515577489,0.33761345630900236,B
0.03524508184613091,-0.013745386766802753,0.275219811888762,-0.05763464968591703,-0.06845607484411155,-0.3946835182749017,0.2512356836759,0.016463200201120465,0.3350891208668887,-0.30265197532563143,-0.15438082250793342,0.22389015502928739,0.017526687794974696,-0.3988560474638223,0.23754634985415332,-0.3553804666541636,0.24258981965913068,-0.2727272144556627,0.3024728758688292,0.04392994800285701,0.04656529864684528,-0.06283528962801792,0.029487471757273218,-0.02103706978365063,0.16027413367220866,-0.05401909819808051,0.3990619793436117,-0.19454623745160463,0.24482394269420812,0.13258588993075948,0.32519282263842436,0.048584027859822534,0.06252446502199728,0.05406504048175666,-0.37125022394302687,0.08431072687669572,0.8983950523518401,0.44026087622949256,-0.2355720448027879,-0.5326670346901804,-0.026754190265861302,0.3140752473804961,B
0.010294491877524415,-0.013044490010767735,0.2815076247944579,-0.039010607065869646,-0.07234346544781507,-0.37577164388591633,0.2772150914680468,-5.557037180893565e-05,0.2841114591895419,-0.3112375941376657,-0.1552975657266285,0.2248511796315349,0.11665993465007177,-0.3579821028232937,0.22834801126579207,-0.3820250869780507,0.2784069675477232,-0.3085789443015575,0.3060421545444852,0.01402603231111278,0.09832623997793714,-0.03180776885162082,-0.008920064465508385,0.03467210456550754,0.22392727974260856,-0.0733830653193023,0.3735419337389571,-0.1968342932894424,0.1894203643292804,0.1453485046820818,0.36835012915087234,0.04521158561317601,0.09406589548986292,0.10387263994910263,-0.3422552620115319,0.09242955835744278,0.9264201322438901,0.4267921251134774,-0.23539498688349558,-0.5583410821956447,-0.01311931867341231,0.29695820811816465,B
0.0007924846720958009,0.027714962843045393,0.27007793192087587,-0.08730141111290253,-0.08642071373702201,-0.3683432473034343,0.27778229469843435,-0.10147722144492896,0.28870614303131237,-0.35387887954269814,-0.21414795588050867,0.25264718640279943,0.06693553446974487,-0.3498628967032893,0.21054613259878843,-0.37320663913774377,0.1823039544701526,-0.3052816640213621,0.3181379592550488,0.05494291777890599,0.09481987151508503,-0.01130701615272518,0.06994734203247148,0.029172951093244883,0.15182756294572147,-0.04157099651009771,0.3682749691489063,-0.21626418141961848,0.21406345866764565,0.12171620286316434,0.35794891435100146,0.05639843253271179,0.08381830908634966,0.05139401054450364,-0.3483561675106132,0.08419246712911697,0.9360476597824741,0.405196831913214,-0.21082134543535358,-0.4895693733707962,0.028107013535413596,0.30048826270190776,B
-0.009903086584567811,0.07179340807782986,0.256902332069537,-0.05383145458898436,-0.06963282667380377,-0.3652972556441694,0.2415194106313763,-0.06464059262757846,0.2630681269559276,-0.38166523885392034,-0.16358025442337823,0.26381576182284155,0.05691415247247149,-0.37978849099593004,0.2712033849239124,-0.41674442071140744,0.23169017934829028,-0.3025620463346987,0.36064841243371837,0.008526812452209404,0.029692883824553658,-0.030909965780645036,-0.014111717196778428,0.0402836538915139,0.19312441446949763,-0.04356100473124987,0.3639070448201327,-0.2451194810418024,0.2088280255388782,0.1909072115604054,0.3259156022862931,0.05494283538939966,0.034009455099408295,0.02382306574067153,-0.38036576569249325,0.12225923291895958,0.8888079657014415,0.4677574620657374,-0.19263527304313638,-0.5373809002522548,0.026243507975171682,0.33624053300290313,B
0.031005561269470742,-0.047818264579420525,0.22756615147094628,-0.08883347690916746,-0.08250905698296723,-0.3502981341218079,0.2023639352305906,-0.01969363076121862,0.2708402428890965,-0.33299750485125296,-0.16391235469829027,0.2671243129557382,0.06662012550127246,-0.4029193188022441,0.25891592557328563,-0.3354841204274656,0.1922222114851293,-0.25573414985591364,0.30572044569388857,-0.01620221233412412,0.06417062933084457,-0.035237288934304827,-0.02851324740416159,0.056447292499835496,0.13730734962560845,-0.0409312698793374,0.3663202605171261,-0.17157838647920534,0.18118407223108368,0.17475062503840555,0.3361426885990544,-0.01090006040855029,0.06788857032956212,0.07597540720271302,-0.33445445982601973,0.08319774592248741,0.9164174139452197,0.4425303358699396,-0.2170132062546431,-0.5351007769859668,-0.00602015079603476,0.2979063312398312,B
0.0024494038260221185,-0.0011866736270101273,0.3459831112219702,-0.05814585517022739,-0.04836225925989303,-0.36817717880360035,0.24739104553149005,-0.026207746721416153,0.3578695532028674,-0.3451517768158766,-0.1252592243669558,0.3189286210427001,0.09712640848391939,-0.34523192151826676,0.22162614191281765,-0.3854520034154772,0.2290486504598882,-0.22649241642901435,0.3422299554957318,0.012698399911147837,0.07336214118562376,-0.034206262810411794,-0.029119552066903212,0.002226609336931279,0.16818567096636466,0.058654858383642094,0.42179413550058564,-0.2443850046264383,0.17932909408747497,0.11081492086257147,0.37263698069461465,-0.013939253347967948,0.1267277946381856,0.08864446000576391,-0.35938238915048315,0.06820783289944085,0.9353893418629031,0.45745361483345875,-0.20354647787916408,-0.5168397175147323,0.02121300193685075,0.33904797551905513,B
0.017858107406751828,-0.03167116248731868,0.29881192705613613,-0.05273083724229986,-0.019880003035965578,-0.3580344908986608,0.26443866801580784,-0.013677042102415066,0.2626871966793743,-0.3184678486843151,-0.1466004168894296,0.316278177682247,0.034356756397967925,-0.37066130466459946,0.2654087444038553,-0.32523695430815325,0.2136893998522674,-0.2834696316641725,0.3303356734709712,0.009770638620574559,0.11213601948945173,-0.044201346662661956,0.032109340336964436,-0.023739424827451047,0.23478830164561787,-0.08829944470347606,0.362090242930848,-0.14458913510827381,0.22943588717594937,0.1302011891466447,0.29191499145338096,0.013450019907064358,0.08712864847641393,0.09605345595016501,-0.34233510013756896,0.04895932277216501,0.9016420866144487,0.45123651845401636,-0.22009061292705182,-0.5077802179037741,-0.03565577478622768,0.26695326681564,B
0.036392871651167044,-0.0232707428115621,0.2615533589135142,-0.08426247943685004,-0.10668474525229066,-0.35656988645083454,0.1933394885975963,0.0003542656703600655,0.2629923988953734,-0.3517367986787893,-0.13988612816206228,0.28008624086203004,0.07078469732030586,-0.3577789193536801,0.28621816250576,-0.36514122609715405,0.2121777872184328,-0.3345792612003269,0.3298683410154402,0.024145454598921312,0.04183345189055046,-0.053156735474045064,0.013899982683102179,0.02998019546670166,0.15268033642524692,-0.05495358106402149,0.39745753175744875,-0.23742893932229028,0.22038468391796312,0.20325484943849684,0.32894835131500305,0.057214440670603536,0.04107065371957415,0.058416999173402054,-0.3756748159053874,0.06942854046843522,0.8444217187535389,0.4468591069876557,-0.21894296112360723,-0.5370344501733653,-0.02114124004410879,0.2969384882851102,B
0.0006242400353019498,0.030992691745378408,0.31722537149402286,-0.09542407829223726,-0.07221523678832575,-0.40560878347985163,0.27646040117767223,-0.024176661257395884,0.33314923639325467,-0.3542473576886063,-0.11957674400622893,0.27869985282863363,0.11590198904547916,-0.37701129793224836,0.24589080270134583,-0.3376590322482946,0.18922727208702864,-0.2643636525698497,0.3412611950847215,0.04532638451514176,0.09252202906432366,-0.011194795879243616,0.024081751041493696,0.05150570527385465,0.1617013048469682,-0.014476119485341306,0.4305516887267888,-0.2357040886882748,0.20567194149416954,0.1657263102962724,0.37169093656036567,0.02250422875801352,0.08130177986551104,0.0923679848762677,-0.3666062064817769,0.16835874636885098,0.8697352798138436,0.44376845521876646,-0.22736605666355855,-0.5743152246766323,-0.024055924971047096,0.2540338037566457,B
0.021608269935172574,-0.05079606705151031,0.31147051112028706,-0.11076774620878224,-0.0413402076561999,-0.4174777345011266,0.24411426930138977,-0.00411170537791029,0.32052963502628357,-0.3799829484546386,-0.11630636629424376,0.2727427834680608,0.006799335820355884,-0.3333761105054955,0.32865815282299704,-0.3370908050398028,0.20232702492659044,-0.26369905494116186,0.3123360237291278,0.054732149669300206,0.05808380434741377,0.006534315506263041,0.03871139244552518,0.035236905911049374,0.2453569890537642,0.0054868323877910186,0.42463542959761896,-0.17840034962898912,0.24781779113800825,0.16392118863083074,0.3099101002182265,0.006625921982297611,0.09139723665093144,0.09972855709198387,-0.35146828241534284,0.08809925809729746,0.8933908981611665,0.43948206441021276,-0.22229778577644382,-0.5153286716925343,0.03618487306142546,0.2912785806915908,B
-0.01929953854252069,-0.0024239126679602,0.25017250000203684,-0.014975006064536785,-0.050520328017479674,-0.3759628110025788,0.2738869233385476,-0.03831725080774375,0.30233244686499283,-0.3644739184624315,-0.17841594357609544,0.2626939599030543,0.10945545288341105,-0.3630449427630102,0.23646863605914353,-0.37669205965937536,0.24044381058785297,-0.29296309716222374,0.3467149472842057,0.04575753446526118,0.0626509850457201,-0.038514078670572,0.013513757221052445,0.0028483247644273575,0.15638676731080609,0.01978379692604028,0.3405085268503168,-0.205208075240797,0.2673412630886084,0.12582413288156982,0.33101867511096417,0.05361551432900215,-0.01283830486231613,0.07994070424865621,-0.3991716819820449,0.131446869358954,0.8737012098670947,0.49460060941919215,-0.2591975606657554,-0.4951746026585781,-0.0250779528512478,0.28748048478721133,B
-0.00012787945696807375,0.0007738903486311721,0.33285966865236316,-0.03255453210875609,-0.09266719262081413,-0.3742985907986232,0.19648181807751453,-0.07390611388074482,0.2833290024383766,-0.29284944333809243,-0.2008272929058272,0.27365833729567374,0.09134495889695976,-0.35899323232406094,0.2629963904838046,-0.35137237853084113,0.21617322197913902,-0.28453173990218045,0.3167557543128976,-0.0010229219554568625,0.0874716319405899,-0.04487627046941407,0.015945078036938024,-0.002343421965122841,0.16351395143740688,-0.04103066904568971,0.43205834514674996,-0.25351406925255193,0.279582775587003,0.17303774386106818,0.28333724319866915,0.00918300573310929,0.02975771454095394,0.10085810661552519,-0.31370366410596284,0.10942241558924025,0.934045726323598,0.44657729003782515,-0.20142020702517582,-0.4999048377231576,0.0016349174576691335,0.317809359687437,B
-0.004689630876755681,0.04370825499736509,0.2737503834292219,-0.05835985408304743,-0.09138577751566045,-0.4227800410002901,0.24213180997618822,-0.08628547672603354,0.36781124927907227,-0.3539742500193156,-0.15253255737597346,0.24706817442471632,0.0817581192976505,-0.32649135418724984,0.2184504704829582,-0.4472086524733576,0.18427403794094904,-0.29457754942119846,0.3325278972981085,0.029801640000344604,0.10510665821483992,-0.07901050452616337,-0.015683374789543632,0.002729680486447072,0.2289557072920338,0.05692687318563337,0.353534429630642,-0.1794437055096672,0.22901204317148144,0.1666807812814231,0.2904962673704586,0.06718351027678295,0.011802860470518525,0.0420114242905576,-0.36009654320504897,0.08474949537646878,0.898248937621717,0.42052599849155997,-0.24124878827749988,-0.5141962054877249,-0.005486654020493231,0.2990568815072716,B
0.02688252489402567,-0.022607138649206427,0.32364500322301304,-0.07389932418624133,-0.03235451537377277,-0.3858593046383297,0.2054060195025192,-0.02975897125656297,0.38025337113902336,-0.384304167727532,-0.12987976642760454,0.2616927940817948,0.08965499737900469,-0.3728695652292795,0.2573608377298133,-0.3617220750542132,0.17279050457787848,-0.2760826324298041,0.3168322765957379,0.013679577033756676,0.08114092391575618,0.002907301187338108,0.024843644837312308,-0.01534349096226846,0.19814552125761695,-0.02601778394082405,0.3755005254141036,-0.2493830428371701,0.250615093976534,0.13288059202773914,0.3574703227791451,-0.005763981200558137,0.13827888823058415,0.16046435181874072,-0.33573437126255745,0.14143948833555758,0.883872156312571,0.42449818054702226,-0.19472768765991375,-0.5041220325112182,-0.03994726145566202,0.2969180327584475,B
-0.03665617571823558,-0.005554692394164464,0.3146789019555056,-0.03159226894125108,-0.06189753083216096,-0.3354431049187303,0.21759495789125333,0.01885488194010853,0.28164787656433565,-0.36762536685771624,-0.1640263060506398,0.23394592149536872,0.09305751228074728,-0.29912913368867233,0.24411206858000845,-0.36124625461283927,0.17582429750722697,-0.27713215978270994,0.3772433824383425,0.06667572861163812,0.0496666178433839,-0.04286722699889304,0.11329536276559161,0.02850133649611574,0.22869149967326002,0.02312470212716311,0.36051580352347107,-0.19047604422223957,0.23202389535294984,0.20224535753561432,0.3890927661872573,0.0015787643578009693,0.18168130962199447,0.08652338255489089,-0.33303413403976845,0.022979247648326276,0.9277234072292174,0.3764426810654085,-0.2348673850485945,-0.525250764761972,0.015197333063798233,0.2999791895966077,B
0.017608195800595094,0.037377974907034484,0.2530951392364099,-0.0815068653623043,-0.09554886227868271,-0.4032052871517926,0.289373884268748,-0.07023359497592593,0.27867352004656704,-0.2775215404262783,-0.1540045764148363,0.25443574758403636,0.08955057881988689,-0.3728449772644319,0.21598472975613192,-0.3890837884401724,0.24856400803616835,-0.2598730473663642,0.3052138244848661,0.02028965540435659,0.10589305458324068,-0.10126855938033402,0.020166788168999653,0.03869690811958064,0.15567927941715423,-0.005184739516099372,0.3944379296921345,-0.15787148690412847,0.2107133857848117,0.1677220925480854,0.28612895862797727,0.02878794252803992,0.10289461773271559,0.06569031699969899,-0.31841518221572307,0.13015248052107098,0.9017888048953892,0.4329290980017225,-0.32306889409099976,-0.5281228450442692,0.034237846696754615,0.2863973910679386,B
0.01355648285972305,-0.013919929924859369,0.24040806649228158,-0.05293853747164674,-0.10703552008009684,-0.38345168251862105,0.24232396921131916,-0.052513360230835665,0.35044721585300276,-0.28418016271549607,-0.17448621233668304,0.23326017374917624,0.0643798779219785,-0.30210546758510476,0.2582248271496045,-0.3480554873400432,0.2567571326081136,-0.3071868221951373,0.3392034151272668,0.025834450722987186,0.09541276119629005,0.004751403040093052,0.006548161893983774,-0.004944121435762141,0.15169924718657707,0.027937036166830076,0.3927271883219213,-0.25322789061506834,0.267895007561912,0.09869734592113628,0.2837306536837996,0.017052267216855523,0.06203052046485892,0.09081043041568355,-0.40979397794702577,0.11232884446271088,0.9358263816170218,0.4116096967137898,-0.24190054425479013,-0.5327106927173823,0.010825096595225334,0.26233549432957054,B
-0.036023886552636934,-0.004533187289203876,0.29332508715224725,-0.07086003165894174,-0.08337367412033239,-0.3555341881317588,0.23830415077543882,-0.06724176138453375,0.22306052450405534,-0.3277006078584522,-0.1578967886785768,0.22307075149578767,0.12629579975487615,-0.28825080098257255,0.2818536114615063,-0.3637996398428689,0.1223666043206171,-0.24476204140235847,0.2965045955948041,0.007520198427731561,0.10948647342784211,0.031231523896605492,0.05733173552159259,0.02113811108992037,0.2054009060317502,-0.05786025185331762,0.34531011961234,-0.17979321193785355,0.23608294148512235,0.10654580500755595,0.32878820448500556,0.045040386403587526,0.10563926810192631,0.1002975762799172,-0.36289844931497545,0.07709667740526403,0.9009877468840596,0.4651313238073498,-0.20339213015150193,-0.46125437186567353,0.0022637429358708895,0.2612909551945116,B
0.03259494840292748,0.002489195076997701,0.24473314718059488,-0.05666313720824675,-0.02782956768464912,-0.3640932558066375,0.2741154498872759,-0.04670138724608085,0.28151010692437445,-0.31771368393307026,-0.16078209115400777,0.29252531405058996,0.0826578964674228,-0.3001356547855127,0.2625849106616055,-0.39758689444311,0.1575517996645957,-0.2565618947557763,0.3410757287568295,-0.006243985942643648,0.10646723934200913,0.011995425177642353,-0.01012018778217033,-0.042047564380798284,0.2123509161685831,0.013484147494598253,0.3719713445557673,-0.1889722768011458,0.23635377027193122,0.14670928717304313,0.3476450793174167,0.011470139246036112,0.04539549722401656,0.0936276588749587,-0.34395927980368823,0.026140668801138953,0.8620395764079707,0.4209010507201321,-0.21480188619692211,-0.5543421011314482,-0.008375135611834655,0.352729445427728,B
0.002003849049663326,0.0038727119792310656,0.28138394382494514,-0.04591306273246449,-0.06893374272083183,-0.38218106942928115,0.23595894513618218,0.007606664052767269,0.3153981203760853,-0.3416250507604723,-0.11487162629048119,0.24070395530763783,-0.018526835007249193,-0.3232647387069243,0.256729277562102,-0.3892519827310062,0.2092286001811525,-0.24228150647716534,0.3377392876549143,0.06853489650395848,0.09056665876145079,-0.03433289157696229,0.03233322556036896,0.027002043696653558,0.19639513799631492,-0.031597261374911124,0.37682862254625066,-0.22822290297119935,0.24200332605763727,0.1694798751144902,0.2513690853670697,0.004548238711113536,0.030718910985755833,0.06650333219103377,-0.37010180745083954,0.10699037033662759,0.9030518326777118,0.504978453667746,-0.21936340938207058,-0.489508314610471,-0.04144343526760339,0.28455561099762844,B
-0.03249947584737082,0.01795670372359917,0.2847782842610973,-0.08562126393321609,-0.04149247127658263,-0.383662791298764,0.27141215229772814,0.007453534416627494,0.2842667469998082,-0.30994468918203416,-0.14681887070688743,0.24454771104224352,0.08937937951567905,-0.3843084972606528,0.22750950009737977,-0.35805161898161086,0.20846762122298304,-0.24767596631509448,0.3121791897331742,0.027939166303579007,0.07890075790196881,-0.075561152628213,0.02287074075818024,0.025473148677444598,0.12525080111005749,-0.09878149828385668,0.38038304648212257,-0.17527452072249033,0.3079554265416372,0.09536930974709584,0.37899616991991836,0.06137791816490924,0.0609353150534033,0.1379480308199198,-0.3380068181430379,0.09572255829904652,0.8440606937714836,0.44412962477557016,-0.22930734800549715,-0.44150000290274893,-0.027162214018603054,0.26801660403842165,B
-0.01532003012097563,0.07968602772978084,0.2486991649444454,-0.03613148382051347,-0.11691945499111425,-0.36263451851123646,0.23433961232171793,-0.05315785761154905,0.32487172297684824,-0.3673623387482517,-0.19865452068837777,0.24702053776657965,0.05001567647966901,-0.3289197738289626,0.23506364853099426,-0.32366451862205264,0.2077218331129782,-0.27174782613246873,0.2892556317801515,0.011496171006519335,0.05516096766349375,0.005820584422633054,-0.01162780526303771,-0.0035536991581357966,0.19219729769117727,-0.04609975171397364,0.43627748229429947,-0.15346023696538524,0.19948210087914464,0.1753642004896769,0.30487817297078046,0.015834721994998968,0.099140916778475,0.08564753029604008,-0.3470127254038423,0.13549578911712012,0.930215017227058,0.4426003598299416,-0.2495832497717505,-0.5086364523953063,-0.029049099791529427,0.31818076715262666,B
-0.005647491917576168,-0.03316650508012964,0.32344284722888494,-0.07579337003175408,-0.09262652020715764,-0.34129496000245374,0.26911811492376037,-0.08877525059616376,0.33655747805284,-0.3386168034197009,-0.1210572072486569,0.2543306794792058,0.0889119919660675,-0.3458241978932899,0.2734152470736077,-0.3907261263680519,0.24808344823812387,-0.2746600162734474,0.34682269268375143,-0.005982792707647965,0.09519329779455381,-0.01372669713953303,0.06672883084479436,0.03689062786233298,0.1655882040914151,-0.043573843362267314,0.41682124453577385,-0.22839152746020694,0.21082115911980556,0.12422085745666463,0.3342212897985917,0.033109611966468895,0.06865104454012602,0.13230249299172245,-0.3348703372307688,0.15529440526495747,0.9014000730727834,0.4190823853514769,-0.2603869775558028,-0.5123550012750311,0.023811456310745938,0.2856852823341533,B
0.025706944496518884,0.042099606870258204,0.2590136319014448,-0.10835962341557656,-0.041740740880600494,-0.36751474402885853,0.24115711785373858,-0.01124501398797638,0.2575581353824674,-0.3301119218546478,-0.14478536461125888,0.27022608753932936,0.048891484456085155,-0.3342771627162947,0.22913772612761624,-0.33927377673926307,0.21469439320098282,-0.29802152263494613,0.2943960274316794,0.05048042482343653,0.11194579895071813,0.02797925553943324,0.001437473877213177,-0.014430135996917948,0.1794539071063539,-0.04562105381381783,0.3751145883551823,-0.19795973980470918,0.2591666961978737,0.1623910019954806,0.3336248696298442,0.051147637431719996,0.0716114618357036,0.12495011662728364,-0.26203005840753846,0.0836579654359503,0.933751315823807,0.47739117676494464,-0.21473507499307679,-0.4700720552963936,0.011857864862414049,0.31406476505475406,B
0.002458672449599543,0.00421125893297411,0.30229732828679773,-0.06273518730049121,-0.10159516967381566,-0.3603108998575974,0.2240268019762228,-0.04884589460218451,0.3324343540240369,-0.3713655100719674,-0.15833285429226102,0.2243874855435875,0.06547063802574679,-0.26491149817203363,0.2207018192757059,-0.37512500538814986,0.2590581580193913,-0.2668647213896363,0.31996424761444026,0.0035078491775966496,0.10271682081267632,-0.03943989132954006,0.07633991259826334,0.007480521516117606,0.2339321608224064,0.0016392145294166806,0.42005795326668166,-0.21693910687798057,0.21262248496513425,0.14219763038805067,0.36159170161085624,0.04225661026544211,0.022456784597130304,0.04279692907000256,-0.35605830613079026,0.1186342038981103,0.8905982760402307,0.4259850476001785,-0.2600752387341886,-0.4812737206332252,0.004199101225955932,0.3450131291152024,B
-0.03899121990728229,0.020736666450308833,0.2996444240688777,-0.04996037922340675,-0.04538578484706077,-0.39079530397486417,0.22597382269112465,-0.02717357155707642,0.273251591603215,-0.3124001022219284,-0.2244346453092944,0.22150132939933015,0.027191967686805388,-0.3037041035808509,0.25011509849498226,-0.386573151535655,0.22018671765155767,-0.27209263967153374,0.2869327393998367,0.02867354152888118,0.1241735966170916,0.017225687282637053,0.036698601250835024,0.023707217086240056,0.2109687511717078,-0.0035171757137796716,0.36026925943974913,-0.23960213473572672,0.24544492951619185,0.12994006911110745,0.2994711958621534,0.0652130254357368,0.08031755470683587,0.0795042535961506,-0.38809120903526434,0.08908592122027598,0.8871712936730732,0.4139135203297467,-0.26701354072067157,-0.4562268649543921,0.043495669894743766,0.29145020688921314,B
-0.039828183978624525,-0.051761600991493434,0.26966707173021653,-0.14297999222013447,-0.08376957722378464,-0.43622648010154785,0.2285652808581266,-0.02627351601230343,0.29773093655677935,-0.27819654278084166,-0.1563883860420891,0.3082775847096306,0.086422501003943,-0.27631442285755464,0.19097855187659585,-0.4030598488773505,0.2086881685910655,-0.23192556557272243,0.3169495283600561,0.0038894594608616245,0.10071085040209495,-0.0025455520839091465,-0.011914467302519762,-0.004700867706366244,0.23408032059806055,0.012776057968746805,0.43948024900018,-0.18397235335991136,0.20079736514029536,0.14900629608314028,0.298384426589832,0.05580671950336895,0.06213115025665909,0.030101490943835192,-0.3485927893944563,0.13630306518194557,0.8561617030321237,0.43731606901649767,-0.24718547375085237,-0.4789312157285317,-0.060198757495647404,0.3286488611956035,B
-0.021152898798977336,-0.0047997143029331005,0.30897224092785625,-0.031007774831989535,-0.06864608725630471,-0.39733400204073654,0.2154481883919123,0.002816856850918474,0.2768104716017498,-0.33348304127943856,-0.1499763446592596,0.2791471620238503,0.07855909638029882,-0.3497133803066062,0.22852408825784068,-0.3862690901348938,0.17591341771063979,-0.26483860474424786,0.3304199761915422,-0.019688728287001172,0.07034114128500385,-0.037987935821099265,-0.006463151656409332,0.012361824539648188,0.18002427701325266,0.0021421313886042063,0.3938475108837051,-0.19438340027080367,0.18467900545363697,0.11814903898391954,0.28901461331299483,0.01465994287209391,0.08010362848210612,0.13148385743356833,-0.3768930183604349,0.12802594783252805,0.8725053350982522,0.44178397601007363,-0.23511834989471117,-0.5363787382337233,-0.024154152902356552,0.34252419455008554,B
-0.015996242098102513,0.029959174574657264,0.3035744123680809,-0.09370659697181077,-0.07028749039211496,-0.37196293892944104,0.24600182430329026,-0.044317250192720314,0.2581324539746312,-0.36436264911901894,-0.11523256465642719,0.25542736553959755,0.06491110832914285,-0.38094986048824053,0.28075907994796256,-0.37680359856673895,0.24992226669615894,-0.25954793291287837,0.347978884021015,0.07407849080665897,0.0861370655132475,-0.03372745118311891,0.05801593498944292,0.040977518232211664,0.16208792029563882,0.006612320681836467,0.4394376078988923,-0.28119204246511964,0.18907036698841656,0.1256925961483274,0.3519200160878914,0.050198716197246133,0.09402187844756416,0.10774430884974606,-0.38524892561263563,0.06636525877993374,0.9350683746818588,0.4441806709653542,-0.19428938628852263,-0.5296217069695098,-0.03047006690060504,0.25647345660853693,B
0.02403028730258194,0.033960033888013545,0.29946725125469803,-0.08987588423679378,-0.05107164017089054,-0.3572930320342662,0.17063612892948352,-0.04267810705039404,0.31171965382053046,-0.3101077835743049,-0.15275345805977847,0.26084046088822554,0.07551390204270667,-0.32873839351101514,0.20258311353987768,-0.38874879836232634,0.15035398110811193,-0.2932786766789779,0.338991388386841,0.0005342585692426419,0.0749640923082623,-0.018001784412722096,0.09277530200886769,0.013509691921493407,0.2048085342998603,-0.03029378402930908,0.40466693134323506,-0.21304365888827254,0.21374501226784964,0.14391975256702152,0.367641494278776,0.03520632783549071,0.04252636417145879,0.06872531362378181,-0.3787601078203717,0.1303693997165542,0.8746922096602817,0.46692195152605237,-0.2012521386466699,-0.5043347492458384,0.01754647603471177,0.27955565721804193,B
0.025474574345236832,-0.03719281535091647,0.2693336139939635,-0.0846043641031637,-0.04059100433083762,-0.32442666710069695,0.21774460163343926,-0.03506803873947515,0.26790129815601177,-0.34584296978667967,-0.11715457153577996,0.2024961315843024,0.07808951881321105,-0.3151562030827705,0.24535809659406002,-0.376265826582012,0.24359209636113752,-0.30428253410700035,0.3007381582501546,-0.031092002356225317,0.09227022926868458,-0.02308832032768244,-0.006104595867463687,-0.010851332343578369,0.1818097256375322,-0.021804551684548583,0.3580617289551863,-0.270572058027422,0.17464385947464037,0.10638842950340371,0.2940606504086026,0.02401168462412694,0.0809823778218897,0.07641306850678409,-0.3412409183504805,0.11457070321024934,0.907372197487525,0.44374057729577643,-0.2622409544050973,-0.5487158011891939,-0.01564828568068201,0.3286618883486508,B
0.07032635055233792,0.016716622317915188,0.2939518530781337,-0.04336556028003582,-0.024792890269836,-0.40325061448407673,0.31848420645799624,0.01547152159018915,0.2623417930835643,-0.3733038830040721,-0.06569227571529697,0.287474081463918,0.05961950701351517,-0.33432110721719444,0.26626990044047705,-0.34392389439200544,0.2583452919422355,-0.27275275549936057,0.3325346084764549,0.01338044385793842,0.0546411317078765,-0.05897557304168098,0.006786190365748021,0.02628418356479559,0.13957385429196797,0.03670115949518791,0.3731186379312153,-0.23791002383601462,0.2255573215797793,0.07889695757657834,0.3410797235531684,-0.0031753247797292605,0.020775293832357218,0.08575599259539263,-0.34773788742723943,0.1609043687093282,0.9028629362861574,0.4462327244266982,-0.22931044290582414,-0.586016632469599,0.0035183398960094026,0.29314575192517245,B
-0.004342136274460936,-0.02501475718295661,0.30016558683569156,-0.10467363332466673,-0.04902387688850342,-0.36393879134034923,0.2734642575255527,-0.04608651541198849,0.343452026149053,-0.3369800458593613,-0.15245582161440066,0.23077527119834176,0.08940262704342014,-0.35097957338344415,0.24281052884074475,-0.3472627399212894,0.2163754023713245,-0.27050307027306825,0.3695304964464652,0.04117966568650484,0.06213546918740208,-0.0418873678099858,0.015320674387926891,0.0796051483752866,0.14319149936021253,-0.018983928980214206,0.4349210449683343,-0.19375370008499487,0.22244095506525174,0.09840640489094934,0.3755714392761085,0.01233570739049338,0.04984617213257807,0.08898008877305912,-0.3091887638529297,0.11469301381394441,0.8865358109687042,0.4485071236206443,-0.22699578137534784,-0.5227076206431912,0.0032313526248249754,0.2698708530757212,B
-0.02966967663982233,0.016576363142506097,0.2713805459390329,-0.0761451926801417,-0.0933421681489018,-0.39259308380072644,0.21688951658859287,-0.04978443789211294,0.29104054694464687,-0.3374262933637419,-0.10850118579691133,0.27919647571359374,0.06749775125056835,-0.35567421454916837,0.19027659410237557,-0.39077959748863234,0.18434528189873356,-0.2783845469962526,0.37417845598892885,0.012439293746599241,0.03892803373028546,-0.035602754430525636,-0.0021252235600533378,0.05379108392230779,0.12668832663886562,-0.054437611990760956,0.4168177654548756,-0.25927916102669724,0.24361891495378818,0.1300347399409082,0.361016055698958,0.025063087635190735,0.07364571725629554,0.09941659134134083,-0.35143128527749634,0.06546306206075522,0.8818488982696766,0.3922526092876384,-0.2564796692558168,-0.572828373129139,0.07136008185740013,0.2938098051663173,B
0.01599178501745291,-0.025057293698441344,0.29898365825362616,-0.052160995151660144,-0.04209879511674848,-0.3780628418746593,0.2618562260150107,-0.0503954923027076,0.3145608181434263,-0.3419012646184844,-0.1854540440282979,0.20147469828381437,0.06856544784561713,-0.3455565866601718,0.23555778061018326,-0.3390857120236112,0.2585831407110325,-0.2603036135274067,0.3417385566764107,0.021897364314754766,0.08780740036827309,-0.016835661394619394,0.01530115468906405,0.03373479262036756,0.1846062305445275,-0.03954524480207675,0.4018321562002394,-0.21927250629600237,0.2699746344229041,0.1371736088943568,0.4160194255532178,0.07572225636338381,0.04445758185116844,0.11900228173490501,-0.35576750165153015,0.11951300113710683,0.9447746386949137,0.4178167120416887,-0.24445137601155464,-0.4860613836670545,-0.009789472515841486,0.22785398000148738,B
0.028910951975394013,0.01108219037036313,0.28251409896543844,-0.07162052264884607,-0.003036405030731437,-0.3452041656446602,0.2055642532786777,-0.02847384451939498,0.3389153013140329,-0.3084027403605134,-0.19527300645181625,0.24133078694139515,0.043516515800244314,-0.31750697301525516,0.21643355919113988,-0.3239450601123908,0.25615663787538856,-0.2874243286431688,0.28617688064794244,0.0006253513879061721,0.09604206019175673,-0.004157288426549593,0.009945721696907842,-0.06108249428455819,0.20363364629078315,-0.08530094547218492,0.33041442229325335,-0.1822439186732799,0.1908260692923615,0.1575135703752069,0.3329864692883979,0.0023723463559938707,0.08461952022959895,0.06494239944350282,-0.35057610003384126,0.09096068351643469,0.8824304529348259,0.4212778015286312,-0.2575030798739981,-0.4830888108215238,-0.012373805262531967,0.26065191596349846,B
-0.012269383314148553,-0.01583477925552732,0.27139194829351726,-0.05397191900502656,-0.08901894385741685,-0.3869708239376299,0.2506876470269689,-0.018847984726429533,0.2827236889659782,-0.3143685304517947,-0.12291699401587954,0.2815442408016835,0.08661181208928956,-0.3419066491686188,0.21142139984250244,-0.4120932535501854,0.21475359636559188,-0.2795939811205477,0.3162854414193695,0.020964924306402524,0.1234182973556382,0.01909805825093931,-0.022079040857938187,0.02461375684816672,0.18479135699594193,-0.004439563959608508,0.44599422103769104,-0.14655240379027606,0.24799387511299276,0.15119742130789657,0.3193512252322532,0.10113532292781639,0.05541326274389986,0.10613373503963733,-0.35992910110979426,0.06238772720733715,0.9489395617477048,0.3887993561113038,-0.2950125155570378,-0.487660652822133,-0.007916025787247979,0.30754723953404833,B
-0.00021406560326049176,0.018018459861963827,0.27434324626712736,-0.04830760007708791,-0.04225442898474503,-0.32911670172693264,0.2693140708629616,-0.035359365082443195,0.32422111636926965,-0.3308284295552948,-0.13756666305940488,0.21665615025341886,0.10013149575083237,-0.3184347402653339,0.29825533785398756,-0.33561776673368826,0.22178455467271868,-0.28307258682725633,0.29399893707542607,0.07882637023885691,0.05054741340028439,-0.08579266374890927,0.0380957352263802,0.018567082351646773,0.19116465206640834,-0.019091433532118854,0.36224653557329656,-0.2011268304475349,0.21672173433449915,0.13611216133025808,0.3729191678617501,0.050264683155746614,0.009408022939901214,0.08794168724200442,-0.32002134735513277,0.0651680931728927,0.8715640949979697,0.4710750545128236,-0.2441691773923284,-0.5680107443019571,0.03720587055378322,0.2893702303388591,B
0.011211069623427591,-0.0014784651182989132,0.3168434453039015,-0.10834401414957628,-0.05026229671256617,-0.33602304607524097,0.19091210055598604,-0.05435217797823272,0.35267537931167886,-0.3109144996749806,-0.17477898905485556,0.21993418154902006,0.08601539293317179,-0.3268085309635935,0.2418725349153,-0.30058487923715627,0.23669988864542982,-0.3052333662300321,0.35585072165749776,0.02604028369564771,0.06220842281104644,-0.002691738788754793,0.05536708185976287,0.022433803474866135,0.1539143270819372,-0.02129503269110038,0.3653026129935434,-0.2053972877656865,0.24903967213247452,0.09069664078935105,0.3516937218994808,0.015319103468339335,0.061567371294265136,0.04163244590996887,-0.3842080768051662,0.15548610336107224,0.9229545147013725,0.47990792606564364,-0.25626951339231874,-0.4547043977516236,-0.000784416694781797,0.27093462130668783,B
-0.03234135495709948,-0.031450629821490494,0.26081484332592025,-0.10219096114101744,-0.04305720868291077,-0.29754921785062527,0.22398253691718212,-0.038996664793541976,0.247600879847659,-0.37110723871976864,-0.1988253374973858,0.2807726053199353,0.13553750805307424,-0.3691280991596579,0.23755517454985545,-0.3780392316708093,0.2377991314939075,-0.27686073168716363,0.387554809135813,0.001820045429345312,0.1094965495259783,-0.047579701785867526,-0.036956797729353404,0.05875697245353051,0.23943539607513264,-0.012388847702290777,0.37508470892912804,-0.24634792429452365,0.24322341206550005,0.08619161512921973,0.35638021879673143,0.013995418423506982,0.06525405525723801,0.049259574554135224,-0.39511978791038643,0.10080230453090784,0.9033394953613183,0.43831526491170514,-0.19770731863511665,-0.5068670910183434,0.022680938011439583,0.25053862039470615,B
-0.013256876524691319,0.04450531000457711,0.3123650985780579,-0.06536556237670296,-0.08154343270735923,-0.40367084324432484,0.21550430355156353,-0.013041413924111237,0.24385186957945484,-0.2894983224826349,-0.11303450326282717,0.29284661693461966,0.09597280615183261,-0.3334581250813103,0.25498056241741823,-0.38156678764833807,0.2808306153969883,-0.28417492410807316,0.3098513659375655,0.016330719908480354,0.06081318965713766,-0.005451718201887685,-0.004472175022727112,0.012182862385899646,0.22332257599080846,0.007436117885625919,0.36327319359397997,-0.1767696180453862,0.18391221698094695,0.10496070826282969,0.32043023866423054,0.03531987644341838,0.07169703290615774,0.09461993263404536,-0.3633026392579104,0.04076694706850092,0.8917549540594415,0.3954493052439536,-0.23045521524672766,-0.5462505131785221,0.016733198398170786,0.33523967643479646,B
-0.05187095180582484,-0.06125637327295667,0.27420249606256175,-0.041493855139039054,-0.06550596067995335,-0.38838427770578193,0.19911988740703976,-0.010461388216743712,0.34945746992410515,-0.3994306687834532,-0.14138542691725658,0.33271620461820667,0.05936611619642483,-0.34241932444232326,0.24260876559972733,-0.382840074902693,0.2502093875925328,-0.22597360658878735,0.2729842639352298,-0.0037364869290911623,0.11989526898833258,-0.011713452610225897,0.02420080738583642,0.036854677438374374,0.18611616691499683,-0.010252977561299224,0.384224789009988,-0.21903275396334734,0.22354818584843106,0.13777468811159915,0.34429265667619474,0.03546080955234306,0.022450740751810763,0.07535408829995768,-0.3513816781894585,0.14845096163274094,0.888872490189486,0.4439605155987499,-0.23285249740793484,-0.4689987506142123,-0.03463150380763162,0.27105137408311114,B
-0.025557043364708425,0.00042035180823774573,0.23839970987709302,-0.031420056949929165,-0.05772013809712695,-0.3580222907003125,0.2944622841209474,-0.042486149635644656,0.32901567712047775,-0.3258808793456906,-0.10401739644097005,0.27710650006484333,0.0622597293694775,-0.3239768080928232,0.22424279913870157,-0.3845986765271741,0.21688902086801254,-0.2855932896562546,0.2973044395563094,-0.04378844435863141,0.09140335428041517,-0.018693965645630042,0.022010583777974862,0.07313694386416031,0.1371476114906588,0.021906443940108905,0.46874836239474316,-0.15927897545763933,0.21592495800244946,0.16358579890423602,0.307091565662751,0.006251516689443692,0.13013505448726514,0.10242483358394411,-0.32920422670645066,0.06885668223101263,0.8532752371148553,0.4727093294172802,-0.21789938027236871,-0.5176159071704874,0.053305622751990925,0.312398358729527,B
-0.025502416218360923,-0.058142340599983654,0.3011613878016531,-0.08945671359251482,-0.07435048828190072,-0.3822356458207656,0.2743189532940813,-0.00688195454601943,0.3004485391354196,-0.34704490953030886,-0.14155708492930594,0.2959107775666312,0.08002355642223408,-0.35393515109211376,0.20750055095674763,-0.3731544372689721,0.18134856351114637,-0.26977696816858593,0.3377117017760528,0.06001765493182887,0.07622650832948333,0.0012472371461634928,0.059445976141883426,0.01817002453107745,0.25028793775789576,0.018419290941202857,0.37960584401893493,-0.1238598100880977,0.22437410594589643,0.191982393989383,0.34908363943316006,0.03563384785913693,0.11770084724997087,0.08597790221075954,-0.3542956104671217,0.10116054792307612,0.8631591005061784,0.47306625050448153,-0.2503419237503549,-0.5023600362788272,0.001818081018045794,0.31282170739962273,B
-0.00039269433023771713,-0.008051051713453826,0.29565406298331315,-0.0655063483348137,-0.10203816210453046,-0.37888274985812403,0.269492135437046,0.04155229683384404,0.25211006522569446,-0.31851746428733574,-0.14702600759987458,0.2386098652228945,0.06469535499362808,-0.3648893051733186,0.2027792526572944,-0.3590266193761767,0.27079528242425915,-0.26944027480797,0.329268367729799,0.0055877467141639235,0.054599965697598965,-0.029068798403228607,-0.019779312978010402,0.04965117967422641,0.16590586190466688,-0.049992100996816946,0.46150822678463554,-0.17322659270780666,0.19055390432450128,0.12352849800262287,0.3243813248088568,0.021705046053619535,0.06467208890432716,0.12155462904279732,-0.3456876167362786,0.10143906883936471,0.8792321062425539,0.4095186281755511,-0.24928545942363814,-0.5349384930810317,-0.03656666611790563,0.3269407197996615,B
0.027904288923187637,-0.011238765985486069,0.32274547286752225,-0.057666392255791565,-0.10259968716996806,-0.41932188473893867,0.2405735902175133,-0.017885429524990122,0.2645540277990016,-0.3591188158085077,-0.12460523122976491,0.303495715208677,0.08006720034774958,-0.33500916405423364,0.23011441522398884,-0.3259683933027099,0.2339738013360551,-0.30525258042764064,0.34758467699658074,0.003266958724646739,0.05395632995519083,-0.0431390960597111,-0.014716330336627203,-0.011183871197664653,0.14125828165282073,-0.04564852956332295,0.3779971403477163,-0.25273281946124926,0.24260975486748176,0.09700371143960032,0.3187935764236818,0.04636821994015055,0.11240047356824351,0.06420991977514214,-0.32160267212489135,0.09152270176513398,0.9651265878451835,0.39727285250184047,-0.26075901375000116,-0.5038329961326226,-0.03662708679086923,0.2733580555038349,B
0.013587071556917544,0.005734442149637161,0.28216217977154234,-0.0761148226692876,-0.14402296889967794,-0.3711261501493682,0.21231312746687991,-0.043257031710909125,0.25563109581861704,-0.32315377628728975,-0.1336450357836447,0.22142415816195957,0.08291704972145522,-0.28730388760337255,0.24785006666461548,-0.43101265761031,0.20018308598505283,-0.27621093003168273,0.3876047355612642,-0.01197960751991788,0.07808801734081948,-0.06174504272795504,0.03747631062098949,0.0049689167875940216,0.10128551034422013,-0.03648626564554511,0.39062501503104563,-0.20055345360643634,0.23185566312265737,0.16971215502694206,0.32652278973894,0.029070942659545542,0.07880198220626462,0.06899827679874662,-0.33495800900953193,0.12794773828051262,0.8961626252098972,0.4263168552475385,-0.2630251365044075,-0.49801581092503433,-0.028891949650625567,0.29938271653907295,B
0.003933784537014179,0.03201152571744653,0.3248300001032732,-0.16651814504019544,-0.07623088865433678,-0.43861179834404596,0.26624020041990587,-0.03286154222442751,0.3378862751353044,-0.3356045697735086,-0.19070847327524154,0.2273395468706944,0.07350635512617033,-0.3196107138180237,0.24535017877535745,-0.3652600942531111,0.20657407183421939,-0.24612093264740506,0.32850326050099904,0.02574763955470517,0.09137282924938195,-0.04217297454815187,0.0005934025133575559,0.030397780465739176,0.20652161607074382,0.0017354918214916686,0.3881306679398475,-0.20849403079099513,0.20821045134288363,0.17359355331061424,0.3018833643153527,0.03319608829531718,0.10480514417729168,0.08522373514318377,-0.34300293796219944,0.09436324508988574,0.8418567213848258,0.42085898200807587,-0.22921890446602927,-0.5293358486155213,0.015769932755098883,0.2506787115709598,B
-0.05812477670258958,0.020851198166030965,0.2738648960448719,-0.06498330149497991,-0.08581681089974363,-0.3586418500989717,0.2721157385601989,0.010685010591706297,0.28389747283499833,-0.3560070114028235,-0.14509527306399353,0.31249670132003193,0.04295011019719254,-0.3710699997408107,0.26971519480449274,-0.3905582645163192,0.2370720657640389,-0.2975704462854626,0.33468968116683334,0.008995587090065859,0.05236931672271086,-0.02533370395668919,-0.025276659005739964,0.029647407577239132,0.176203993466417,-0.06551908453226912,0.402985969914216,-0.20382615977724128,0.15583972123261808,0.14846810284452877,0.3305250349529826,0.029312186721078368,0.02387276573317894,0.09206360681626014,-0.3366122326291687,0.0744069335001011,0.8554998851158047,0.41168523848077093,-0.22668616684904352,-0.5457985740712842,-0.03939475660510731,0.3575835360868341,B
-0.0001593066416641869,-0.009335721814056338,0.26310005463503555,-0.08806775397283009,-0.01612995648569434,-0.351096317112998,0.3029951171168006,-0.02040770684937287,0.2746489053365187,-0.3352143272825088,-0.13374086030359586,0.2747865847943019,0.06427008715377644,-0.28258064045950987,0.20555971657157543,-0.360401722692863,0.20852550735425612,-0.30332855111435286,0.33153438373751704,0.061992290810512246,0.09462926897706521,-0.021530123024311516,-0.049489314817292615,0.043594430933753044,0.17105063146180438,-0.00866323482175381,0.42159353730253635,-0.20640601485436447,0.16637031824521173,0.1924910022362496,0.38438447957336164,0.0509251411608683,0.05664170124627198,0.11834730182912906,-0.3604648546113598,0.10053746772868712,0.9333997925349227,0.46049195585007785,-0.30113791399763085,-0.5024284981026372,0.03677392924350584,0.2536917661723837,B
