x0,y0,x1,y1,x2,y2,x3,y3,x4,y4,x5,y5,x6,y6,x7,y7,x8,y8,x9,y9,x10,y10,x11,y11,x12,y12,x13,y13,x14,y14,x15,y15,x16,y16,x17,y17,x18,y18,x19,y19,x20,y20,label
-0.011810386256945374,-0.012896584297714045,-0.3244965844945617,0.5929815102433551,-0.3424417426411436,0.742161386899603,-0.6348789577237066,0.7360718501128303,-0.2754996897284937,0.17626733818788135,-0.12113142130946235,0.42909440673424004,0.11860377047298937,0.6185073436407075,-0.19259198052709975,0.28970767978265205,-0.26737840202511554,0.2667195923355144,-0.32304768901345843,0.8098694901234198,-0.403227573824059,0.1243908590572117,-0.1446233490687992,0.6148567240722733,0.1370272914260075,0.7177136931632259,-0.3044788826407498,0.5379795503472429,-0.15984164931428688,0.5350569227204071,-0.9084154155699624,0.3193928300838646,-0.1285525803025274,0.7651484921721184,-0.42912167436012344,0.3224886178158225,-0.30758475053118567,0.44792460041030946,-0.036917228390700975,0.24899590373474387,-0.09586667567864376,0.8008736082401186,C
0.016372993221777755,0.027141936057215106,-0.2971213514474643,0.570160878511873,-0.27100108838645065,0.8162598755344196,-0.6777537000706851,0.6910809000410782,-0.306224690846984,0.20714702032278312,-0.13261003312623706,0.4435299294943985,0.19093321835126545,0.5777836679242258,-0.15948055821367846,0.24114909427031875,-0.1833885453300808,0.3102114640609892,-0.2868602916082483,0.8009554099689864,-0.37512939929615413,0.09769609451249084,-0.12823934406140214,0.6856853714108341,0.18631905504745055,0.6738966867922405,-0.2850706051386414,0.5801692719860455,-0.16348957356333557,0.5719295858684157,-0.9338918898254682,0.3363206062671339,-0.08567677354271469,0.7839855054261111,-0.44095553267988963,0.3506042615905111,-0.39218557866771153,0.4109140112783945,-0.023136236380235244,0.18942671183406906,-0.025715482357008098,0.8284790468061217,C
0.04731056761614443,-0.008540439816567678,-0.3371317207605279,0.6064537140267203,-0.33994414247466503,0.8100360619287281,-0.6708791935694078,0.6868841516576311,-0.23133952163381574,0.22591000687113835,-0.12909498949471593,0.42828226387918555,0.14916910559663704,0.66143680871003,-0.1378929759865402,0.21911701523930535,-0.2127792284104975,0.267631107997476,-0.314862945737421,0.8197059377861645,-0.3779038082280224,0.028448519681934938,-0.1334623678533943,0.6599401987701947,0.11995665650338816,0.716411704458365,-0.3153666208834126,0.5602250391261623,-0.1893602704401074,0.5932892275482516,-0.9679034896324697,0.26469003911717115,-0.1606048689525674,0.6800609690609881,-0.47677152845770027,0.30248899491419146,-0.3296777341711229,0.4325677942019244,-0.0846646197037246,0.28199802433346804,-0.0493464243333141,0.8207578454901804,C
-0.05370969875988333,-0.024026024797519065,-0.33339948490582566,0.6404500465040024,-0.34296343916374167,0.7768050314565882,-0.6431353208570469,0.6903840006273538,-0.300455239004074,0.21255237273078167,-0.1660081329250747,0.43715104345138045,0.12437980445245563,0.5979728930961113,-0.1120202689043789,0.2738911983849167,-0.21513440182833538,0.2987302585596477,-0.26265710392600855,0.8022241363205037,-0.3196458042360406,-0.024365386767019444,-0.13036682818753387,0.6861755851318497,0.1779884715395609,0.6672357570895054,-0.3666095222354968,0.5017845882907134,-0.14779818535340364,0.6080903677494126,-1.0023973291790609,0.30887014175324307,-0.16412342203689895,0.8170683118834551,-0.42817404422909827,0.33593181665114646,-0.3398119811342243,0.46273460071645584,-0.03225706060097073,0.20349994005396976,0.014406173006927706,0.8772249405547675,C
-0.016120832160502165,0.018021424894846465,-0.3476272809358284,0.5913761125564564,-0.3434389778532045,0.8042512239894691,-0.6464364801456359,0.7143313345816947,-0.24105881337307739,0.2692541297075911,-0.09702634807130552,0.4507140023922513,0.12854705263938587,0.6167834278490087,-0.21373049541700156,0.27586674261926764,-0.24794819409642388,0.28110286095068127,-0.2882500079975201,0.7419812109439443,-0.35418330425073796,0.06786372115005161,-0.17942350092260312,0.718974043113187,0.18213563438923158,0.7384711159723397,-0.3319029439375554,0.5439091999257089,-0.11674801844865362,0.6204258473139416,-0.8948324486426033,0.29899366439512637,-0.1620246250003838,0.7299097927528305,-0.474373937990688,0.3668413665328667,-0.2539741378490879,0.4690807399417851,-0.039361584122810316,0.2801496819163541,-0.04771553829356478,0.8381038542613028,C
-0.031032781639198165,-0.029034768087522006,-0.3125607869512046,0.6550565534417462,-0.3085716093427353,0.8299806758751721,-0.6370360190298111,0.68515148271158,-0.2710691684055868,0.24295973013523872,-0.1991467999987433,0.4235137304549466,0.11501005442761161,0.659489575991013,-0.19729408530060155,0.30313545098473815,-0.2178176028332231,0.31424000153358134,-0.30113952155473794,0.7610524440642815,-0.33380870464809814,0.08831912369720811,-0.11844297488705746,0.6740218664393473,0.13471178129398134,0.6810580027564215,-0.331421969704551,0.5093810054332509,-0.191270679043684,0.5375639142158717,-0.9370240982495661,0.31814101319981175,-0.1035604045078516,0.7003183560227701,-0.40989671833862207,0.37989449790419,-0.29950543425808424,0.4274114073663942,-0.027319162099372022,0.2636719354945457,-0.058503697586488594,0.8267243349962582,C
0.006772392675545623,-0.0074732581549875115,-0.3077396024793938,0.5998804354832326,-0.3838654223108829,0.7435910272406512,-0.6833881937111057,0.7079650781575797,-0.2708811873246646,0.23460828087666494,-0.19892617375353033,0.44651040715814466,0.13977238995378755,0.6578731636544454,-0.15133926698274414,0.2981335804553822,-0.17106788807116322,0.3034477708408129,-0.24109963159139466,0.8086684091428362,-0.3648449591008559,0.05848320064386159,-0.14855777649908375,0.6642254127208647,0.15164502341754865,0.6906496151476769,-0.3236068025023183,0.4820458023450417,-0.15379684848572767,0.584568989920265,-0.9115486881017313,0.29174484394294536,-0.10423398581837828,0.7388441011350672,-0.4587024500808113,0.3589899053158759,-0.31753191348678095,0.4158679522876635,-0.027287619315362856,0.2522281714975227,-0.007372194204752519,0.848442060225539,C
-0.006688303487056797,0.02973828830267965,-0.32291519490135595,0.6306259513519054,-0.26484760695453535,0.7266952043154826,-0.6913741024982899,0.6583477325146816,-0.2809104015015706,0.2683481070025737,-0.22877199142391186,0.4560992555905922,0.0926573684310886,0.6229342327420928,-0.14818461959174842,0.3024362305422585,-0.23740593671108268,0.2970575707244696,-0.34859880803832216,0.8733538178138396,-0.33962407348133944,0.07490628888323093,-0.10116644363160629,0.6763192758208374,0.1815652020553823,0.7212105629931209,-0.3891719326725923,0.5490028453009559,-0.10015582215660382,0.6333672020389436,-0.9071192081087036,0.3600308288636923,-0.1759728285310154,0.7488948481261851,-0.47239549758199684,0.45134360653483624,-0.32844727901315424,0.38139508767972197,-0.06702291876607637,0.2603719078577424,-0.07200198305029443,0.908900305445242,C
0.02371556464733086,0.009392602336891097,-0.3608309720233455,0.5709445237468845,-0.3293296267055318,0.7903747285679685,-0.699050840513485,0.6845656569828059,-0.25684165609842746,0.24779607678292223,-0.08556595661297603,0.3792634900664569,0.16267415631884907,0.6012722431953227,-0.14332032582834256,0.2791688474593532,-0.21443615229422597,0.2649578621939829,-0.2580249574271571,0.8061752807442097,-0.307064897217482,0.10951609427488226,-0.12625239457453008,0.7080394618752229,0.19595070335116205,0.7399113697550566,-0.306939650302025,0.49816434176978275,-0.15406377467122645,0.5393122493580822,-0.968738395221557,0.28827482327469617,-0.12063192179235993,0.7577362196528585,-0.44984143614138417,0.3764647262453593,-0.30938216858956125,0.43210176198000017,-0.011497812631818406,0.27653686805346867,0.027831988661548273,0.8465764079117448,C
-0.02255880421443256,0.006116886822978659,-0.3577340329848301,0.5995376435387231,-0.3263009644548412,0.7710304736899068,-0.6673930331399123,0.6779921378232862,-0.26830174300797505,0.1927599421624241,-0.1183908951660329,0.48275159497138737,0.1671873167416831,0.6504490829341253,-0.16843749876201233,0.2805041374002018,-0.25282137620584794,0.29820666018315545,-0.2884911186526795,0.7633958951551534,-0.34485246155883453,0.045817445824034145,-0.12540063908898233,0.6712900180117943,0.17924193704042254,0.7206838636576322,-0.38253056203387803,0.5234955622986504,-0.1818503377418875,0.6163117649187848,-0.9021476232235148,0.3039875861938564,-0.12605004488083113,0.7204216695965845,-0.4359597472070003,0.3387272613377614,-0.2950083469013185,0.41699830229195006,-0.05859075780508506,0.21687454997944483,-0.02568187009856055,0.836536661614564,C
0.03651879630120663,0.018997285688928764,-0.3322519653378661,0.6293942470386181,-0.2875086404377625,0.7514538609932401,-0.6796028069375712,0.7444308294979667,-0.2779362413834738,0.2455239276136321,-0.1131466110816729,0.4411760363489407,0.15932242879202407,0.6133492328930118,-0.10146663708240533,0.2619912494574067,-0.25807790241684025,0.3289122847862666,-0.2658149327174923,0.8094212415528794,-0.34782540324152106,0.04686280704756799,-0.15539799871749238,0.6601709538033509,0.1782305145869179,0.693547901356409,-0.3896600362384518,0.5204686709978356,-0.1687916177016845,0.5962560618368704,-0.9443209417950713,0.35537779011549825,-0.16757048407461844,0.7812325446244158,-0.42600859063528523,0.3548679567377846,-0.34467840387943255,0.40331606603893594,-0.035196676068551896,0.20352110274367655,-0.058830856901461864,0.8235949183088936,C
0.015111105518862902,0.01876153361561095,-0.3613911960178772,0.5713480415708818,-0.38369947245917135,0.8155840831806074,-0.6330982940504002,0.7056661503720136,-0.21020468056845107,0.2789904650058827,-0.17855962295566205,0.429817010923756,0.16204724264674256,0.5393461421976594,-0.16348834084417566,0.3041277679604062,-0.23989882160895878,0.3242028081152301,-0.34712507418275734,0.813470670060936,-0.3626435009293234,0.05498443357437083,-0.1617935349157532,0.7263192117169127,0.17091748058127282,0.704121946038443,-0.28308147322843313,0.5053374448058827,-0.1582134185082014,0.5605257896148942,-0.9749698357346491,0.3119492603313981,-0.14664070609844557,0.8239874962552948,-0.3915848130645894,0.34161574727192495,-0.38199556122928435,0.4150879752539505,-0.002547307461996752,0.23056323238076207,0.017025760128150467,0.8702747637792303,C
-0.035125672339198076,-0.019803115256670147,-0.3447872025176943,0.5863954172579753,-0.37416844529358745,0.768999082491381,-0.6719710457478407,0.7251540134512419,-0.24214307651139697,0.24059954140512618,-0.13826995657153845,0.41776590942076675,0.17305221055363926,0.6091362373515283,-0.16604187599871462,0.2866210158406545,-0.15444807031682414,0.2852895596095771,-0.3359981820639808,0.8136296103118134,-0.3283012121312099,0.04871195290093784,-0.15116998991741942,0.6402027677053728,0.17896080944946585,0.758080122777187,-0.29355554562060077,0.5421085442126427,-0.17489660310582975,0.5924214136416397,-0.962827595514615,0.2834962617838595,-0.13329926068685483,0.8029787433887607,-0.4507317561396365,0.34045782286174864,-0.34370774720546465,0.4476020177452752,-0.008408210663573213,0.22486691543281567,-0.03641115497648145,0.8860275568022056,C
-0.010039082471952999,0.041774962392054554,-0.3086284197309238,0.6632677026691159,-0.34914204411874605,0.8073036833636191,-0.6385637984742487,0.7185048688379571,-0.24470169482030893,0.2590561939075558,-0.16768131816997756,0.439974997983518,0.09399734045263333,0.6140746797512459,-0.18149803150401525,0.2851790972248582,-0.1998582671922874,0.31918937898823874,-0.26370692195142237,0.8078158893842743,-0.3530395362638402,0.026553206407805036,-0.191094411791256,0.6331046787985364,0.1489563538854775,0.7271215081331351,-0.38179211290926257,0.5084330936778326,-0.17652357070154676,0.6196084956567305,-0.9542290152951904,0.3067646073951183,-0.12586403521931175,0.8064886618536884,-0.44254101672922386,0.29353184753689326,-0.33195709439450816,0.4670373734870218,-0.014741997800694347,0.26360946834078924,-0.020501334434649666,0.7977248966608625,C
-0.05929752062685595,0.026823426421616618,-0.2906525977842007,0.5916913296591301,-0.33400587409150134,0.8048749868700585,-0.6107481691093878,0.6837829806772766,-0.23317008385203972,0.28544968355098654,-0.15717138084729554,0.4435930626814982,0.10547160131262447,0.5905086152467676,-0.1297031751006863,0.3110640004190869,-0.1945313783106321,0.27125672682284163,-0.2932844174777014,0.8193038239623195,-0.41710614683732516,0.0754520756624572,-0.07694345682518827,0.7124435773396202,0.09654001748873539,0.7116704772780548,-0.3384503161681092,0.5412337299918112,-0.1591968136241382,0.5711684955667172,-1.0228415555105363,0.3120425941193111,-0.11936354327599469,0.7479802595658275,-0.40729533202019763,0.29728462182618054,-0.3875246044111022,0.4263725226884385,-0.054424104355071445,0.2863198714125655,-0.04394058385752484,0.8935809530100582,C
-0.02166079522140334,0.004311238858035252,-0.38875784859847606,0.6089784875335565,-0.33762380440607853,0.82253851723108,-0.7058826587391331,0.6776916420888373,-0.2117183157416093,0.2732157127811587,-0.17378892697284573,0.42107854076665957,0.0876488306394465,0.5584769650939158,-0.16763306604730907,0.255889214831139,-0.16759459189218065,0.3126820381050619,-0.29337276111204796,0.8246295333349769,-0.3179631785913413,0.09815294566781071,-0.1255700998412548,0.6776339295567351,0.1735950869459879,0.6979959904540074,-0.3608060519067945,0.5643796122587097,-0.16819652616844097,0.5505319101916936,-0.952463941021414,0.3242148667128676,-0.18186320343446055,0.7565749139192209,-0.4691158853479612,0.41197097766853086,-0.33301216112990817,0.47038874713187684,-0.026649293170125557,0.26716211017735947,-0.0329560580492017,0.8461494510521114,C
-0.002216153062128572,-0.019721565430721854,-0.3295546452659435,0.5618653765771916,-0.3346012668265571,0.7501061830222328,-0.6577172113763414,0.6958099439162043,-0.2127912289514839,0.23515721560400812,-0.15674850315213104,0.422783234661721,0.1601285698621296,0.6191934170459534,-0.17853872383746683,0.2798491401857545,-0.2851484694885895,0.30465068960502545,-0.31052651511114604,0.795159114812458,-0.28899107058064555,0.047184018146326,-0.10966242719041384,0.7098192317439604,0.1944622384268294,0.7108850654072328,-0.37815802632954165,0.5135674608777872,-0.1973837918619999,0.5704035180963862,-0.963290734771752,0.2753021821338156,-0.12176443373493623,0.7498382883620996,-0.4559353862878747,0.29942452398196984,-0.33368663527216524,0.42099623328278074,-0.05195717968652517,0.2685922698729443,-0.02754757602450063,0.8704670552960778,C
0.018979713182103262,0.021451725052682863,-0.27916199031692457,0.6144340724393376,-0.3681866449018151,0.7733526285798642,-0.6726475402790547,0.6585867779494636,-0.33070369961286206,0.232590817947712,-0.14774791508034724,0.4990664223793708,0.19415124044523593,0.6425617973245038,-0.1390861567083397,0.25035851896008465,-0.22378119229747512,0.29875472992743646,-0.2827403558844949,0.7818815783462582,-0.3362434308995157,0.0206624225972743,-0.042292709310117985,0.7217548282703045,0.20866617452890165,0.6614888869806573,-0.39355050202844555,0.5413270300747315,-0.17154432796525132,0.6363939741869689,-0.9342480560568565,0.30147768488572185,-0.09378853499621463,0.7701048795514844,-0.43818266499784286,0.377753865205219,-0.35608989403080377,0.45438372989765774,-0.016992049490928415,0.22953670138534016,0.027628040850182427,0.8391157404195704,C
-0.04903445102379304,-0.0233276161514123,-0.3602947456949696,0.6164469331441519,-0.29112909920812935,0.7937121183195252,-0.6129742611768152,0.7181795270490805,-0.3352979932486795,0.25263817508382636,-0.16618742172614198,0.4570303634676315,0.13690262905535053,0.7057511845190124,-0.14288452670485063,0.2927616616266776,-0.19709255515574195,0.25757735929440745,-0.25460986686162934,0.798481409833062,-0.36956039859699374,0.08634361462969785,-0.17800720836325148,0.7065109811268874,0.1641248523171103,0.6967459273546064,-0.4122553432169337,0.5600965107162561,-0.15498201853341814,0.5669468635862175,-0.9809042852015373,0.3261623821435002,-0.12773954970779372,0.7647965823749742,-0.47470015585951403,0.3555738078039796,-0.3284677591173382,0.46329960733437975,-0.06989634061861968,0.2356836709760637,0.02719481305977019,0.8585861131732956,C
0.0075818807421908895,0.028978763264653557,-0.2748515518145713,0.5757205215242385,-0.27434960890987237,0.7849417438382524,-0.652634657334876,0.6879831425513222,-0.21036888388058086,0.25440784623853785,-0.1531066810012966,0.4078416849013155,0.131352010781669,0.5820448468164111,-0.12923314530002877,0.2548942887263058,-0.2325136981759403,0.3374456972790227,-0.2629016302309841,0.816445389437654,-0.3726860306582944,0.07629863139420394,-0.15721698487690966,0.6931734337456742,0.12963787696738838,0.7359652469992505,-0.33894272390515506,0.5327007522321949,-0.15067524228573606,0.5774982219191339,-0.9510409395157834,0.341453904667321,-0.10647108080710621,0.7860306640627845,-0.43749296107526187,0.33699646262475524,-0.3035781206073366,0.39650681370038793,0.019546647072681396,0.2785063936555013,0.004341430620572625,0.866874521020833,C
-0.003670100866748775,0.028450579670899822,-0.37144344332548046,0.5929173441889083,-0.3455369100872054,0.7448232574406214,-0.6414390760694031,0.7241577174519055,-0.30656846744115807,0.21318921527458945,-0.15384538165940767,0.45133727227608883,0.16428762433277552,0.613801339304579,-0.12774081839125379,0.2778990303621231,-0.24752555596988773,0.3091688439819033,-0.3250115511189857,0.7973124531329229,-0.35408170619163376,0.043598164973469716,-0.057379490722818574,0.717389319393232,0.1748436403469533,0.7125799100400466,-0.32942117276336824,0.5518208723640462,-0.11554836275894405,0.6087857084855234,-1.0126520887553436,0.32772233075432455,-0.1632861827395609,0.7480146185212039,-0.41561292754647855,0.29059508565839265,-0.28438777302010226,0.44834278924342436,-0.023961484785254096,0.2821742740205892,0.00334112106740048,0.8595264965873239,C
0.023221279762840025,-0.02939622742496914,-0.3048648914058875,0.6288070514334813,-0.29662786651383,0.7914754226660332,-0.6513573816222474,0.6584816124495502,-0.2553197360907373,0.24399536171219932,-0.12757529188561864,0.49304362642954325,0.15248347542551605,0.6193842255325271,-0.13926659562874508,0.25852490988946014,-0.1896883934966699,0.281444951726453,-0.2992684566859952,0.7726846031627721,-0.3463311976061735,0.08109823502925924,-0.08375927249546244,0.6766211817094324,0.16211696443706058,0.6196934135428769,-0.338235206941944,0.5339118867973052,-0.1619368668411463,0.6261363845571597,-0.9366972396503035,0.2902320124507708,-0.16535771668271518,0.7299214033790183,-0.45841968954522433,0.3577105416496965,-0.39905583490929125,0.41977149142830295,-0.009918021767035882,0.22609924872475068,-0.036458553730282124,0.823092409644431,C
-0.0812452210811283,-0.024010813800179193,-0.3611290032640684,0.6338292302553787,-0.3253885425147468,0.7549970671671665,-0.6217706689054348,0.7079373410525331,-0.2629965957414125,0.23555577177226183,-0.17711907183686865,0.36779066611284383,0.14136519508057033,0.5812438645693426,-0.16277161927731446,0.28757782026640577,-0.2877498520700189,0.30845034302587443,-0.2623202235488394,0.7425807330942834,-0.3276537532774158,0.11871211254076106,-0.14100982446583235,0.7005553714143553,0.13870902289417503,0.7273571200193238,-0.3296250687992344,0.5396165129926879,-0.157585005824133,0.5927956573897799,-0.9550011412263033,0.2735270440329947,-0.14262057208825224,0.7632105495792818,-0.4802697482758664,0.3431757085228583,-0.33761750643793875,0.408204278925974,-0.0234041665561835,0.2748444573203136,-0.05102410097269228,0.8573137270616971,C
0.027275764871538846,-0.030311071971065265,-0.37911944882577464,0.5823416513003057,-0.32399786431616234,0.7725497478252034,-0.6977063922990181,0.7242631401801736,-0.2907136074720443,0.2205367865136104,-0.12666070510072,0.46175329688935685,0.15115836252757,0.6021285026735049,-0.1392295939648711,0.27569059240996235,-0.21724340540092854,0.3433699935900499,-0.32292602131692416,0.8165065305146892,-0.34455264092695054,0.09007328559771428,-0.08000802879496134,0.7307576008351157,0.19389957004831143,0.6817895607783696,-0.3575983566822837,0.554725575884673,-0.2010073800515614,0.573957428005717,-0.9752270020599989,0.2674125322837764,-0.13075098254325657,0.7883285983994892,-0.42704357153042055,0.35003547188560036,-0.3463328894049842,0.4080842982041524,-0.007829441445415891,0.2418136126466964,-0.047316536134950654,0.8651745712908628,C
-0.029432491340509688,0.002555042082102063,-0.3450986790135338,0.5904326659284754,-0.3473033260237935,0.8088846374549988,-0.6552474562528927,0.6949749406403235,-0.23253497042836027,0.2443648644853732,-0.1541155512940974,0.4583448762170746,0.13358572280237754,0.6353139235919764,-0.12471802447414743,0.2908667131160381,-0.2668324286607061,0.28734724926013866,-0.2676866024388328,0.7402971078661468,-0.33910933392238485,0.069763328111662,-0.05153708098137988,0.6913112012027837,0.1655946695575916,0.7346603553088588,-0.35526120787473586,0.5343519606162477,-0.15974532874386174,0.5989688109139024,-0.980779710890029,0.3277201341784551,-0.15395718586145318,0.8264241835301235,-0.4904459101412495,0.3237694291480533,-0.39664363943904457,0.5127684442389047,-0.07078014773914493,0.2799601550096651,-0.009302515699782323,0.8256597591483923,C
0.023191037739581668,-0.03206969734949563,-0.3536294532349415,0.5637191159413835,-0.31971486966296364,0.7274854168868834,-0.6487464014251735,0.6824730555350298,-0.20301254591630807,0.22663245317863306,-0.1233188870916378,0.4569893207531984,0.13554307844514263,0.6556147177544805,-0.14456960471679284,0.3022083915952945,-0.2572732849079663,0.31809909589930024,-0.26306097425829755,0.7722794336873886,-0.3510331427480163,0.009592502537647027,-0.18096751098377295,0.6765465058656494,0.22285643394908006,0.7560764827009975,-0.3540765297944322,0.504539511571189,-0.1345965787386738,0.5208555250694181,-0.9651764086118952,0.28026971333981154,-0.1407745767092512,0.805900634926923,-0.5227015191615474,0.35580088983268354,-0.3254678834448446,0.42199325557141415,-0.02523154062776342,0.27258653100930635,-0.026363630774063094,0.791789645626398,C
-0.026675992876395105,0.04792782762821933,-0.3642337746315269,0.6129945529529899,-0.3614444618505744,0.8040953351231214,-0.6666293734106423,0.7058233337251089,-0.24381220063431328,0.2139607996619458,-0.21563074744176092,0.4156572647793139,0.10245019002354971,0.5857521592052828,-0.14086081177134138,0.33598593860295994,-0.30339549166416446,0.2570630436818772,-0.2801508440714769,0.7973471328546866,-0.3352173476573043,0.06033913888371019,-0.09383117358908814,0.6954528895520745,0.19515813688101397,0.73028850417632,-0.38070768285056333,0.5506992524879099,-0.14312505553991373,0.5707115202635485,-0.9635231483076747,0.2931129481967838,-0.16456823795163036,0.7232283889608746,-0.38068397721939756,0.37889437390439107,-0.33498611601266315,0.37980026158808006,-0.01759912229889181,0.24623414319318904,-0.03581215500845629,0.9202754673165364,C
0.05693808243796208,-0.07095157096098857,-0.3182634329599874,0.6155433576950339,-0.32915000404847294,0.7695165561639299,-0.6604633022599202,0.6533644573427936,-0.22417822672369708,0.25586239326337856,-0.09952845918941217,0.4184373868450677,0.14672945838344909,0.6834701385305083,-0.17622626310080516,0.24496553617994218,-0.22043116450694886,0.33720427563385036,-0.30712687371877356,0.8629351135279894,-0.37628947313436634,0.08148790203342038,-0.153657347044568,0.6643651177299978,0.1935282804212634,0.6934735970515179,-0.39050335663185587,0.5091242281005753,-0.14076000177269032,0.5928865879860648,-0.9313141331295166,0.2846346999796764,-0.16998377554678135,0.7400769417596962,-0.4675630625795829,0.3450851803553257,-0.3712841417833354,0.4557854035944041,-0.018500547904663947,0.23121965330400474,-0.037071205671056574,0.8262383692419266,C
-0.004479353325419003,-0.025044720580129326,-0.26495278959624435,0.5628528335021467,-0.37789132644103074,0.7791173531240454,-0.6577381303759007,0.6891852632802268,-0.227770081501517,0.23892937355679703,-0.17640902708980824,0.47351293099596536,0.15748676473079012,0.663772438874768,-0.1544257102877904,0.30795072771940424,-0.31112023385644844,0.28768096253494524,-0.31449273936743094,0.8260059047523982,-0.37100416705819195,0.09101146870368391,-0.10973581491435627,0.6601209016433159,0.17601211330686325,0.693316415908779,-0.34143842610806535,0.555573193860909,-0.17218919080711542,0.5312796405725821,-0.9352130515658724,0.3348890366136544,-0.1891774546070568,0.7635447673804009,-0.4730044286767534,0.3802983423789369,-0.3002912002245618,0.39953244471344057,-0.07344137691385476,0.26449953317348496,-0.06438775139614258,0.8785726310211129,C
-0.003935257853133748,0.04816504595247932,-0.27972446396534206,0.6571375563213544,-0.32771650614742565,0.7578784147823908,-0.7050438416631228,0.7040195966846778,-0.23522230845418343,0.23351484935621925,-0.1886238965735712,0.4177199324329397,0.141138558387751,0.6037731011043704,-0.17924301100428433,0.24625143148456977,-0.2334996366692177,0.29602716163581094,-0.3119129555713402,0.8052571268282132,-0.34133378539049336,0.07233123321068566,-0.1620801850808433,0.6691289225424771,0.1693306844077818,0.7035054642983742,-0.3849790840431956,0.522847562009362,-0.14462921383285282,0.5631461237718961,-0.9424114516974348,0.30315322301442543,-0.1519821505579632,0.8024922992415731,-0.4541328374374656,0.34017825932174095,-0.35030815752607913,0.4682372063642257,0.00774916568332977,0.2915618084524442,-0.005029369288116394,0.82631393555908,C
-0.01349411221522033,-0.02312021495889038,-0.29831300472723365,0.6806437191847059,-0.3194267995993154,0.8365314264544106,-0.6468291999579023,0.6956844063343995,-0.2727064755253769,0.24404491595216748,-0.12136860566221282,0.4732607275419103,0.1417417182505547,0.6281042127912625,-0.15779659520230077,0.25830926880031435,-0.2030030529529119,0.24539308032269058,-0.3372850128539775,0.7885404812531273,-0.38702472030044244,0.09432260466836392,-0.14663922351131334,0.7046544868266705,0.20799211925585848,0.701591204309784,-0.3351167443027056,0.5698856593518474,-0.1324334900682312,0.5188344079005254,-0.965448396602416,0.3180931032158294,-0.13171458923507173,0.7348638919801374,-0.49627892364450743,0.3648267824484325,-0.3610668904039526,0.4197928127805549,-0.02963091431522778,0.2522756814399593,-0.05906615630510373,0.8503583174176822,C
-0.016333742990516802,0.04967363657112141,-0.32282191044035674,0.6875692808851246,-0.3793569345018698,0.7772246569623668,-0.6696798820919055,0.662875488918606,-0.2658405831198376,0.21125504376840887,-0.17811905439980966,0.49548826310548655,0.1361357267926514,0.6499762965337582,-0.12625951206643465,0.3180909113454085,-0.25890953262218774,0.3402420822250202,-0.2893344814584642,0.8660201399711525,-0.3330718318496391,0.027159113687263543,-0.09562196523072011,0.7131205577270626,0.13009658630079923,0.7220970891242416,-0.29682363906329673,0.547449828522411,-0.1916249692483757,0.6112710930785986,-0.9331163653337362,0.2957925376208552,-0.15199229424005403,0.7844653885991492,-0.47237351963686514,0.35254524369260465,-0.29980523659876185,0.46941859266696384,-0.049732567617276874,0.20955659723102377,-0.052330780632666274,0.8773315884525623,C
-0.02222368900988554,0.032481633320422844,-0.3515104079572559,0.5938556321155266,-0.34499083317344825,0.8145886240720774,-0.7080585840749188,0.6945806745638292,-0.24744102528667222,0.19591159813566225,-0.13807605277501628,0.4362517051634818,0.10470271204649895,0.6199489624989968,-0.18723440179728643,0.2560325892666478,-0.20304138509804412,0.2928885137336472,-0.2613294695032791,0.8002415753798071,-0.37769591261546037,0.07613984305783496,-0.11655267427420554,0.6414297809084617,0.20292130204833442,0.7453759300897749,-0.32612895301303657,0.5354051366232292,-0.10205994805371138,0.597133849474736,-0.9471644353351777,0.3537118942388421,-0.09010497080246467,0.7214658396650513,-0.4601776688127794,0.3640601990051793,-0.29894447210028563,0.38885707538387343,-0.006736991079748962,0.2450214961657931,-0.009589608923557646,0.8358307230168416,C
-0.06998698383132732,-0.05313482155476979,-0.3630052752492005,0.5928294799277929,-0.3400201412354159,0.7707234387315499,-0.6619713264166877,0.6712896732711116,-0.2554440217823594,0.253574180654224,-0.1492071054309858,0.45787476903777224,0.16006980152014422,0.6174319378197196,-0.20969209557551194,0.2828284398460068,-0.2496630584536961,0.3281230419962577,-0.24614382702283066,0.7972233132950853,-0.3438990301702869,0.08177855591646992,-0.15774419627281144,0.6786196322724168,0.12242417205314668,0.7310796508925946,-0.2943463165888004,0.5360821632216579,-0.18496489489231044,0.5888074149477046,-0.991328109918149,0.289636804000423,-0.15073076669844881,0.7489893160462692,-0.4384764281530466,0.3595083285137214,-0.3353372274806554,0.45085016404186173,-0.02226250829582121,0.2423368877992149,-0.03435442365597197,0.8504129387093496,C
-0.011497384124634961,0.015289463726884642,-0.39316623003754386,0.6115394157751809,-0.3305254272360305,0.8042227281917802,-0.6273000872658847,0.6819608891158371,-0.2303503178521718,0.2439709109356998,-0.14083062477125596,0.39990774102723314,0.1713530998232073,0.6250570669708166,-0.16352781492717586,0.24053815973670126,-0.30276485994760227,0.3593192210569442,-0.2779079295831611,0.7717398163523147,-0.3866371698127432,0.05338273657953723,-0.10911649992870781,0.6972779455877888,0.18930827132004266,0.6731285755429818,-0.3502945098401495,0.5368964878713027,-0.16411241309696492,0.5973379937154395,-0.9058701714647904,0.3090260976032612,-0.15573179115025315,0.7210570089438009,-0.43977706181868903,0.3266996779377435,-0.32290672406770327,0.4347621510744114,0.012932664826333429,0.2635733976693987,-0.017445793135163624,0.8331818520962275,C
-0.04296511475320817,0.032234033541943284,-0.2930273350635574,0.6006532096732761,-0.3978227583346653,0.8270771267568673,-0.624904102504701,0.6826785888354473,-0.2232387270054004,0.22442324139879352,-0.1422465708870837,0.39286793868181114,0.1752997487769889,0.569576024403426,-0.10432297989443237,0.32993371112535586,-0.30607656640031966,0.34895958602017496,-0.2942764544859062,0.8176170111439482,-0.3911326636350235,0.05206513478477288,-0.16879027540651093,0.6546643725830044,0.2055164210532103,0.7297246499366183,-0.3203148588534849,0.5169107897949,-0.1831209358999075,0.5314812245057876,-0.9327411223525365,0.36081405397352817,-0.09451155995039198,0.7655616864238756,-0.4302523675036214,0.3539130828257273,-0.3084812699335262,0.4760859048671343,-0.05106055153848592,0.2411865872198514,-0.039727616784893116,0.8518543289835995,C
0.021849798846732393,-0.0020162495447888645,-0.35482546551814403,0.585369660964354,-0.37506162105270563,0.7830402292754173,-0.6295361246764098,0.6987913116895191,-0.23840174255458516,0.19312783681264606,-0.18394175831812448,0.4470004466131462,0.17602864668853244,0.6475121827860892,-0.17617355773852839,0.34398434544490797,-0.290331830100969,0.30312117323569554,-0.284031808780847,0.7986754066928424,-0.33304698324799187,0.05567445201875668,-0.17821871974093845,0.6756863017160932,0.1737871201092392,0.7270969261621062,-0.30240252992744093,0.5074192615046008,-0.11224495986782485,0.5681188906548257,-0.9683961440239894,0.2903854824331841,-0.19672350684101408,0.7519656657121727,-0.40572237610802153,0.36081080194394755,-0.3289380953924731,0.43434392043145276,0.0038705261983231418,0.2308189342908244,-0.0039972238995775525,0.8548354987922782,C
-0.0235159202547759,0.013909419352246155,-0.32670815380674,0.586374222153029,-0.37189069007030584,0.7732043651123673,-0.6758804526546283,0.7228100539893775,-0.2617307972896705,0.21446137710177357,-0.11489376047269664,0.4821390810960954,0.11369476835124923,0.584853879942089,-0.14050979869613126,0.2690260181867349,-0.2457967151911292,0.33339995091912705,-0.29493111164211927,0.8624954605627719,-0.3473863082163968,0.0666665021604835,-0.0661645901294917,0.6876322287487824,0.14766198215357768,0.6691360993045676,-0.35878698793307756,0.5401644158804076,-0.1350806455543984,0.5358388409773808,-0.9529863477161045,0.3410773811855991,-0.130319569676377,0.8053171805416114,-0.4902913706717227,0.33969295571635805,-0.33215094915443066,0.4404179919657349,-0.059514516224012715,0.2696374872439998,-0.016295506395406487,0.8506346661652375,C
0.014098199062831636,0.009489397335067123,-0.3489741253327648,0.6058324674127525,-0.3772740520480088,0.7413741908736047,-0.652920180574849,0.6293609870800977,-0.26255842796354334,0.23805617571655602,-0.14826471575806838,0.5072122075574871,0.1514417067884515,0.6141090551238243,-0.13772522291939304,0.23588268163179368,-0.1994341032987241,0.28710140699753317,-0.25391708621191567,0.8169599278085473,-0.33004786865738567,0.04512690607192122,-0.1676997313877707,0.6434678795396241,0.1173777077702978,0.6882466770162847,-0.36255164126428824,0.5634382667668622,-0.19341864420719213,0.6467806595697261,-0.9831282048722065,0.27549048054620034,-0.1825850827564047,0.7649319178845043,-0.45470985973022293,0.34325389097607006,-0.3235587338039948,0.45330250908224745,-0.0690677066806858,0.25774674887440674,-0.005453558566748673,0.8200159884530063,C
0.08293009834157998,0.07023745583240924,-0.331477006156504,0.5773763800442486,-0.3691427305102347,0.7932632251807338,-0.6413584825379546,0.6309150981662753,-0.2836830603681667,0.22990816893799168,-0.19089022922015467,0.43273711833635026,0.15157482833479075,0.6173064975097188,-0.17799428079668836,0.277857933618487,-0.21423356882127093,0.2746254725787616,-0.2767830424382285,0.814685507160679,-0.3332414869115508,0.06962895559680898,-0.1294554084931295,0.673663843580959,0.15987624564975944,0.7214399377088704,-0.347792904718667,0.5491365122329465,-0.1468280709491916,0.5527691313757934,-0.9626406209568086,0.3011298538378686,-0.13548166726430008,0.777519004530945,-0.4396915240684642,0.34774896900546837,-0.34882202151229874,0.4555307646743479,-0.023547631476067987,0.2537955727851343,-0.04280233636154921,0.8612350369362964,C
0.0008879857170519686,-0.045716078792036145,-0.35893954247438253,0.6497134175673969,-0.328691141201073,0.7670596057313014,-0.671736681427901,0.6603221711113689,-0.27104272457612477,0.2563891241888723,-0.1541895539775313,0.4666451421468104,0.18746894992849555,0.6103126370779076,-0.19481975496397297,0.2882353800428335,-0.2540493896841131,0.3022689693295088,-0.2820579441544249,0.8606654068483909,-0.33912978530925936,0.048029648976244954,-0.11458223268111237,0.702797497965809,0.2049947804930792,0.6720634466730468,-0.30620171037004756,0.6016689484342347,-0.12435265718276091,0.6244777347768258,-0.9661231812442609,0.3533976970470532,-0.15246745961421368,0.7634780242796467,-0.4589883382194839,0.32905482868205055,-0.3359221661296353,0.38921024701769263,-0.05458739913238679,0.22797991690879593,0.01491220180853527,0.9014410003704613,C
0.0763609000307151,-0.0020074609065020193,-0.32833987292320804,0.6337199357412179,-0.378096257538383,0.7568983337016936,-0.708465150047805,0.711284887762493,-0.281136899351074,0.25570349128585956,-0.1626118677525311,0.4417613986750113,0.13350456906564687,0.6278769778679848,-0.17063711535242312,0.30643792695462424,-0.23446903217728787,0.3131704042993625,-0.2838269447476978,0.774541760604617,-0.3083396944782643,0.04219353947784661,-0.10909507314799705,0.7002120267204271,0.12388154310344524,0.6943584316192808,-0.32753459283273134,0.5243981131950487,-0.1662498851124076,0.587473604830668,-0.9643597574528949,0.31343089755787307,-0.13690756120719128,0.7587313247937656,-0.47416835757579734,0.35865747423035854,-0.4080361630250632,0.43169171419311675,-0.03352722651312023,0.23276720789363334,-0.07279800836646362,0.8653876278338677,C
-0.007413148719391934,0.004158933420532352,-0.3843461896010173,0.6248736072241452,-0.311614791991499,0.7816711918584056,-0.6874573937279104,0.6992051886063329,-0.26382938251395793,0.25155459629187515,-0.1481357737301728,0.37738084409910344,0.06816610202407611,0.6008541209196917,-0.14237959683339474,0.2604777313517105,-0.21467619195884324,0.28238849540922273,-0.22523492680701424,0.7993099999294754,-0.3407406002833976,0.03298613710408324,-0.14590353037914022,0.6931590944587945,0.16746349797220425,0.616301610074925,-0.3299561309605951,0.5513583668308074,-0.14048580102270558,0.6139440236255505,-0.947658533082444,0.37458246390392524,-0.13117713320119523,0.6955659235401118,-0.43834230118754086,0.3801153564006295,-0.37709781397033626,0.41570785153559786,0.002412470331790012,0.24021939520856178,-0.03824086603313764,0.8762639452686113,C
-0.038461536696437974,-0.00035272901446396597,-0.3583750740474606,0.6025313697964985,-0.33270088905138445,0.8180605415043489,-0.6511761988344676,0.6692266697276931,-0.21938675812244696,0.24411500031600478,-0.20700743081382142,0.46678822829910815,0.14058638419493294,0.6211808048353801,-0.12025369016152788,0.2691182604563079,-0.2026157058647203,0.34057244811075243,-0.2852470923432437,0.8183704706847112,-0.3279967088900344,0.07561710835532615,-0.10667725892082447,0.6470108483495498,0.14960706832645987,0.6619627753091795,-0.2943484101138841,0.48281150037280773,-0.12278937514990723,0.5951300544522876,-0.9793673904834409,0.26457407103851455,-0.1393253229722915,0.757908053070566,-0.43318765652716623,0.28050641401780085,-0.3414218314787496,0.39752602974648227,0.004322636099618929,0.26943779158488657,-0.04633882179810779,0.8954786293365158,C
-0.013070776754901493,-0.003121746452375522,-0.3211055065494357,0.6378535856794048,-0.3394480198236159,0.8288629133896428,-0.6726041768687968,0.6567536497464886,-0.207526529324551,0.2162514430350082,-0.13096018173342627,0.464698114701177,0.20112029065065073,0.6132538822872878,-0.14013647002711777,0.2517579462356699,-0.24387703968581628,0.2795170761604953,-0.2617051026066004,0.832543852555901,-0.3377510666519894,0.038470351006212766,-0.15288557913661097,0.6572872112827696,0.17955694727162233,0.6523195871470026,-0.35682962951312747,0.4929109408016106,-0.14721970376430404,0.5512289222256667,-0.894337441115771,0.3340758145650582,-0.1408572780163257,0.7770447907652122,-0.4310008304811008,0.3176830066051762,-0.2986199276947702,0.42095191301287854,-0.057010368985047286,0.27340623970606703,-0.064798349623085,0.8725148394283803,C
0.01029056276142812,-0.019500432764334268,-0.3005281596610535,0.6317352934605287,-0.34946044486428884,0.8024229119730237,-0.7005155240137895,0.7009262684728846,-0.29907321155496797,0.22950590789356073,-0.12808020976060971,0.4518018282575689,0.18524022214402647,0.598365078736726,-0.14370464392166563,0.21127574423525838,-0.2448056028245721,0.2931711870231129,-0.240092748063576,0.8042412162235553,-0.32142375144055585,0.034610553302471654,-0.14334496659728993,0.6532410103269827,0.139034753339968,0.671992952222095,-0.36334728607653083,0.5943660237136095,-0.16416551458299372,0.5403787653117763,-0.9688097294173379,0.33321121713710666,-0.15923655840337153,0.8092696877985611,-0.4141635219465341,0.3406602713159068,-0.3554445886831212,0.39529918709773954,-0.02820092498687433,0.269608035107328,0.009086835172327886,0.863543820306322,C
-0.010571364751941904,0.041230895889548626,-0.30464485988514434,0.5899463298829629,-0.34229745126633954,0.8060649164268033,-0.6514033921440162,0.6559455070096184,-0.2500273647239905,0.2053849048822689,-0.14685295986072178,0.40265929089985525,0.11191171832726378,0.685126250691261,-0.16875370925995578,0.30865126573377255,-0.23321616706910508,0.2661631809290697,-0.3195127933087662,0.7811606973272783,-0.284444868007743,0.054809269394435346,-0.127925541080496,0.6987964010910904,0.18398715543514477,0.7256998348991436,-0.36069174458342657,0.4975687768641427,-0.19074732627328123,0.5350062775799183,-0.9686863324220683,0.1909307098193173,-0.11644707435873353,0.7818038603864538,-0.474316616639154,0.3051843569003092,-0.28992735877177706,0.45281747178112824,-0.04169427151926578,0.23690514433431137,-0.02997240587561899,0.8096129819302174,C
0.00878900242537279,-0.03606347878926343,-0.40094908879824803,0.5861611455345411,-0.3702571417127135,0.8404585896443209,-0.610309196916183,0.6526914616826403,-0.25830606615249335,0.205964965611684,-0.09362374399321963,0.38704381212158145,0.15259251091236115,0.660506507315625,-0.17233678633844393,0.275955703604332,-0.19784729379040916,0.26904273908510534,-0.2680173080038324,0.7584970587579483,-0.39667739822397863,0.08726073824261914,-0.16236625045162684,0.6837229458428422,0.13350559654073457,0.7081683457700422,-0.3947028206699239,0.5719530286113108,-0.13800812704862625,0.5629236558773505,-1.0089714872538065,0.2965741962809435,-0.14893514118737175,0.7483096490253685,-0.4135336429875013,0.38289608909459116,-0.3229381901039358,0.46854062398067553,-0.1180677459017706,0.24803600586901092,-0.04166638298051292,0.8781028549448244,C
-0.009552912172138463,0.01666296048666219,-0.34367142664474293,0.5903552005086465,-0.3157724801468117,0.7861961855150773,-0.65133682415071,0.6489723447293728,-0.23496831487278297,0.19334172800585359,-0.0973629750291141,0.43395445341741745,0.12621803217419666,0.6489326819475176,-0.1575177563995848,0.29677244052594937,-0.23840726233075568,0.32365649149027464,-0.28940681800135776,0.8309550973152148,-0.3142944961003771,0.014205903360768775,-0.12262377957546881,0.7332318366767047,0.18738288100852407,0.7729046529859397,-0.37277484937872546,0.5408201268937824,-0.1477811565068348,0.5651561109764562,-0.990150322724167,0.36780915890557103,-0.10451890732682353,0.7813771808045086,-0.44361637485555966,0.3507018020904202,-0.3169240403040234,0.46709331583945957,-0.05517972702841513,0.2603280885810314,-0.04221310817347741,0.8211329743805779,C
-0.018410824727245034,0.006488558419523711,-0.3382018287338732,0.6113946322085831,-0.31806549590350913,0.8209035411795853,-0.5809358433506853,0.7093184882190248,-0.27381022010265865,0.25873589371114614,-0.15829455132210532,0.4206738337640355,0.1573234091866043,0.6645792812759161,-0.174132380945411,0.2847095731996064,-0.21574966714311947,0.27379383330164775,-0.3300569205949381,0.7628639254016251,-0.3104514063114127,0.04782711931691169,-0.15226586024226663,0.687896426718541,0.20787382241613633,0.6648091692758769,-0.4015747756241935,0.5773512062448931,-0.14699698873554404,0.5487811200983069,-0.9662302965961964,0.27264397146965513,-0.11898675527085079,0.7953259330714421,-0.424974090993566,0.3514826026903432,-0.32442200412875877,0.40157259444684595,-0.04729798424922177,0.2573385659921769,-0.03941389724572783,0.8528567167169114,C
-0.04852691765586863,0.02643696138470935,-0.36138658076230057,0.5473317272986413,-0.36126386049435094,0.7797819155566597,-0.6000200555891285,0.6715158182390649,-0.24901155523965882,0.23527469555587333,-0.19420421878805524,0.43849162571589334,0.13070558331430443,0.624676777514501,-0.14327481464303443,0.30077152644251226,-0.2551340534837581,0.31674685090850446,-0.30896722562835094,0.7776428323625081,-0.2962395581973378,0.007345317628341341,-0.1488567064285747,0.6850119967172461,0.1508654129521918,0.7042602184380591,-0.38521541415966026,0.477726866513971,-0.18864187710251518,0.5855259949072563,-0.9582276429471799,0.3217996542454147,-0.1809254803048598,0.7473724609680121,-0.447210885066686,0.3174206826345932,-0.3316256853251865,0.415385960432072,-0.019367763315196525,0.2658217593791106,-0.08671676803932069,0.8970166068863946,C
-0.06516907628045639,-0.04655684293269417,-0.33147123807604123,0.6194550333796659,-0.3482730113060106,0.7699912862209146,-0.6630167208940263,0.7019970721045625,-0.289698984477312,0.19222532166674938,-0.17472440291473434,0.48125173696033186,0.1498268815178258,0.6393384756667583,-0.10823563992268156,0.2988697674251699,-0.22474709015949224,0.34900011489095106,-0.3162636780489872,0.7969900990070234,-0.3141291459309256,-0.004076149112792339,-0.15726053079199098,0.7020303550234569,0.17204722069862796,0.7151647075941748,-0.4024217928805524,0.50785465696266,-0.14293516672800996,0.5539032416855544,-0.9283356772614398,0.31133868270226833,-0.17334591024845886,0.7750061346438438,-0.42258403260308913,0.3573351711252465,-0.3196537936579637,0.3719610431260743,0.033678509390920076,0.34178309634508763,0.011747867127872968,0.8563063311995527,C
-0.012147837319112037,-0.011514428094583064,-0.3057054398854793,0.6426464346819766,-0.35929320430598755,0.7856056896195698,-0.6228419868354779,0.6831048363653247,-0.2519454038477303,0.26695192570952764,-0.11229182669422713,0.4657961346269412,0.10656620206030164,0.5904644785147791,-0.1780385108239303,0.2595900876804808,-0.22296105071012542,0.29945702292339205,-0.29196083308476245,0.7972118806659928,-0.37513873389150454,0.04790577441387289,-0.060350433005581725,0.6993192992306259,0.16945072431350028,0.6547370825761819,-0.37464252658367536,0.5318155372279653,-0.12162319435242575,0.587833749257975,-0.9466145814708532,0.33601507692605465,-0.16732336629754774,0.8068263474776858,-0.4565550222869519,0.3812335306374736,-0.28566121186443566,0.3966050908271509,-0.033971793535282194,0.2808320305913135,-0.03971404043222204,0.8450754456485188,C
-0.011951911568189432,-0.05581779085056558,-0.2974983155479718,0.5802857580523394,-0.4084825343975344,0.8176578263806672,-0.6460057423265613,0.6466388439094962,-0.22271702327157678,0.24561843373842104,-0.14874828082830943,0.4311381907078285,0.13496815255705383,0.6283620458929153,-0.17962603024366225,0.3087890428412545,-0.2127710536371816,0.2982000652457451,-0.23482073881455964,0.7959025565061592,-0.3023383685852351,0.07052296229327305,-0.11062959511303044,0.6673293923121905,0.11275915117069238,0.7141291175921617,-0.38056695092334436,0.5147029783628084,-0.1601362935654428,0.5617093632710481,-0.9540325149884256,0.30870183800434103,-0.18241124320736538,0.7728666003089596,-0.4636885891485385,0.31444864188327487,-0.3958063457026287,0.37719158231661654,-0.033254129212249905,0.258432431108064,-0.015561712885127471,0.9043121557520329,C
0.0406833818904444,0.029873082096648653,-0.293629918057408,0.6160008987074864,-0.33492262428460406,0.8323689945987377,-0.6540576803381662,0.6933139873901419,-0.2203322815858506,0.21735842573641526,-0.1527936999854223,0.40080929630858597,0.12476200646657785,0.6122758708920438,-0.16416492106363387,0.2995618181715931,-0.2597021675018481,0.3469245254935158,-0.3489186299169565,0.8228953406350541,-0.3243175265012855,0.08250151557684252,-0.10049066175310241,0.6719938429012003,0.20643987645362794,0.6790262845187133,-0.36313653688647674,0.5951539231756509,-0.15710630881608717,0.6095147278995814,-0.938197202419262,0.32441454500696526,-0.19834273702632552,0.7759303602977732,-0.44457936201395515,0.37568933901567303,-0.35963615445570646,0.4596208271563823,-0.07016500088570429,0.24360743813078325,-0.07846236200482508,0.8204230950734149,C
0.0002084235825792263,0.04105219392503441,-0.3281737175067478,0.5720578166244978,-0.4031312512039247,0.8064591846579435,-0.6802717407132456,0.6704700094426794,-0.22300372292658888,0.22160757897169495,-0.157717037248379,0.44649597010040837,0.18309740922063145,0.6297874725046588,-0.22074558284560555,0.25070890824954223,-0.2379754413549258,0.32815393576400986,-0.32439171551695883,0.8094145346928799,-0.35127195191805466,0.09223861405386745,-0.1632653066828943,0.6833612406266217,0.2148427387626971,0.7267184411591973,-0.3269508019440419,0.5237675509604303,-0.15786920457857614,0.5775781703377669,-0.9273840805262189,0.3185086154361272,-0.15701078289643364,0.8170041297966868,-0.40892194254802416,0.3204925426860434,-0.3460817999938697,0.41907032276145006,-0.009484530401272354,0.2328852754207417,-0.05118923026868555,0.8791907561531548,C
0.016760183271535965,-0.05845413072335359,-0.30949497147266847,0.5663479791037778,-0.35884336217384927,0.7753058967074041,-0.6746286289476696,0.6667005818578122,-0.286436539774494,0.24102657617278658,-0.19715046453546997,0.4256986438445472,0.1623715386521366,0.634090975968405,-0.19750388747283928,0.21736069366034724,-0.26211684684754416,0.23690833389724908,-0.2843632656325457,0.7911644923647424,-0.36029250085111747,0.07705449144641446,-0.10714883829322819,0.685491054366557,0.16216265038269306,0.6786780880676085,-0.3554550150217242,0.5393028348801668,-0.13464722599286488,0.5392766649802183,-0.9869186729290899,0.30253047280156276,-0.2015178817949054,0.7732008973873182,-0.41335953920738744,0.41724244030364954,-0.3333028646048567,0.4496022128165529,-0.03331623825244246,0.3057461447532624,-0.043810411259535435,0.862720100759639,C
0.018110209495942598,0.011656845852416735,-0.3523723035291877,0.5693627018941899,-0.30916834094250284,0.7937871886812236,-0.6582913101952946,0.7129385643701645,-0.22994869477891952,0.23640113885872496,-0.12969036142790488,0.4258949982641012,0.1546534853854582,0.5750854220469532,-0.15537376589485086,0.29766423909444417,-0.25100505128989875,0.30652347952064496,-0.2780752623473848,0.7782281264843266,-0.31494435874605453,0.07135309035098536,-0.183635589877578,0.6810639106779773,0.21246247609832225,0.6996310094059757,-0.3644489385292156,0.5167448032979234,-0.16721437269411482,0.5445907290448193,-0.9110080589201334,0.3304368955932199,-0.105866544550592,0.719534698172373,-0.4411962210384522,0.37883384721878083,-0.36417140354848293,0.42165567991561104,-0.06695617845971077,0.28217638186014365,-0.037552684693913346,0.8500655820635453,C
-0.033858624723857644,0.04643980826082565,-0.32769511885467373,0.6343213144271033,-0.32828316617622005,0.7589792872011012,-0.7097858022879557,0.6804393953323397,-0.22210884711990575,0.1665676205449003,-0.09031136062600481,0.4666604545906929,0.1443599249044377,0.6186918809457277,-0.13020448638583107,0.23862651660327008,-0.21616793062347525,0.31149620652248516,-0.23325101147378619,0.7939920519267066,-0.3474775556041627,0.05974533730971777,-0.14886436969874517,0.722690091579751,0.1396099632082139,0.654221008315872,-0.3376115901448574,0.5113425205490008,-0.1547865001941059,0.5999639388640878,-0.9486974443582148,0.30343427758052294,-0.2000392042968171,0.7814269757265451,-0.4391657558963305,0.4027167773096813,-0.3016482730768767,0.379363373089352,-0.0021518276638369596,0.21817014352340994,-0.0061025910407514206,0.896447743398486,C
0.05601034710888902,-0.011882007667389768,-0.30804248850958,0.6408607592706397,-0.3256860409445583,0.7361079118397481,-0.6559165360337533,0.7032523273620669,-0.2553511684706299,0.19989387570152276,-0.1547845527234897,0.4686850230014317,0.15044472708264464,0.6361309032157787,-0.16342494376284786,0.28804191113872935,-0.292632276515175,0.30092975269326905,-0.29854188444919216,0.8057639520486318,-0.3840010119733488,0.07285019294702884,-0.0756858552201965,0.6807657097138609,0.17024507678400477,0.7749823140629177,-0.3733547665150485,0.5479310316428587,-0.11499934555280537,0.569251831889172,-0.9274951859550534,0.3077187790317384,-0.1704239654488944,0.7597118171948095,-0.4460061976802842,0.3274118519018086,-0.38396305782917456,0.4114654935057967,-0.07882544859626378,0.27340948703793466,-0.01463782027629782,0.8145980955618025,C
0.0024598947092347744,-0.04032104163829351,-0.3400792802712838,0.590511534436576,-0.32539824327866235,0.7376719141260731,-0.6310574778011809,0.7230141132078924,-0.2596298107546305,0.1852891570303251,-0.21156072997291864,0.47450726464966464,0.1981561522860346,0.6234737003889113,-0.1908490979882148,0.24239294853905047,-0.19399169066898098,0.30731907642325895,-0.3161926024023284,0.8739252468352645,-0.31745451284429216,0.07822678685181356,-0.1500966564673398,0.7155122753374683,0.19530603747482092,0.696555363049453,-0.3122786798451206,0.5644562824686447,-0.1541925152185056,0.5465559394078972,-0.983721769373849,0.25517147383958744,-0.09844669243140822,0.7208170764719138,-0.4440294991855571,0.2987628642572063,-0.2852554324887018,0.3889471081812575,-0.024289394309787906,0.21012004218612965,-0.004989573429087898,0.8853827919738554,C
0.0005275223001944499,-0.001974108573879631,-0.30489408108443344,0.5922879857457506,-0.30713879376021874,0.7951469867517461,-0.7077412193256228,0.7415818858726422,-0.2497829541931682,0.21550815913133398,-0.143796848760276,0.42009742339271683,0.13405236140339863,0.6458470613578319,-0.13533572081123743,0.2938384134226123,-0.24747111668276942,0.2764267881610266,-0.27547681908737476,0.8280729403818284,-0.3707949812574431,0.05490896000231277,-0.12158299025397959,0.6754702792968166,0.2035654011336359,0.6605116317741553,-0.3885188775143944,0.5659599475769711,-0.1438975467754324,0.5836781459343023,-0.9630980175368811,0.31683499074198235,-0.13251932076506642,0.7736247092078112,-0.4470804753088945,0.36254274089041866,-0.3082145240038028,0.4509412976302301,-0.020255156944573867,0.25704796734688934,-0.017778137258107347,0.8886911656580321,C
-0.004634538379515387,-0.008173967256447479,-0.3144155795993968,0.632725506093222,-0.34281948411756435,0.7997664270548394,-0.6857597571095181,0.6858522581698266,-0.20871520800783638,0.24388583966558522,-0.1681689475822578,0.42625495955629444,0.10133390546875778,0.6708718767821281,-0.18580408361655032,0.19937671427956244,-0.27163729644906875,0.3038409957891201,-0.3086240527556133,0.8088301828403608,-0.3385715496035915,0.04302315128560516,-0.1609487523169927,0.705669015975987,0.17780159615540203,0.6194685831284907,-0.3910454696064023,0.4793001964551929,-0.16719527947022442,0.5870467223824384,-0.9582260556568138,0.28386258363251293,-0.10752694069501625,0.7742557466661073,-0.47241613931640736,0.321075407408181,-0.3586301507620887,0.4134001114735861,-0.032917340411711765,0.26956018567398854,-0.055813404806316025,0.8121488817413977,C
0.011804783194070415,0.024867151416071556,-0.27791818316719624,0.6227185551743042,-0.36170263836399186,0.8045710024591807,-0.665075156103525,0.6458244483938176,-0.25675718727444574,0.23413251634724466,-0.10575059104503007,0.44378963407395855,0.11417880339139658,0.5655596801250238,-0.19283923313426404,0.24614069901981978,-0.17945260161174892,0.29652148591691563,-0.2898015720319883,0.8379852682408417,-0.33073776598190135,0.053880309272796294,-0.09896344149946468,0.6578225179816758,0.17735928917024696,0.6620923908969859,-0.3371228841455448,0.5636161704953956,-0.13627176595464674,0.6080265659436994,-0.8664479641134276,0.29468796220163374,-0.16529742295020497,0.7783224115251951,-0.4714625102570629,0.3125029047321099,-0.34333702535366745,0.48323126425941915,-0.013301879716349593,0.26857345394270266,-0.08129699231780524,0.834152166425524,C
0.042976798580308354,-0.008099049981519012,-0.2633746867106897,0.6240175798308006,-0.34431858275544974,0.7768318426690327,-0.6625016610542259,0.6426265808332978,-0.22611145129446195,0.23890504820557396,-0.15644369774469244,0.4383039072696808,0.1629326171092404,0.6830600537066401,-0.11001940589212736,0.2808202706241932,-0.2541184790521044,0.2562514480958203,-0.2834327694119391,0.7814524341468321,-0.3441609421723861,0.07046213673444325,-0.11184971124618796,0.6431968942617357,0.14223537657818597,0.6903244855723012,-0.3371141994058173,0.5391314000406974,-0.08506863754558179,0.5131843609172816,-0.9197741086677935,0.33447653622964607,-0.16564399394593934,0.7504714430796986,-0.39220532440037464,0.327825210206889,-0.35393146022213257,0.4274209186174539,-0.018602531000595973,0.28708543430263034,0.00010686327038165327,0.8762953515602592,C
-0.05724054514074491,-0.0012403341759639976,-0.3092767819195337,0.6311186782165172,-0.361103668919445,0.7555707885075331,-0.6932968680477467,0.700147023532165,-0.2250856214010206,0.2299103262866585,-0.18085570381322477,0.4470373687868929,0.11008237522134906,0.6000574773789767,-0.16702505345002552,0.2512919227093892,-0.26334670838590907,0.3487319255164809,-0.34374918484598704,0.7872021628644449,-0.3552903426631786,0.09858156038518845,-0.1245174991932511,0.6698964887680698,0.14661366742237736,0.7341683086398813,-0.369127965210517,0.5394183869397341,-0.16749261484250277,0.595363796124941,-0.9059479092348841,0.3238797942292799,-0.14205254200472894,0.8149122769647386,-0.39765811109406973,0.38067585321828445,-0.32730388949851114,0.40068961536422265,-0.10495409289979785,0.2635017453999488,-0.007893774963921612,0.8127262704776046,C
0.01246454106347595,-0.013363018276365391,-0.3139153502668218,0.5920796456116385,-0.3615862547478426,0.7844185607225236,-0.6958417082438167,0.7150281420308771,-0.2546960477951646,0.19131669336156615,-0.16722530853585288,0.45935594594325724,0.12959591068231424,0.6434645907208626,-0.18582026185627948,0.26685607500651726,-0.2316062660815672,0.3690579508708176,-0.30895217548248105,0.8237455740144127,-0.3346729646492209,0.11417667479650925,-0.09257025747608122,0.6644660587732067,0.13737024817404606,0.6572776462383527,-0.3378500175351855,0.5634981214000857,-0.12809638077481758,0.5731294037134602,-0.9517499040088678,0.3454964612877073,-0.16108090449888102,0.6903812090256022,-0.4104566199580113,0.31167913257638213,-0.34448254152728275,0.4375206366808338,-0.04783829700101104,0.2895687954857095,0.04902623813566928,0.8286284758665007,C
0.004016741347264727,0.00014962927585656976,-0.31983874420477837,0.5924740528582123,-0.3593102037957282,0.7674556304833379,-0.6743940214419732,0.6728117376618178,-0.3304598296969577,0.228312529127922,-0.1577937234470573,0.42009595190453225,0.14142996244659814,0.6220022442744885,-0.16789675003180252,0.2755107449049035,-0.2468969978856161,0.2671809103028989,-0.22828109912869116,0.7900714327091322,-0.340850635821254,0.13963648645976456,-0.1457684285291938,0.6921487917630894,0.2386501517402146,0.6502514703105523,-0.3049145489629131,0.5397476219279729,-0.17756620898616837,0.5824165374112614,-0.9639362265778764,0.35000252229892426,-0.13866534980344827,0.785575704146848,-0.4609197100924475,0.3552613427067511,-0.34724917243295456,0.3812253557411112,0.005279348204322493,0.2676023573892266,-0.007976836665696607,0.8309872462399351,C
0.03554140498348643,0.014034989082204291,-0.324715896624498,0.6414542424686496,-0.3496820925456569,0.8250931020931869,-0.6804177053968897,0.6871794207362171,-0.28339830806490895,0.1912075735910933,-0.16273073732206736,0.4368225871760512,0.15519224794361877,0.6028756030982922,-0.13835934144949613,0.265649116292887,-0.24426228380214385,0.32113401939944675,-0.30344673887656093,0.8597056949872852,-0.3358469285374482,0.020714788128989935,-0.13693325529498682,0.6589264581811389,0.11961060046053681,0.7314865526025949,-0.31250217603374786,0.5113409624255947,-0.14109213835423404,0.6072711972534065,-0.9534604985497643,0.3312833558033761,-0.12934963500514685,0.7990043972122983,-0.4802267102942827,0.3509292645795086,-0.32971900389096215,0.3891282769750731,-0.06579836755678761,0.20963712803543452,-0.029757494392252188,0.8396295194637844,C
-0.03872293854061937,0.03651776199045556,-0.3172137624058301,0.5888396483100714,-0.3337073735743908,0.7791116613705416,-0.7074217180670512,0.6943971412584385,-0.2061075704273203,0.26801432343882536,-0.1456564399031939,0.4285695170712977,0.15552487848295957,0.6301633444539884,-0.16012494319453546,0.3310513015896966,-0.2413233796169229,0.33096432426212125,-0.28279784020863097,0.8094101513012596,-0.3983446925583099,0.09478520327579201,-0.10825485831981932,0.6839833861074827,0.19989338452808839,0.7122165294802733,-0.3838513359835169,0.5039660703976099,-0.16422926929076442,0.5302186344520372,-0.9194081271148127,0.2962484437600826,-0.13407712790651963,0.7351964075783347,-0.4256576349361455,0.3422087844140236,-0.34554741919264237,0.46615150199272115,0.005310098057644666,0.279650144341553,-0.024841933113296202,0.8373571283083263,C
-0.008664848857569647,-0.01004258313381859,-0.3174577412857669,0.6096243125388741,-0.34000866973526267,0.8324778178929771,-0.6262384712547725,0.6627453809192662,-0.24639399420463035,0.20238222176032633,-0.1306767665305865,0.49952547235321276,0.12795712458271943,0.6458849934968525,-0.10755981088223092,0.2711606013494926,-0.2146110991197476,0.35369572278831357,-0.3151954162621319,0.7738492649709874,-0.386144823426236,0.08439130171316635,-0.16375164210400117,0.6951382534363919,0.20963783745815576,0.6798938056917112,-0.36779174011725235,0.5531815075727218,-0.16097499196141757,0.5100752487134641,-0.9071248473479221,0.3192748852040077,-0.14959603990507098,0.7520149690333935,-0.42404442142039356,0.34514383844556246,-0.3340474937148112,0.42834419251722217,-0.05854440716623349,0.24633611583470832,-0.03676334622429002,0.8300206736766069,C
0.008241737923353627,0.01452990988756503,-0.27862800773608576,0.5877469426063605,-0.3130909195151918,0.8289990594320052,-0.6320624789672489,0.6712391183569525,-0.26458151221413795,0.2711920441971939,-0.15435260669648193,0.4407454205934068,0.12403766691575546,0.6453816111822048,-0.2297909025374381,0.25094738409496303,-0.2588370340699343,0.34990229327851075,-0.28014719044711367,0.7988969611106179,-0.35493726517457597,0.020295828783886277,-0.09267166023922561,0.6678018020307943,0.1866429214790197,0.6800548242811637,-0.3467280752094466,0.5055177469076413,-0.16985207423669987,0.6121856668223559,-0.9499064933913299,0.31393868497825983,-0.13630549157726163,0.8135758055055295,-0.4695487397658588,0.34234724759542273,-0.33012772416995856,0.3939439129982302,-0.030178974009256433,0.2580479845808442,-0.027696217278541626,0.8563886945692519,C
-0.02014797299104524,-0.04873721170203573,-0.323730409548027,0.5837747872126073,-0.3425779815441218,0.7637978709142796,-0.7049728648252507,0.6970002226246547,-0.23429280830742022,0.25875275588118724,-0.16216944261615002,0.442839935900016,0.1488576562677645,0.6528037281703803,-0.2084687696478724,0.23118597724867265,-0.18779160088801664,0.25169882187759796,-0.25959251634042957,0.8448798880020699,-0.3247148371058543,0.03164597506644068,-0.1601117663652178,0.6766153052101652,0.22139438640363635,0.7520516427810233,-0.3359612230372508,0.48525227640219537,-0.1575415318170115,0.5747297091661883,-0.9523987620001215,0.2530220309971207,-0.13086995878074295,0.7195417134015122,-0.5209519932933481,0.3532222880093157,-0.2782061550472049,0.39875385333243063,-0.048156353269022324,0.2840311253592191,0.0037654701693816787,0.8560054985829084,C
-0.021252474356766977,0.039783512460140134,-0.366130604872148,0.5949412106161902,-0.32215622770852825,0.7391905428156592,-0.648900047224856,0.7203397921682348,-0.2050071240650454,0.21395205330159578,-0.16196228704606502,0.46309803721389714,0.12010479978523413,0.6129050378566256,-0.14630345605675005,0.28641658496215666,-0.28665363931913473,0.2672585371703791,-0.34210399405909653,0.7549163308318295,-0.38237819771533416,0.055074765247343824,-0.1371216463125292,0.613790050060613,0.14085417461745062,0.65420403374103,-0.3509361449546577,0.5133961079836413,-0.1246547663575646,0.5767781913084283,-0.9712910106643414,0.29484626051229373,-0.15749425547395296,0.8048843436630019,-0.4551099664846792,0.36017163075063613,-0.31207500218581286,0.40399363621875695,-0.08808200384395941,0.24273739552173434,-0.01199458267881318,0.8019752210747888,C
0.0075842351518759935,0.02519196973304458,-0.2874744515106354,0.6309107627748981,-0.3310235661753613,0.7918335418505021,-0.6967875489980035,0.6577846634911119,-0.3072699491399331,0.22781244268681977,-0.1355362829604839,0.44518048447512043,0.14714924875632238,0.6449570400767807,-0.19578001488169464,0.2771329308322582,-0.22204505951122727,0.28818337896260987,-0.35088606172469683,0.7742235548551559,-0.36406490748447384,0.06623060262396384,-0.13235379129638142,0.7360423951004836,0.19715955090138737,0.6990595531427551,-0.3412938264357897,0.5712042113871443,-0.12313835002093533,0.5909850275804177,-0.9010817553841987,0.2757750681668395,-0.13905057103097665,0.859628289444118,-0.42374408045546236,0.34226124095316107,-0.332646860413248,0.4292122168590885,0.016125279850592575,0.28128458678518153,-0.03347517222027336,0.8025589112664269,C
-0.021800796475460998,0.001801962609361397,-0.3331110115610107,0.6434519973043836,-0.34674522345194453,0.8114112207482248,-0.7047123797665672,0.6704466950232931,-0.23446291648023648,0.28767268508942834,-0.1530183681926602,0.4665130101451606,0.17872329914056106,0.6507631103365732,-0.1335183792533912,0.2646287718528556,-0.1838557858401333,0.2627097545274132,-0.3251217131627091,0.8609714262435206,-0.33796828908466603,0.024603286571997653,-0.17636574878096714,0.6340692291157903,0.22988010343121423,0.6973127972445051,-0.36044838269171486,0.5819473706629932,-0.15487252305219087,0.5711394017485012,-0.9212549442048731,0.32064619671229705,-0.12017130366811707,0.7565345472154916,-0.47191284277615947,0.31617613884921164,-0.33267768210473425,0.4240487110137952,-0.01948863636468945,0.2444140421480147,0.007295619881896243,0.8130735276286508,C
0.012541464889797963,-0.02728443563471709,-0.3365179768237818,0.5829540403434481,-0.3508337655821116,0.7541424269204682,-0.6905751296802306,0.7150941276199623,-0.29698622207873326,0.24515283873934532,-0.1232029978413094,0.4635616625336678,0.13784002384977767,0.5894045324412825,-0.20232312933062463,0.23984532389236374,-0.26465479708531253,0.31050078779307116,-0.32957957037818875,0.7987476931119126,-0.34761178985644947,0.052650753118437116,-0.14147362933874832,0.7166338856072707,0.18384076233940708,0.7208414374109184,-0.3560775757919345,0.5566196943019373,-0.1532997354866571,0.5872674963063237,-0.9648220828160053,0.30981883222360507,-0.0749357907068074,0.7827480738654098,-0.39377920460507093,0.289881834009606,-0.33359593478835653,0.4484520748264671,-0.022372498518964543,0.27260923688412264,-0.04277597801503815,0.8891788048639009,C
-0.048023165919693994,-0.004487806173647795,-0.3254968948851668,0.5933918419260273,-0.338966516928099,0.7273086730210256,-0.6994419860667691,0.7242883755530533,-0.24800096243512337,0.2142900883037241,-0.11936519101542689,0.4832647765273548,0.19293077192393038,0.5655583032350153,-0.11448049573130209,0.24041859717801153,-0.2203905263052813,0.32059061249111065,-0.2388472517011321,0.8190281926711205,-0.3404472133385048,0.036608834451244895,-0.18398718179323334,0.6524261599320128,0.21104742745025795,0.7007344990918352,-0.29509172305039044,0.5115610692139061,-0.13884955591739528,0.5859951148986766,-0.9142234062539601,0.2960154218654312,-0.14201008338577675,0.8011546246390786,-0.5077413633334608,0.3421961560089813,-0.3855972206364628,0.4229390689445077,-0.0465848256049294,0.2752261157814034,-0.017126987360457084,0.8442717675570549,C
-0.028851931208349356,0.0023498975075901154,-0.2900715338364112,0.5811677877190143,-0.3849022436102377,0.7309557240415305,-0.7065894298738336,0.6859635467933669,-0.2974654922254772,0.214405437116535,-0.13490883566895487,0.3777923642141672,0.1682435903789116,0.6649905119642873,-0.10002899094161471,0.31946924972513024,-0.15705910087886701,0.30915237601631673,-0.26293348370493086,0.7974142173633215,-0.32893321496199246,0.06586707365554006,-0.18324737088607895,0.633214354266882,0.22311913342774803,0.7044044512401694,-0.3023194135015391,0.516080580946897,-0.1891846660791651,0.5783876627343276,-0.9295256791527394,0.34447749389699794,-0.13259827855551162,0.7842507075073738,-0.4493620616146026,0.3901649099262048,-0.29163409751995084,0.4002654641297842,-0.022480615222507126,0.227291341807475,-0.006625494234730401,0.8410090258983015,C
-0.02391835211509049,-0.06120029463138124,-0.29673284422334906,0.6163604174739806,-0.33227239548925763,0.811205425862217,-0.6834051052331381,0.6586350322167338,-0.23882403890672718,0.26039758136285285,-0.13279450918112057,0.48973241285601743,0.15557070667300274,0.6374626690952414,-0.13129984232312508,0.2682895742667906,-0.26671472076205033,0.30282106616771587,-0.2656981303193153,0.7791652858918144,-0.3909988234253728,0.03996294761092689,-0.09329700286598935,0.6932123240017379,0.1650699455831661,0.6707192874685217,-0.33667020209933984,0.5386387028475591,-0.1487231422491187,0.6560870136008066,-0.938265030900068,0.28189272341540095,-0.17973739119037527,0.7478550909830383,-0.45875980456806287,0.3713535682915068,-0.3543095866345895,0.39406676004480473,-0.017831635624555628,0.23859135257473962,-0.013816825780404773,0.8274592777628145,C
-0.014158045322459937,-0.017458698094971727,-0.3168831949440957,0.6062583729471335,-0.3764552467545539,0.7470908547498243,-0.6700285447070983,0.6437180018135256,-0.26772966559175243,0.23334563068279304,-0.18423207512353362,0.46710180210378155,0.18014666844702076,0.6546715445569071,-0.1359021758751341,0.28790258644166156,-0.22224377269885762,0.3133487533400853,-0.30526293698562984,0.8041969335438948,-0.3443587601141637,0.0809741979964942,-0.18105998763573902,0.6846730689074209,0.20070795972682864,0.6816747578233853,-0.3482129205444408,0.477179318329601,-0.16041940818777417,0.5363023238931476,-0.9696818296498365,0.3012496287123072,-0.15638957340399148,0.7597204628164888,-0.4338536023994373,0.34533866073911457,-0.33152752475299446,0.3677319033366208,-0.038702434984109434,0.19055081914980837,-0.042990412958004987,0.9080753184785413,C
0.028094513319613535,-0.04282779684749488,-0.34551724191184124,0.6052971007944414,-0.3246100080933158,0.8117690629911761,-0.6116682918624572,0.6575473594569402,-0.2487638113615281,0.17275839534140666,-0.13646391033091604,0.456429121668965,0.1392403914974563,0.641774282657048,-0.1818018061063606,0.2356614555680312,-0.25796109308939924,0.31335164925195125,-0.2477978065483688,0.7791945200262038,-0.3693191347564625,0.06520064346404102,-0.029971130976503974,0.6649132010501454,0.19777084435814052,0.6943942340603464,-0.36113921740626487,0.4932026675454868,-0.1715293635242855,0.6064403362671985,-0.9791766371237727,0.30560528118743185,-0.1637978173324106,0.7521120192105314,-0.4904855864555392,0.4160374353160039,-0.3265718669352511,0.4140297740968412,0.0047499818879317285,0.2544440528131443,-0.01733985083295512,0.8997146285983928,C
0.044211422705943665,-0.034306953354042984,-0.32884197051348907,0.6488885578151038,-0.3722448508043667,0.7785175758510496,-0.669378176106245,0.7012140325501119,-0.23122766051290647,0.26015603910803375,-0.14627828814757823,0.41042661311087714,0.12800092644688815,0.5904339393124511,-0.17642998545876976,0.2965158034946209,-0.2724918644844129,0.2856670643964035,-0.2603897590526517,0.825485732855841,-0.37288663232402475,0.03474773487447527,-0.0860946758451287,0.6895864852391715,0.14446268206882762,0.6985176338835877,-0.31233478755714605,0.5062627090153582,-0.18985677717624283,0.5875805723889762,-0.993649205153299,0.28251724313316995,-0.1512357531330831,0.6849329280966697,-0.44255870236432476,0.36486629489308503,-0.2772576555489098,0.4417244944837818,-0.0647555306097994,0.24360303333933367,0.02472185057082627,0.8664562793239095,C
0.03144395994714084,-0.017201294722224172,-0.3357068061862507,0.6085067484618506,-0.3121942235313451,0.7733970115562833,-0.6424688877562527,0.6861605453986073,-0.29169715563444953,0.2255677160704998,-0.11563091018127482,0.44183229606346247,0.12877965070663003,0.664878607292104,-0.1442698543753902,0.2337988768132745,-0.2381058421351718,0.3102865391427368,-0.28005355797703396,0.8202784123775807,-0.353656785050531,0.055386232941069605,-0.1329350870144706,0.7021773053394194,0.14831721477172657,0.6975883284025568,-0.3374909817760379,0.5169397036266694,-0.14853895758043745,0.5914295486148992,-1.015146559044515,0.3037322747837738,-0.09566728175523052,0.8095345419445787,-0.4245782543392372,0.3845905052722144,-0.3403547267783773,0.4409089974525383,-0.02905801614303892,0.27721950630079306,0.024231180954567697,0.8829093772031666,C
-0.01027444196110589,0.04741032118087626,-0.3217840089367909,0.6301309124136143,-0.34688700019573804,0.8083722950203167,-0.6485808301032085,0.7201319940387902,-0.27037434203714583,0.25417291495111205,-0.22191934812924136,0.42317141289946836,0.09827902180735237,0.6322893664502254,-0.1271255706261165,0.27497208092842346,-0.1887685745964533,0.27902036056331414,-0.329156907922507,0.8266439032630342,-0.3137039467436516,0.06490605463833687,-0.07869157849583405,0.6935944135310975,0.1807800009512326,0.6868405302560351,-0.3840246692806977,0.5250826439988512,-0.11498387557103656,0.5866896957838869,-0.9648178172074248,0.2755650396299592,-0.12202121583227685,0.7308911022655746,-0.4343435569212588,0.3326545839518358,-0.3435848119456494,0.44308650251428083,-0.06247084764472856,0.2573547173104673,-0.07692959908543041,0.8494481199597455,C
0.014909719593192497,0.02374195318865535,-0.2951951199900892,0.6303333158730884,-0.3520083092938945,0.7319397945478877,-0.6308304349637827,0.6704432434698872,-0.2987018017186584,0.2818009802142085,-0.1505744961301858,0.45631841103394033,0.14548238901465452,0.6217346520413535,-0.16757717640797043,0.2577338917972359,-0.16267549116182972,0.25852290489165747,-0.3001048612566083,0.7782412701220605,-0.33328266304592974,0.04932332738474789,-0.14832661506886105,0.6975959915462584,0.22690306538875787,0.674837784792457,-0.3914692363033672,0.5349600073795338,-0.13728243598566667,0.5745032214357793,-0.934094476156392,0.2862672790425622,-0.06642876610173158,0.7830691638579058,-0.4595865588044206,0.3239294941651016,-0.32765371889851447,0.4440368715617574,-0.07320243667011629,0.25749223731349635,-0.008827629849964956,0.8628524454536651,C
0.018717565635629492,0.04472750866581592,-0.42250453324667037,0.6171284396183507,-0.410346723115961,0.784899248078655,-0.6215771975917537,0.6823234037113066,-0.2833362497424127,0.2504212711595453,-0.14456254844381383,0.4473220660588579,0.20336150579524903,0.5769564853393372,-0.17505730855440513,0.28653089649625,-0.19287010178391878,0.27343684474287727,-0.2994394954861454,0.8028956359557367,-0.3533811233442082,0.0826668769999803,-0.13486210292286324,0.697830457255137,0.1327627976505475,0.7040897027015848,-0.34389200182690927,0.558394256883238,-0.08681668119988623,0.609650875878779,-0.9741874151772125,0.3217129237616296,-0.13969037807428095,0.7544800672252007,-0.46091877698911915,0.3290307462591912,-0.37009676611027126,0.3849590527308162,-0.014321902231291005,0.2464701475738432,-0.025651609171472516,0.8267456971996121,C
0.01737180402731455,-0.021109532933779804,-0.36938920355485655,0.6576197304117122,-0.33357227482887725,0.7768844794753587,-0.6663150895122956,0.6754042537475915,-0.24050615308772297,0.17923129093213655,-0.20291451674069844,0.4450259058405952,0.08636301006255641,0.5649690740548192,-0.12887822856592698,0.280251113919735,-0.22403174561661737,0.2686858720944833,-0.24540873932561494,0.8351280797715045,-0.3895906013994992,0.05848002075104791,-0.14564572113104168,0.6770036278581286,0.20147949609517016,0.6883235477510927,-0.31541749824314685,0.4811670223469555,-0.18086543280215384,0.5689098631068955,-0.9692980730332197,0.3034458247730666,-0.13344784751513739,0.7715538575115192,-0.41846479493570266,0.368493917130641,-0.3808271208176957,0.42832045450986345,-0.0523345598381403,0.2817471258525535,0.007752441887517867,0.8780884392115993,C
0.05718092671887661,0.022591374553858765,-0.29925594442590464,0.5867548730182239,-0.3405509874516365,0.8069487407520881,-0.6518934332406959,0.6587744748720613,-0.28300866286326404,0.17133995849756165,-0.13759614725233457,0.41073619054395405,0.15878883215755255,0.6438907477110672,-0.14931187828422032,0.2870952597839954,-0.19888391430651017,0.33675247926355223,-0.3540334187167247,0.8261060573899036,-0.3342061091639432,0.07062018348455577,-0.11916640119755796,0.668877737072868,0.09693251608506943,0.6815822005158829,-0.39977290442716573,0.48352892298456956,-0.13032291965593537,0.5646220305989753,-0.9450165818395628,0.30284628089133103,-0.09802013635018889,0.7668823653053991,-0.46297899509335455,0.3909172318077769,-0.3507278022066472,0.43634001430789243,-0.01904175750032113,0.21989873042122451,-0.0034994742386931267,0.8934585865103526,C
-0.03401116740722673,0.0008863164997518374,-0.28902652411084045,0.5618153218707295,-0.320947678307251,0.7487755678397973,-0.6701352177380174,0.6798477603805662,-0.2906473464913347,0.19833311492926947,-0.1509380343732179,0.48295291509374566,0.15306831965029546,0.5729923602209345,-0.1419953248834853,0.2764777748250242,-0.24843215513281783,0.2891333421530221,-0.27218696915529395,0.7577895630972822,-0.3682251716630076,0.027379099678584512,-0.15733239336165503,0.6882232531828952,0.1703123097241107,0.719885816897056,-0.4125356160793632,0.524986622851161,-0.1656184553896382,0.5318144843636089,-0.9737325621042624,0.3020762715516845,-0.1285634917607528,0.775061248669392,-0.5041882195742999,0.32758296810622783,-0.3816537330792261,0.42364697359424003,-0.04690370363391458,0.23839929167753382,0.0639017165485876,0.8212848008792901,C
-0.0004954659078819677,0.014357385743601844,-0.31848612409373234,0.6279290815717554,-0.32914404602136665,0.7763404619336176,-0.6602187980750367,0.6665008758075248,-0.2775651587302294,0.18610677117420116,-0.12513094929367688,0.47476453658357576,0.1210230411383381,0.6198426305031515,-0.10797288770374487,0.30890398377134537,-0.2027083600785336,0.3103307446136225,-0.3059490326542266,0.7894885772749595,-0.3417603765183051,0.07489858137090713,-0.16242405528954273,0.7157266984867073,0.2110750408343173,0.7235676453294807,-0.29982303891859347,0.552231457259083,-0.15418625662032182,0.5824986589908702,-0.9625893761876533,0.30255898999006126,-0.1694108393200491,0.7621330401085998,-0.48010299634312137,0.3224655799324051,-0.29890841400907664,0.4592879673278907,-0.05908986312940505,0.28326176355427757,-0.04876487131710887,0.8329238400256352,C
0.041769175889462905,-0.03283154622417276,-0.38284204661869253,0.5906109735966248,-0.357862701903181,0.7750582570347898,-0.712171553398865,0.6967191796623979,-0.1984106641821516,0.2347024771933007,-0.1553956082512879,0.46169396115148614,0.14088662171025362,0.6238799828170861,-0.15843599875386916,0.28177442053135543,-0.24176419798900883,0.2534025772157798,-0.2316511949676264,0.8208489790541308,-0.3698638545878585,0.07227727795607145,-0.1672568472308758,0.689755593215844,0.19112516249443265,0.7307383805387638,-0.32786529716677626,0.5273854173378795,-0.13168401644931105,0.5644018871673224,-0.9441335929532353,0.2808297312836624,-0.13129185643749613,0.8094655625353813,-0.4218669702894297,0.37415199421279394,-0.3023540274993743,0.42171878649983324,-0.060163620671698115,0.20155086617145407,-0.06363452655824071,0.856350013740246,C
-0.060986968798111114,0.005311337132995778,-0.3144057410408581,0.563650693944631,-0.3134276227723346,0.7736084813027239,-0.7096095991230661,0.635396432251835,-0.2569724184834495,0.22819849320464064,-0.14920110509252044,0.47275851465430213,0.14050120270453872,0.6047547155484694,-0.16558113580796743,0.3076934322725879,-0.26305737418488234,0.30702134247845414,-0.28096178878626815,0.8356345413961771,-0.3454661501905693,0.03304545876571095,-0.12759214613708417,0.6999224885975677,0.17304236067554832,0.7326418598476512,-0.38413209573520557,0.5283564801562861,-0.16223065854752758,0.6041348332015052,-0.9260964024758616,0.3034418854692645,-0.14901111854950785,0.7702844219475784,-0.4792711213585671,0.33181177668274014,-0.3186656466251161,0.4344302478658433,-0.053841334998278215,0.2337027017314985,-0.05509617359997572,0.8309239645396164,C
0.004418316079427003,0.036035459482289624,-0.28956044804288494,0.5829201084760522,-0.3299060322572458,0.7947029459898232,-0.6541953984876573,0.656876934020677,-0.27756886062185954,0.23600059486862562,-0.16030218131521548,0.4443653745056315,0.10823043317038927,0.6074785616679153,-0.19598477922202578,0.28317672514905523,-0.23988538919003746,0.3102226224924287,-0.29811188976637365,0.8120194564028569,-0.2946623120975366,0.04602937768552519,-0.118614123628107,0.6585638295261446,0.16488800435434398,0.7139378562000153,-0.3364318542943162,0.5538085420603563,-0.13371773278067128,0.6009060105564031,-0.9254739241858331,0.3091050660387763,-0.16004276568740303,0.7886606503078076,-0.4564944718834185,0.36730753232156554,-0.3734160823871844,0.4131496932481452,-0.054708891426819777,0.26893251281204955,-0.04842672419194996,0.8523828905518752,C
-0.00435994257733216,0.030796719883407042,-0.31509741201070546,0.6192678464881776,-0.3391943192267543,0.7632384742271371,-0.6868511945819739,0.6944983078865395,-0.29772539625233696,0.22452526867404124,-0.1455386405794607,0.3993292350383425,0.13695334706988235,0.6223550947370492,-0.09360561194412295,0.27553017074873937,-0.20318441494449757,0.31564667086133,-0.27937468865710724,0.8298490831719413,-0.39211527958213854,0.05908414568750543,-0.12491709845898452,0.6494674798347426,0.16744802367329656,0.7025719571233874,-0.3499902852047335,0.5064588290954259,-0.18502432076497657,0.5713424219309299,-0.9415423715539429,0.3055677605833314,-0.13220706671607374,0.7577044176230981,-0.4702648713853184,0.33728459022713386,-0.36074946328004615,0.3329850886978586,-0.03437926868041893,0.24935044893017916,0.0059824885901041645,0.8735109611132944,C
0.014285068316900094,-0.02998523162465175,-0.29863302405431635,0.6148129256091739,-0.35051822752315237,0.7627653008948034,-0.6801984765123971,0.6784844190404062,-0.28610473033705613,0.2268038649970059,-0.15371424498720385,0.4622471816176597,0.1341623428802627,0.5675385294836437,-0.1652525849118544,0.24137498995933498,-0.24733910826726285,0.27393431187179024,-0.22440978755763447,0.7947541359594951,-0.32728937686797555,0.052551571810479814,-0.14016319155072365,0.6640861425158051,0.14796761765134844,0.6795055658042956,-0.3336950679992262,0.5312877146662163,-0.12253655132194173,0.574355690863174,-0.9613689567832018,0.30393526116342146,-0.12000939718323149,0.7681217369102358,-0.4046807904958154,0.42382963424238806,-0.31118800164087795,0.43510293458821986,-0.09399846945434667,0.29870290922127524,0.005705023775305431,0.8988779905278332,C
0.023888912580666683,-0.02847736624272024,-0.35817907197870397,0.5778622668249117,-0.33739354801925714,0.7652193368270197,-0.6347800634927,0.6690270993533435,-0.26507740876039787,0.23358442359212314,-0.16310114308964638,0.41440602550212013,0.0842501646111776,0.6500906836346139,-0.18360181218043886,0.26375059794733224,-0.24057007463807611,0.24042041209086057,-0.2785074853272442,0.8470994083848246,-0.3200295914517106,0.050459102990067936,-0.10172046042177137,0.6263267982088869,0.19381459047952215,0.6778183847838418,-0.3158863070710197,0.5341520090289841,-0.1985356970399194,0.588376682953176,-0.9530526292237663,0.3098639628472601,-0.16224543598058636,0.729506511360167,-0.42664401763530285,0.34447636456534636,-0.31858499576669663,0.44045948085917697,-0.012734375418998266,0.30571380676002513,-0.025135990575486548,0.8229242883848183,C
-0.023210608519754223,-0.00870465610340885,-0.3228848300969365,0.651945132534925,-0.34401901359798515,0.8366337316427338,-0.607517190242467,0.699097624975652,-0.2364043102432918,0.21187375315254722,-0.09834179073532502,0.42253325739477365,0.17469800108211977,0.591193379271961,-0.13676207354146702,0.30867891076981596,-0.20218756203275234,0.28824070073014596,-0.2952011731279214,0.8510948539450567,-0.3639911544157231,0.04759422487054661,-0.08822283637570763,0.6764629310414246,0.1671940842170901,0.7549126112313473,-0.36428809160187525,0.5111413229587195,-0.15703400290273342,0.5819345106875075,-0.9764326098234881,0.3268958681025455,-0.1377266288524047,0.7665885264716913,-0.44517473866371043,0.3151085750880049,-0.3602783800362741,0.3763601011115837,0.0001950727170908495,0.25720986569078386,-0.0012703923635041872,0.8393328331499835,C
0.03444362326456609,-0.048504136320396886,-0.3000612717948107,0.6082357851714068,-0.38137010801277693,0.7015755464208226,-0.6454989833742708,0.7158716956074361,-0.25344427776397765,0.24374779706009825,-0.1353659610242093,0.44331439989707644,0.16741603808226788,0.5778426208476498,-0.15301299158875586,0.2957304921583757,-0.24282146495983328,0.3099243105239433,-0.3224250972328288,0.8072165641802584,-0.3704461682362991,0.04622747323609341,-0.11620492328120749,0.6254968342462512,0.1361254950293557,0.7214953167495023,-0.3496342902495886,0.5110441099041645,-0.14889616174047685,0.5477419766581458,-0.9872694160211507,0.29647511017632766,-0.14233845121567384,0.7423594379830705,-0.45296724882108136,0.3864865043482916,-0.3368503728364883,0.38931964593062385,-0.033242362414241736,0.1935778812723496,0.017246509770317758,0.8172414393894792,C
0.006192187789390744,0.004865014443760401,-0.3526448136578626,0.6495580794916674,-0.27807606831108966,0.7638083575638986,-0.6392133181059056,0.6565525001291347,-0.2156620283690468,0.2635988060510837,-0.11847582358352872,0.3919557741002356,0.12236178985127255,0.6063114680055876,-0.17384331757687527,0.31510384152198273,-0.283773831186357,0.3139425594062751,-0.2647877776986171,0.7838779031857611,-0.33367024900418885,0.07499291349102392,-0.14150925844528936,0.7109464677646385,0.15255549211897584,0.7324264095582482,-0.340973427746628,0.5237347383716816,-0.16912581930982346,0.5393059980013145,-0.963944078791246,0.26905055095456964,-0.13024231181538376,0.791656783757271,-0.43134310295438394,0.3250986543449236,-0.3437254307558189,0.43212307073616485,-0.02408854543042763,0.3062726980571058,-0.01241329129185802,0.8572809475714389,C
0.0031263667933915332,-0.010439413280798424,-0.32921811695931463,0.6320883787591458,-0.36100850457890504,0.7985621981018965,-0.6638158505279187,0.7377146908632172,-0.24644511720106832,0.235485559212475,-0.1744427284786985,0.48557863818042657,0.15384808139643638,0.6630946732833494,-0.1614868805730877,0.27519835867559117,-0.2705573826505895,0.35759493710342616,-0.2760316970692207,0.8606209177493235,-0.3592936964369104,0.07589809836227693,-0.10357453154364414,0.6882374347589645,0.15886617729064748,0.6855111285886297,-0.3553393774961075,0.6131959260695353,-0.18105570079758898,0.521370338267552,-0.9519640298701206,0.3034544481217818,-0.14763056632342755,0.7460180693487299,-0.4532686547387975,0.306899617803232,-0.28240976843667,0.431173266707607,-0.030436469989807622,0.28869175887725546,0.05018369435284473,0.840786385127272,C
0.009200930891391103,0.024058116429909536,-0.30849094940981137,0.6377194558434489,-0.312276089047786,0.7739153496922191,-0.6246940920554265,0.682819489691481,-0.2468816881689605,0.2440977227374325,-0.1700927222032218,0.45466104208759817,0.157252428236985,0.5653729709940873,-0.11391696959649862,0.2506800779455705,-0.22125004825514225,0.3481210212214508,-0.2674970138856532,0.8361612138383634,-0.31551227409706106,0.04697838300019526,-0.16446608606418384,0.6907988188378649,0.19023090729471598,0.7328592165824762,-0.3215045757452541,0.5183330272830101,-0.13601944347787132,0.5179140569454368,-0.9149136214490803,0.27603450424902287,-0.1655043063050784,0.8392891418985411,-0.44334025872622057,0.3388272043698851,-0.3703604402783236,0.43710176221212205,-0.010175157371918306,0.24662329211776407,-0.09554899577378322,0.9016383709021026,C
-0.008669325290963582,-0.009337571247235716,-0.3302836023810098,0.5864220397358296,-0.30158921028017616,0.8080447043293072,-0.6459155114628766,0.7555246406346193,-0.2762251663192652,0.26395705820609494,-0.21547729322332787,0.46096208543688905,0.2063889764777015,0.5906737932478029,-0.10664660623357121,0.23376583355258723,-0.1670951915392518,0.28843346765446287,-0.30933050296505316,0.7888833198096561,-0.34786069448968227,0.05718191019437289,-0.1349279751594837,0.6878268442972251,0.17603743046448822,0.6999366507340967,-0.35819736213613923,0.5459348212986568,-0.15113668483513565,0.5908269262885103,-0.9531322516462027,0.28192834020878627,-0.13596657478354102,0.7563136942531354,-0.5070395154603154,0.3764693259725454,-0.32796999744275074,0.423215360776568,-0.018229831170334054,0.23451229660861392,0.00966908095198463,0.8890411928039755,C
-0.03486361513557276,-0.01897141570906258,-0.30896996525131254,0.6179771928845988,-0.3403336726446907,0.7994423051657946,-0.7167056400047455,0.6585274228672906,-0.27336228988899064,0.24853974359340986,-0.2133746889243812,0.44708202858302476,0.12733796926811788,0.6417035026496767,-0.1317228037125026,0.326191175712259,-0.26465181032340007,0.27760605265324245,-0.2856513456665149,0.8472521436570362,-0.33569970603591937,0.06490676577131603,-0.0966248794913423,0.6664230676536581,0.20393546798678958,0.7518018574159587,-0.34952174722982643,0.4865965227801251,-0.15804129163671438,0.6302906159748229,-0.938274318618867,0.26143853724662897,-0.10007695167478123,0.7885029770902182,-0.4150641519903006,0.38047847828639253,-0.35204107224986086,0.45557956181362136,-0.05333898439422326,0.22170956622933888,-0.055980877772399656,0.8736232639006749,C
-0.012274442709077373,0.04426741739027874,-0.29578894903829733,0.6307947849022517,-0.29840296656842724,0.7509994864253932,-0.6318539396574872,0.7034076319029273,-0.2935059334459196,0.20405156645616562,-0.15352006610654265,0.4360281984244806,0.1374060698539073,0.6035845362896726,-0.11159240856652901,0.23821584413000152,-0.2655897965751942,0.2739754409968611,-0.3061755668856828,0.7835472243577128,-0.29842586283490546,0.04198633507016068,-0.13700479623437736,0.6404742351489358,0.1547735660668921,0.7177912645505024,-0.3245149123125581,0.5626087405233523,-0.19233997017501328,0.560760939894505,-0.9285524534910301,0.30198969177678514,-0.13999871928236493,0.7823446514604407,-0.4151531976535019,0.32553133643295956,-0.3388760156697999,0.420227051638829,-0.06303537563593384,0.26614913019470693,-0.04728696649106208,0.852683865196798,C
0.019484249950350644,0.008057602028316992,-0.35583332271629614,0.6166889627005842,-0.3356419462535245,0.7694142732158697,-0.6864446456665659,0.6908007036218968,-0.2972193375321776,0.19361551556663956,-0.1872578582847014,0.4052895836635086,0.12427266813823491,0.6540274501095791,-0.13741654337237263,0.30894231979399067,-0.24776389228340687,0.24192014969305428,-0.3050343337131002,0.8387789717565955,-0.36062378905072046,0.06108792920513523,-0.13979727147617274,0.6992645961760277,0.193760846456243,0.653276428884223,-0.41783520286796716,0.5527298585581978,-0.1687906757857583,0.600627890236626,-0.9614970954928438,0.3183398090069213,-0.14224358631348002,0.7430551087734456,-0.4569502896653402,0.341436395901599,-0.3174278234503701,0.41867431124592247,-0.06612960127007864,0.30709968346655087,-0.021772899176598776,0.893670196243663,C
-0.0327752265050664,-0.007607932619788312,-0.32349673410362045,0.6303140211017589,-0.3964280650358395,0.730519241707791,-0.680390793935307,0.7025859097842898,-0.27548850596810304,0.221845229365466,-0.14720235782660482,0.41679942419427024,0.18256501297798167,0.598315113951054,-0.2179200761556262,0.24577707823808942,-0.25444698187899806,0.30746023729464633,-0.28036268604996945,0.8225532249977258,-0.2924336574191538,0.06259383021259733,-0.10802238243493203,0.6649925153643141,0.17753611695537203,0.6892914134120897,-0.3494084612957892,0.5380743834256158,-0.13289387022984725,0.5793471653257953,-0.9547789952796654,0.3121199026046317,-0.11182728986741731,0.7223997488231075,-0.43773522422867656,0.3065574876865451,-0.29648864098939814,0.4339852928398579,0.0028246939613239125,0.20721354226544128,-0.0361799916327883,0.8789505320835636,C
0.04212409978783975,0.010513329499251009,-0.3420517089109698,0.6024784017818633,-0.3710689325498001,0.8301345451380077,-0.6410111349911043,0.6808025109145389,-0.23898521920699853,0.2223405108696306,-0.15779822699853327,0.4189867714294805,0.11650135736607756,0.6335875368379531,-0.12454045489656443,0.26515547654526456,-0.25322529945029565,0.3308244384040298,-0.2847424414113108,0.7379815031121539,-0.36997488965371284,0.07579969793340251,-0.15704951110837945,0.6798784579024768,0.13152210610609266,0.6874067462983714,-0.37753634737735625,0.4961336532726621,-0.1851700676078028,0.6071412084815959,-0.9405729749349742,0.36426963828344067,-0.1561178980368723,0.795216732092807,-0.3893062914121574,0.38002898800898954,-0.3016937845825053,0.42744691207770114,-0.02702810030117074,0.22952561029130297,-0.11127521007012689,0.8589714292396234,C
-0.02878560622904762,-0.012752509923914673,-0.35400517098211803,0.6202982872458205,-0.34579281538178913,0.8239727574087512,-0.6822457998213661,0.6915984371525143,-0.2610364096310975,0.21682743211241945,-0.15106808436485725,0.4872641354274273,0.16393152962256843,0.6084778798218704,-0.17428924393028616,0.25177719030521195,-0.2259707753677571,0.2567655786323468,-0.29357933675700837,0.8164115563254455,-0.3705805019292791,0.06296220420308166,-0.12539550627809998,0.6254769569674213,0.17504226344395313,0.6859842381762119,-0.28950481835820163,0.5390272229143885,-0.18997795026753472,0.5264506681244452,-0.9545680860710339,0.341897212366851,-0.1563369783619733,0.7740792593620415,-0.4228443635312598,0.3671256842128443,-0.33588637616286476,0.40407540598325564,-0.041763039818772676,0.22506407379740156,-0.05939614960809563,0.8825315881671506,C
0.010053803081632298,0.00862883360847606,-0.35074249297016863,0.6464949129667119,-0.3467777349571264,0.7901878919803415,-0.6256043187386356,0.6645004950648091,-0.2743630519883943,0.25666168123643046,-0.12434043533309838,0.45195903439586127,0.07330661541938652,0.6605406360602806,-0.17426625310012578,0.2578500680761359,-0.23544356782421927,0.2663148019808893,-0.25055963427189876,0.8101160393758678,-0.32783545887706633,0.03850488965498257,-0.10375899129491367,0.721053414525216,0.13061371211235623,0.6660003223293273,-0.36908544077364763,0.5608263710536255,-0.15698086756865487,0.5789745885275941,-0.942063167081079,0.3606792364533352,-0.19055704633858978,0.7553430437228102,-0.5373440680839782,0.3616887899038118,-0.3031546557441489,0.41462301719878586,-0.014389472254201043,0.21108015072158737,-0.01675392832804097,0.9264800314615292,C
-0.011459085635201026,0.012524306402713134,-0.3469206042158661,0.6158557723938736,-0.30657192278263123,0.804228432517081,-0.6636203987119746,0.6826139416928664,-0.29135213049376263,0.25619851235307506,-0.12628373179212596,0.40398610398949847,0.14391547574434765,0.5943611078804094,-0.16963297537402647,0.2995958888883184,-0.19975121947168448,0.32358492883424433,-0.2952323578664893,0.818766257531633,-0.3719945450160119,0.08432599228252095,-0.13390548930831075,0.6640981428695435,0.1469853278738898,0.7201033405162336,-0.3490358138838042,0.5183961313582304,-0.17721339088653026,0.5436621385675279,-0.948085376371659,0.3113347344353713,-0.18263534064857054,0.7323595577182823,-0.4944971752068725,0.3826286724937983,-0.31721488306634515,0.45694272751617565,0.014635204538359203,0.2703359302255503,-0.032916026398304675,0.858696291145548,C
-0.019341923270989186,-0.024107341423498324,-0.341837495012409,0.6031322080199638,-0.3896103971593091,0.7491584186518635,-0.6986593790617436,0.6468147014572917,-0.2361838355402671,0.21562238000645118,-0.1545408222658734,0.45313288839971116,0.1633239178252403,0.6358365117642375,-0.10683497822147228,0.2764348265192172,-0.22352168380969362,0.2840932823235365,-0.3439403746328241,0.8073192551610822,-0.32290035645256393,0.03947409691312999,-0.14868137457162164,0.7071537779698019,0.16737979467011,0.6720498322110608,-0.3736673846260208,0.5527729879136083,-0.16634599481500587,0.5766020566654491,-0.9944725719261854,0.3170251761924093,-0.10721070858665722,0.7537686736636936,-0.4327727899893418,0.33428382668830103,-0.31794907989306925,0.43863833749467696,-0.04550215744974426,0.19334103542772244,-0.05509726958116025,0.8631782616494867,C
0.02651932136235823,-0.018142076629916192,-0.2888869587806595,0.6553896790858905,-0.3188545153118055,0.7521715127807481,-0.6392093495083592,0.6700291399984895,-0.27310047292362627,0.23924332155154066,-0.13590117094280532,0.45533037607998195,0.15834710693536325,0.6204589655389793,-0.1994320555941358,0.33772874155059257,-0.24116777765397343,0.280866567115186,-0.32355917826305003,0.8095001481361732,-0.3477459015895762,0.058133107609872996,-0.08840608191840342,0.6981000612851218,0.1383188146453561,0.7619666258406773,-0.3903868530888574,0.5296114420141612,-0.18431746031704097,0.5920765760170258,-0.933997016778482,0.2903278872046831,-0.10667139226673586,0.7706131319659487,-0.4012224399472486,0.37436249075468325,-0.3499024792425194,0.45547808846902577,-0.053330218427293546,0.27595376756151263,-0.015318826602858653,0.8373286838919327,C
-0.05982998160542135,0.0443313351886301,-0.3166577056019682,0.6111927037374403,-0.3392425335215665,0.8154944381835645,-0.5949918420592804,0.7132636516522524,-0.24427658428134458,0.2342330834845555,-0.13783703932135316,0.4115356549617134,0.15618988143931198,0.5828494354664506,-0.14271022267152042,0.26109903617902336,-0.2034680338342442,0.31367108136887606,-0.29763762905587327,0.7746335917427021,-0.30453110093107294,0.05915177350563912,-0.08116269428819818,0.6414103542387258,0.16126138319717248,0.6322296155186988,-0.3222419006790649,0.5582293171137963,-0.18056382614953942,0.5613311112995574,-0.9647340424504128,0.29551846700874373,-0.15497000133443475,0.7970686248666874,-0.459118060231962,0.28960061091602995,-0.343410766712881,0.4084504590967179,-0.07320708488732713,0.26283162889820155,-0.08889512753424762,0.8642660766144084,C
-0.0009916259578886632,-0.016900466929358458,-0.3636003445109436,0.5666749380781921,-0.3133535590138492,0.7772668989642257,-0.7109114462040732,0.6858275855288243,-0.26349896085763425,0.2680433008710107,-0.16111638390648741,0.47103129600000354,0.13207564995631466,0.5867182271517938,-0.14182020534577222,0.3117759396014068,-0.20223349995882306,0.31166962630092837,-0.2571949972443295,0.8100593039683026,-0.34635920385859215,0.01756436914615344,-0.12698820612262082,0.7235814000060851,0.11976888295009278,0.6603850037123423,-0.3547417118836202,0.49241221869112584,-0.14188240677407243,0.5291359233546676,-0.9326632477318483,0.332845194478051,-0.11847795883085392,0.7652541313973718,-0.4290244259570808,0.31183117494477186,-0.32797360594246705,0.4052710690546359,-0.00724973617389538,0.27846550813010196,-0.055425097858201405,0.8633895859231562,C
0.011793476296758221,-0.014222206514357617,-0.32854919604003263,0.62592232556574,-0.35350586979288906,0.7596754107831433,-0.6537148413813952,0.7306829009599592,-0.2598806106293005,0.2150888070171247,-0.17253620844000234,0.47615148828588744,0.16489459610256724,0.6177804834339843,-0.1795878914809226,0.25134849539699045,-0.25510304741075596,0.2874527786997745,-0.3039366661368034,0.7828069527549701,-0.3153630699209498,0.1093006237032833,-0.16603715794161678,0.6612022986008744,0.14041222042364931,0.7093046888181983,-0.355123172788649,0.5021652007755377,-0.11283245301572098,0.5955932300482846,-0.9824645576482782,0.3479161352274608,-0.1725905987198071,0.7830746256206256,-0.37251731786914,0.34255442411619036,-0.34441361652429103,0.42885080004797604,0.032791815102436415,0.3014453328484979,-0.044415214522647954,0.8619758097126505,C
0.027687365973227927,-0.012869549476386896,-0.36317064555533574,0.6431065829877831,-0.3245117998817252,0.795817087763648,-0.6273441548684324,0.6518226745967493,-0.26225464958189315,0.30479972915115383,-0.1317284119674297,0.4604896375229256,0.14181418519941724,0.5669332374260322,-0.18050644786829087,0.30265118225189774,-0.24569497879085425,0.29715281759625173,-0.2783717619051103,0.7756427331161035,-0.3872902337754726,0.06136553364909257,-0.14448099252377658,0.6851770356862198,0.1258951831720302,0.6837086617432884,-0.3242612641787301,0.6214580703552554,-0.15883147149768415,0.6010874660134332,-0.9384535869429268,0.31151870879731597,-0.11772417403887854,0.7358754020056908,-0.45576754042503015,0.3539871085536853,-0.3647561390767056,0.4368227472821367,-0.09146606666126006,0.2815239285781089,-0.035625881672710615,0.8736631484894831,C
0.029907374402791065,0.0422912096980229,-0.3211623289356194,0.5585788759602425,-0.3926447901324684,0.7483108232482597,-0.6389428264172269,0.6439220864818958,-0.2623296106132113,0.21298820847633562,-0.1379321566948088,0.4631065177990814,0.14148643781074963,0.6462197396424354,-0.1889857604536014,0.30587162707416693,-0.225497058218219,0.32503941375733314,-0.3026292597159833,0.743426457617283,-0.3288486077538886,0.05743984370740264,-0.09730250511858746,0.6909986349797437,0.25740682393470316,0.7378766950160943,-0.3523855887651906,0.48553749981507294,-0.18855292995846973,0.552834226607353,-0.9687117589231232,0.29895493184205646,-0.12865200973324506,0.805865107732786,-0.47117656404982194,0.3048349405619895,-0.3108351632256158,0.4637910601720158,-0.048686880814324415,0.28839244668343217,-0.00800560617525126,0.8015884338656272,C
-0.01909945080489379,-0.014302654747577918,-0.26956476334921897,0.6258343112268824,-0.35490663581369525,0.7653368677588579,-0.7076478248469581,0.7181652573595366,-0.24343453852993135,0.24423748994487376,-0.18732522820845554,0.4637231122314551,0.1314966691034905,0.6003532199056192,-0.14057357772311307,0.23924489855568554,-0.2240690287982601,0.2942872412698894,-0.2549378355494699,0.8317062902586538,-0.34609090284746497,0.07017043555057038,-0.11539936506455382,0.6780697968828331,0.14431842506082973,0.685262774889065,-0.3815465235208073,0.5608461501686672,-0.15047371492127964,0.5682699183070422,-0.9748269745327124,0.30980460403477944,-0.18057445948237277,0.7325807658643406,-0.4456401517069598,0.419723312804673,-0.32219313932026383,0.4293818802777498,-0.06909634092686656,0.22916763387259967,0.009575784507655827,0.8389830564314218,C
0.0021196294936927378,0.017754279759028255,-0.34182424699476643,0.5953452681373305,-0.39154802755637064,0.7497769505021239,-0.6429455115210118,0.6730250341094662,-0.23524839114591461,0.1781104272100868,-0.12441814000463415,0.44045959335003987,0.09451901490343878,0.6560427799435414,-0.19816638548869056,0.30756660640608624,-0.2304096257919716,0.27544077927266414,-0.23166146388141243,0.8171064356345311,-0.3123749093428462,0.07472044961796662,-0.1398508284334461,0.6522205251695354,0.1634134228481572,0.704652744031354,-0.3204307631604506,0.521289662733204,-0.1470044826812015,0.6313170401667259,-0.948334905593141,0.24394295154704979,-0.1367299073371825,0.7618001778142456,-0.4488429806269618,0.29862017275204644,-0.3274709353795568,0.4078662113827431,-0.03713882050379618,0.2855987482551906,-0.055459348336225046,0.849767996456174,C
-0.0060678494146828195,-0.0049731708651111015,-0.34253509118178255,0.5988781261994174,-0.2895527620541939,0.7735649700386208,-0.652428566527071,0.6893299544326821,-0.2531178131308661,0.24006121498675229,-0.16774668778434965,0.4836917410054571,0.11103728357307857,0.6172310852754346,-0.19156345357695342,0.3021587592447082,-0.25707564731460336,0.3249217590639391,-0.2791666543436207,0.810235212837849,-0.31532965165096694,0.04360737463785751,-0.08934767367230642,0.6668235694238746,0.1818006994039183,0.6939488474424051,-0.3264120713640749,0.5030025057551462,-0.15919737585272867,0.5815087724731329,-0.9399991381621665,0.314879135844888,-0.16400215037602417,0.803827682528402,-0.44677872466993773,0.36840517057937805,-0.3735914215525625,0.41138295483457554,-0.0016145873464255,0.30621911543133196,-0.018383688090080216,0.8501972243446085,C
-0.031867859702766614,0.023918651979636683,-0.32002712462583194,0.5399784272007735,-0.39178832210288006,0.7967591269562936,-0.6855158605125828,0.6549940873535025,-0.25842477893195154,0.23595020804448943,-0.10584479955820272,0.41712672462031464,0.1517131734591926,0.5913688012537786,-0.1708211872836517,0.2809143409461814,-0.23386960743120908,0.2612657595340346,-0.271709927512542,0.8271867267091335,-0.27803854750092394,0.0684000979461155,-0.1281454202619329,0.6874406628107238,0.12792452847999738,0.6608807149465291,-0.34740752430075694,0.4641734483948968,-0.19633239765962696,0.5660349655768399,-0.9228167864715033,0.3104955132174224,-0.1837228467558501,0.7634328714558601,-0.4275493309606923,0.36791548890410736,-0.3043996701808002,0.45976448575988044,-0.016875786222572197,0.27177144843285767,-0.024136945736416955,0.8781112432947629,C
-0.02363536438627109,-0.006132528448183251,-0.3502042751962826,0.6235825660719146,-0.34757004712730105,0.8166543123593781,-0.658983040466266,0.7180868059652874,-0.31863873621355543,0.2040593851361663,-0.12061283905278625,0.4422589483151277,0.17031516188098156,0.6296941352120125,-0.1839821932539716,0.32905085315446775,-0.2493436234940898,0.27988154273543314,-0.2625229189545727,0.777607528022848,-0.3876131473020989,0.038712925165711023,-0.1087525679325351,0.7425300236887367,0.16899597932552574,0.6780256926674068,-0.30789106685010026,0.5146253440333727,-0.17573500357618635,0.5934597786418779,-0.9188481159799227,0.304830540669437,-0.14882651025003538,0.8342796395377765,-0.4651733152822954,0.32969821449631026,-0.34741455831440127,0.4403570851082632,-0.047986386899419774,0.28167633136685594,-0.0326675788479072,0.843268027976011,C
-0.016859793466090997,-0.0007539607137024525,-0.3158092927901328,0.6095221403080178,-0.33282906196092793,0.7629963049434236,-0.6820296816520022,0.6860382713204698,-0.25171590993995424,0.22708747371512478,-0.16646739543139918,0.44383560089322277,0.13940133155470152,0.6185322665830193,-0.1755325958245938,0.29082510865649525,-0.22979538241656322,0.27974317540410026,-0.2908630885228762,0.7874668686590535,-0.3487222008849971,0.1045905618212673,-0.12892138702053837,0.6843870729053004,0.211579130191967,0.7078823022650788,-0.33191725022254953,0.5374138074294637,-0.1739528757318593,0.5944048343180549,-0.9020161826591222,0.26308962021060917,-0.1519011989929989,0.7390511384175045,-0.4672905665252859,0.38319331743933743,-0.34051199100050644,0.4455119088766225,-0.05398383114150111,0.23781324010881316,-0.06164422203664702,0.8961911058983975,C
0.023253291567521497,-0.03151529507967065,-0.29495481573196486,0.6027911271089905,-0.3262080934918479,0.7876614928184361,-0.7036487969305185,0.661348900003449,-0.21468498097486183,0.2538330966620994,-0.17940768959776532,0.4478887625120442,0.13219949381861437,0.6564256838739171,-0.1621128819346612,0.25220261873056044,-0.20732751950660597,0.33792389742222245,-0.2753073573352121,0.8221126165299658,-0.38467215415313205,0.023405153878557364,-0.17385744101214606,0.7098666187236622,0.15723242836887066,0.724539152854471,-0.3629368729825838,0.5326475957505463,-0.18658136059845024,0.5711351002505791,-1.0043685519353265,0.2931855443476287,-0.15036337632931857,0.7137938391730133,-0.4323088836893107,0.36371869755522707,-0.35562616525519425,0.3876658096133663,0.017939148627456214,0.2648435142615682,-0.10251413105624156,0.8399900114832337,C
-0.019547841641603805,-0.021763378089361487,-0.29645727431716484,0.6181647587640476,-0.32074538776212563,0.7821139598939386,-0.634949596636954,0.6749820965223036,-0.2483179176993288,0.24027318497501668,-0.16744575515422894,0.37875119986714495,0.08784280562527763,0.69152421042105,-0.13643286440753957,0.29619321092901746,-0.18679583953248832,0.2685035042977782,-0.30884272620167164,0.7718057752355187,-0.2781192936587699,0.0318075744306198,-0.0957300855039542,0.6585756392244901,0.171408392549412,0.7378595859422736,-0.336349436911403,0.5291343969885959,-0.09435939421202588,0.5259448957767758,-0.9814035120425372,0.2934266446946718,-0.10685671004692932,0.7495322188293145,-0.41602106592782606,0.29481742450764875,-0.30131645037317,0.45062988808486426,-0.06621532441410821,0.25612379854880657,-0.039195837473892464,0.8663447440483456,C
0.03483524506170699,-0.020491072143586777,-0.3181386991692368,0.6179450584487911,-0.33605532307066666,0.8299113550248489,-0.655733853682805,0.649731335892805,-0.23316811970530127,0.27368286737365793,-0.14455796791988984,0.4822108222901156,0.12605894028779818,0.6345952213125668,-0.2028482181646647,0.2569529399713789,-0.2243802920763829,0.3223426138914787,-0.2740146080944194,0.843359182511255,-0.3946863170777259,0.10583507874715278,-0.15476829515983362,0.6414844532611367,0.19995935215204108,0.6663766426989421,-0.302521498547872,0.4676208843946512,-0.18508161808177404,0.6072744502519126,-0.9329112552199053,0.22368983986538352,-0.1580975967540171,0.7131682262063367,-0.44089737104664706,0.34802523007025166,-0.34319587960725556,0.4206215244528963,-0.06701865688287265,0.23513825827693535,0.000887223551458146,0.8381491970196283,C
-0.017145088748971308,0.0341939470145767,-0.36458985322490356,0.6549656389195927,-0.29286144856384977,0.7557852505600552,-0.6329304363918676,0.6213209425040103,-0.25225119394885215,0.19539706420061229,-0.13359889162822414,0.45109502350211483,0.1303385199767757,0.5893759369085573,-0.1284476808848875,0.27430839968901843,-0.2506626062875542,0.28685197768671955,-0.28998104255270085,0.8019708591426646,-0.3395198372977371,0.09041778274750267,-0.10193264270304697,0.6715501651177607,0.18160041693007897,0.6937310391061664,-0.3085248498913006,0.5291117909405046,-0.15878177144828523,0.580188509293561,-0.9392492468903126,0.32165947499283715,-0.09663323501085,0.8009840672227264,-0.44375536405108007,0.34519845342712135,-0.34251512349748037,0.45406861673400195,-0.02661337775645504,0.3310095300965584,-0.033020127015016866,0.8984846474763953,C
0.045905691753202256,0.04510630199014031,-0.33911037587537035,0.6080468168620049,-0.3446674231036891,0.8304584999652199,-0.6740555242258949,0.6688312953235047,-0.2344890159163602,0.1858213938179605,-0.1257127669292688,0.40741270280131703,0.12628841810369107,0.6568297656516675,-0.17263933936895037,0.2844438570653691,-0.19317987993259936,0.2680874107296582,-0.2819203672898167,0.824355029556754,-0.3914129862759076,0.03061158966651148,-0.0848837406613572,0.6439607487925932,0.15836224336344157,0.6392750649879142,-0.3685037757699623,0.5563689027169225,-0.13365375629925966,0.6047754586731312,-0.9541265922588416,0.2704631058008797,-0.12578003085333667,0.7513943604888053,-0.493298614339149,0.3473568830561475,-0.29766304467535243,0.45713285854815544,0.0013525573433401522,0.2662422932461961,-0.05900237337941852,0.8704532141241793,C
0.004532941938991658,-0.007713247071135419,-0.3092198440707926,0.6242810690328364,-0.3583970597796179,0.7662617105279059,-0.6951325110721643,0.6938804486049278,-0.2280881082313021,0.20791350688737203,-0.1807400750690743,0.4567511238393726,0.1860043132199489,0.6818725869839948,-0.11050570939962742,0.27376653629177644,-0.25646190289634874,0.3204815595290091,-0.289232241991895,0.7989739461641481,-0.29179927433538067,0.10330610933440604,-0.11425115886623993,0.6754491013565059,0.16907650218103865,0.6534275346283821,-0.3135483615836334,0.5720022165465904,-0.18534543902629214,0.5621216599770762,-0.9238265774116585,0.29298301530196763,-0.10411630110060219,0.7411828813223656,-0.45440778428147977,0.362048286400013,-0.34547556319620626,0.41237762656843285,-0.04609281793420618,0.27800823118913043,-0.0022264560235073366,0.867622371205556,C
-0.020926692981494747,0.04103648116773744,-0.3215625888774456,0.6420921156066977,-0.37850747447406,0.8212766027021434,-0.6717195551326128,0.6729084805050496,-0.2431463301375347,0.16413764432194952,-0.1382599940742926,0.4333474523557208,0.18106156249668998,0.6303045765832498,-0.18576293879981706,0.25121274835436547,-0.3032230580263505,0.37511554469634384,-0.3622406605570637,0.7887301796675696,-0.3265786949575071,0.1057684669180325,-0.0792310159124417,0.6753545290052549,0.183918184453945,0.6905857496829512,-0.39160890216989047,0.5017220270534253,-0.21390825552474269,0.5904445176977497,-0.963348454301793,0.2970900379332729,-0.11801936242953441,0.7720646982988445,-0.4251821254855176,0.40083631887558524,-0.359589466202141,0.3676190830731812,-0.05138260761236498,0.2509579870550422,-0.018045312018888756,0.8745626999111277,C
-0.03193814234866973,-0.03637709095633175,-0.2882877980739926,0.620136225753527,-0.3292052140333294,0.7941811304993462,-0.6561134120767349,0.6794436213012387,-0.2765738528551142,0.20946962728116267,-0.0837741671807374,0.4957817594089691,0.1664530968072183,0.6201510573041841,-0.13900905129032345,0.23251887178332062,-0.19954547776741366,0.29504197592632053,-0.2866529614801249,0.8078895952240784,-0.35418897314853404,0.08585379734512416,-0.08551345732983742,0.7040520888735955,0.17082709537196347,0.6677693678649089,-0.3437426127927803,0.5307668052600194,-0.13767648636615137,0.5616253852957083,-0.9797232574634711,0.31166679291343535,-0.11057376149337057,0.7692286726839175,-0.4160621624939368,0.30821284278151356,-0.321559363160691,0.38536650023393443,0.046046562010530916,0.29738164175638926,-0.019563613568513737,0.8047221473827224,C
-0.04125236738382922,0.056862744452114596,-0.3639513733585684,0.6255803032556652,-0.285104647061261,0.7894289827721102,-0.6963997300099254,0.6329218051127143,-0.24381817857304222,0.19253526345028615,-0.1486893048922894,0.409689028927864,0.12059563251739372,0.6050848742809379,-0.16380355206597394,0.2530356100186015,-0.2208967334587525,0.3321703284268145,-0.2979202529468618,0.812775209330625,-0.3768739718383448,0.014718269259676613,-0.12130695966894389,0.7047318257705933,0.11144092199906624,0.6970104592120857,-0.33196213929281715,0.5417642549599415,-0.18011362628524163,0.5823895345831755,-0.9252896207373265,0.2769199357018123,-0.0915391088816649,0.7230034922153237,-0.4181192763556541,0.34811008657996517,-0.35120817332746823,0.3685684369314933,0.0017329160798870494,0.22913603797041182,-0.03201298664182386,0.8669707719935438,C
0.07137715769290995,-0.010670280153236096,-0.32769126491677397,0.6229981784017731,-0.33631206655970114,0.7634130891655369,-0.6159907357824901,0.6723531199134709,-0.24125952967956488,0.21914739655666687,-0.16693330520028976,0.4730965207050246,0.14652729807031947,0.5566363998089718,-0.14703407769112792,0.25643488499793315,-0.2771052720727583,0.33094704775402595,-0.31002025066485916,0.8128204232294328,-0.32122226986929464,0.05446869499841499,-0.12582128784735186,0.6579188303911091,0.2019671055219422,0.694297761270279,-0.328804965234795,0.5782457384690275,-0.21795548078885493,0.5604066384747493,-0.9582645379080337,0.30654338484017346,-0.11972342493047611,0.8012654202018697,-0.4674148557143131,0.3404389356799527,-0.3021114746184856,0.4339634338372898,-0.084991384912665,0.20365837032430767,-0.04578411374329466,0.8693999613569006,C
0.01600006335056854,-0.026794761346647808,-0.3093153577890582,0.6181340676398789,-0.3722445415692157,0.7682081031372903,-0.718888401103769,0.6504530589646796,-0.3118159226054062,0.1792514975308059,-0.09837838504584052,0.42964710776058385,0.08542059698340843,0.6347291536002616,-0.14726970865049016,0.28103493566966536,-0.25563657019391467,0.3209326327339249,-0.32004770868568466,0.8287589639164602,-0.32227868458002157,0.05981542978419917,-0.17728706259091997,0.7024176848405492,0.15134252561026695,0.707980928167418,-0.32420606045212413,0.5087941506291254,-0.09803984188432883,0.5796458739124573,-0.9732033844892835,0.3326979037131598,-0.09168931527948959,0.7026387194765299,-0.4864866974290184,0.32322211611809637,-0.27236195946403696,0.4094493664158599,0.011652490141146034,0.2637619538230969,-0.07462266740339703,0.8792585511818282,C
0.009508476865932342,-0.02586793549255778,-0.34904557498179956,0.5790880373425441,-0.3585467752272232,0.8060047996502256,-0.6876610073890221,0.6887128121565919,-0.24588775087694456,0.2240179080911005,-0.19722786232917977,0.46411551011858965,0.10367638880791938,0.6049152815656029,-0.1697709262910496,0.27429204113437916,-0.2265532375900217,0.32282639415077236,-0.29646746523245726,0.7684461758073194,-0.3162047820914763,0.04971182251582587,-0.13890569659583812,0.6483188007042693,0.14288040782498793,0.7430232763548027,-0.38618166614610316,0.4962664747744408,-0.17627877055641883,0.5905066748817563,-0.9821041515477389,0.25537053561192513,-0.17480073675063307,0.7521658774677632,-0.47507159862717513,0.41319003167190566,-0.27629892683019835,0.4587906384005118,-0.022679963513653926,0.26850967188245345,0.008548984263261564,0.8567625087322248,C
-0.024704669880283373,0.06369640941656443,-0.31196602338850116,0.6541675942328014,-0.2854407595538553,0.7330840136484298,-0.68646931647049,0.6800814270998126,-0.2402751012829885,0.2531502600217348,-0.15065320406241878,0.48043321957512136,0.15692127938574174,0.6400802297913342,-0.16427017941256858,0.28472076271544533,-0.22017300798760658,0.3311346140338105,-0.3266311660187393,0.8260139607972581,-0.39820855981458175,0.03614320607160827,-0.11512697964932772,0.6531982551871302,0.1696677573047592,0.6721122557119792,-0.3269508543308066,0.5345054866410942,-0.16315311452784578,0.613953648189988,-0.9405760431787307,0.3175269426231385,-0.10491856453020112,0.8009937547375238,-0.4735569849913096,0.3685989485946823,-0.3227625567602683,0.46318184453027766,-0.07257820202143969,0.23643994125646195,-0.03702662862295611,0.8949211295939439,C
-0.008607106433541796,-0.0012445842689608516,-0.3497438871489427,0.6340990002590529,-0.31951338601923496,0.7699381669626049,-0.691896532502467,0.7093458139703567,-0.24003976021219314,0.2057435761112451,-0.12793055534121117,0.4608302067875041,0.17553836675172207,0.647572670511482,-0.16613349936370359,0.2523917715987821,-0.16898403189263336,0.28683488578586974,-0.34214734897318727,0.768707838313565,-0.409637182767361,0.0983813678299463,-0.07871303233349775,0.6858385366593898,0.12073859049556271,0.7358013691331942,-0.3309564391728592,0.5700137789732891,-0.14471086415719542,0.5394193798271592,-0.9332372588611202,0.2560649378556231,-0.16133803445838923,0.7956341417470761,-0.4155355921559874,0.318174252086792,-0.3699562813195027,0.424615217350989,0.0261230836297087,0.2739843603639729,0.03946787264788207,0.847903109792086,C
0.0264985094032386,-0.00947862912558456,-0.3532264029378175,0.5820298657492728,-0.32919890459964407,0.8250946837893132,-0.6703491905199176,0.7288216936205436,-0.20037970990235682,0.2516845929629104,-0.13895341022637483,0.4215363553414107,0.1777238093127034,0.5879407364214906,-0.13774849251130805,0.23657503094268448,-0.2611621860824071,0.3004096992240007,-0.26599404453922243,0.8350938874448763,-0.34869592275182226,0.049216600886637235,-0.15706014607037208,0.69934337000009,0.1886924149913733,0.7050755309878728,-0.33587930599052546,0.5811329172443536,-0.1319114167699942,0.5385038613865555,-0.9264540454284658,0.3441531796182501,-0.16277314304357798,0.7930903849621675,-0.3548802237458001,0.3609616304490539,-0.342836033218159,0.42079934732218843,-0.030037583705143464,0.20984325496339024,-0.0798165433468712,0.8609536391602698,C
-0.0014627322039419822,0.01989108013017538,-0.3376973533933982,0.6130532445493502,-0.31128689570333784,0.7179726123839805,-0.6880412495158783,0.670475486135652,-0.26006212930184947,0.18313704360153027,-0.1760153136437546,0.46262680789358923,0.15258758388602595,0.5383888055999444,-0.16272309124695605,0.2709798546684805,-0.2568331735469188,0.29799011260444863,-0.275334773410263,0.8264005951543855,-0.3457799408967139,0.08114823590728522,-0.13303010612999705,0.6097997656592149,0.1648349290566048,0.6628815871690192,-0.3415259966672324,0.5264839219479538,-0.16929363142192483,0.5558278259024739,-0.9650470293721143,0.31192480440791603,-0.16558753896532658,0.7460042347879836,-0.4976306424539721,0.3548642362936887,-0.37404890002559227,0.4246582145030351,-0.012782708822312194,0.2952973845871434,-0.040757906745146885,0.8715814015724899,C
-0.0002219202567988385,-0.056172106548203066,-0.37381257892581604,0.6359943133855802,-0.3050789590570725,0.7226824590955203,-0.6505382648749457,0.6942506972792277,-0.2793796750225206,0.20188855217258553,-0.18045189104715106,0.3840157681037678,0.10702120891808033,0.6430572060720089,-0.1664832330582119,0.297265284175179,-0.2894782993261707,0.3154394294965331,-0.2637876960943245,0.726550670741746,-0.36462433225333346,0.07206042210657151,-0.09426612003447703,0.636973755806492,0.21046643931940628,0.7129096666476095,-0.37501164173058416,0.5628665708212579,-0.09332698763354584,0.5708985695786579,-0.9656216043952791,0.27415423542773754,-0.08303591082081027,0.7427555562465002,-0.47411847522384926,0.32776633515222636,-0.3541355952587727,0.4064713303564954,-0.05763837799043288,0.23567917012846173,-0.026816030158708058,0.8933319284535743,C
-0.02975887300079609,-0.0390842281314285,-0.3194332799659871,0.6265647157365013,-0.29357625677071425,0.8285157682316485,-0.7081054264202321,0.6262522527685757,-0.23833968348536133,0.24181110526655114,-0.1043025937052014,0.45342668620941273,0.12175390203053997,0.6533499906276162,-0.1873026928684988,0.3354537642935552,-0.2212687129220846,0.2801308612157764,-0.3137089348457967,0.8108042377941398,-0.3512108274584201,0.057638892697282514,-0.1726642247813376,0.6734893297515067,0.19365184691184525,0.6771049334107506,-0.33724242489553685,0.5666506738063108,-0.1435076560865805,0.5446619805257495,-0.943440824803219,0.34666232112770134,-0.12326742012719644,0.8000476580820871,-0.41564836534777383,0.31234153319959074,-0.28235813726979675,0.4614361446502414,-0.04246436412957207,0.29603398006636117,-0.03494707988251722,0.8501601794526752,C
-0.026815401217317437,-0.031043558460108915,-0.3247444973470167,0.6029777265883974,-0.3844200550094955,0.7967558085760319,-0.6452344773421592,0.6951519913523146,-0.24659507789905985,0.23788832633011048,-0.1437620929573842,0.4521246262574985,0.15380842244867968,0.6046052086388718,-0.19394835126926044,0.2848251309579752,-0.22489686970565884,0.31584165747052845,-0.25296622695591714,0.8039137800954029,-0.35280961987029535,0.07579253937982469,-0.16397230133705423,0.6795983689160068,0.16578140620360998,0.726045480378817,-0.3586852097037919,0.5358110890861274,-0.16707881137211486,0.5063394985038131,-0.9689216141606071,0.3024613612882658,-0.16492884372794073,0.7609729914885869,-0.4048863953204615,0.37538781812822125,-0.39174542788035926,0.44661062750274955,-0.01712038872701637,0.2543607318012771,-0.10145663655003045,0.8763203580215267,C
-0.012877134026861548,0.006325261224098894,-0.358258312163144,0.5883084082164713,-0.31171788858076616,0.8349316071503692,-0.6733605493400479,0.7315669091578865,-0.26817001188148143,0.21242699237813495,-0.1912924509921114,0.4565688954692559,0.13277684469141388,0.6179963570008024,-0.16735485217935397,0.2454957297715595,-0.21067055785132827,0.30041033217955565,-0.2628733823378866,0.7766249729181471,-0.3416448641483325,0.1258545120174532,-0.1546945354668954,0.663805528316753,0.15395881932888625,0.6684733417732369,-0.29519975325489445,0.4639759617466761,-0.19909072561247593,0.595003664903044,-0.9749890586139368,0.3018004450600607,-0.13904873002427356,0.7795529092350995,-0.4425961823795684,0.3348289801623915,-0.33188211547186947,0.4184684249949681,0.016861898446425716,0.23988967035126219,-0.014452436932933136,0.8802473590275389,C
-0.0396440164974303,-0.03338494110561005,-0.27130030063554794,0.590264654904007,-0.3394400259360054,0.7810365584704804,-0.6616972137909344,0.675012569635832,-0.2516714901271214,0.2012702584187601,-0.15547174064424424,0.38251304882488163,0.13514839388760239,0.632212830880245,-0.12718832231177307,0.30967627946490367,-0.24075902248486725,0.3274688697829159,-0.3216473659611548,0.7894289957875708,-0.30019212645238375,0.06721526637134033,-0.12637068942387375,0.6729913228454742,0.22491249155626655,0.7156751107106244,-0.3003796056766478,0.5153317812451499,-0.19157796470196772,0.5580062386372617,-0.9342093425578378,0.3521374659802866,-0.11568665073216342,0.7909590474937926,-0.4398660241732707,0.308297874339308,-0.27506664038634543,0.44375282042313646,-0.01827126822920171,0.2833723789543123,-0.08253159214724397,0.8378061262975444,C
0.018657626537939773,-0.004346923467646974,-0.3315186647371107,0.6490189929955439,-0.3362863662377104,0.8575936019941601,-0.6617740333352596,0.7103293168207592,-0.24078212428199883,0.20842570032712893,-0.1796892197641385,0.4427618755171837,0.19625397427763214,0.610358497279628,-0.14039972838521442,0.2675330872026207,-0.2227933667869524,0.3365111303908086,-0.283664356901992,0.786489352272092,-0.30063557914307154,0.04359525185885041,-0.11305557483474754,0.6336230419256645,0.20739097055921576,0.7778897942020437,-0.3457398350799636,0.5023017537701946,-0.13938579645888755,0.5836876941655926,-0.8888369482672864,0.2847385983669307,-0.1782936081781678,0.7737544745438039,-0.427552859298688,0.3234209304556902,-0.3069502429336252,0.4255009994065085,-0.04209756307760033,0.2735003443613001,-0.039741638061136154,0.8307896634338675,C
-0.04841653806485347,-0.018516864292783687,-0.2543849244239313,0.6116537873173093,-0.3703182874060126,0.824255796400064,-0.6619597867127369,0.6949418894799975,-0.247073481492585,0.27021331345545535,-0.18861813881732026,0.48543034331123747,0.16099448294748397,0.6244863336173303,-0.18158465644822128,0.2678420196182079,-0.2281694194366436,0.35651446222450195,-0.2440623647273127,0.7933183191587845,-0.2885360160741198,0.09027102680999004,-0.11921759463209174,0.6699055551116896,0.1515320031890765,0.7160290980907583,-0.3334159683624231,0.5213672061725703,-0.12899148201149135,0.5858649973019502,-0.9405402230239917,0.33489766807203364,-0.11338710821857408,0.7160486548322891,-0.42219424022856494,0.34732981139290886,-0.34917856165338923,0.42538644375331286,-0.043157471326832536,0.26096144034640384,-0.0317365311507059,0.873469552704913,C
-0.045955505789662565,0.005513762509019661,-0.3300817983589586,0.6781234007710374,-0.39851998531050553,0.8139125698737226,-0.6475490132424109,0.7091709861799943,-0.26872263745278036,0.23523492443886038,-0.14439520812263706,0.5477306780602523,0.12936098401337126,0.5986149074814441,-0.0959348620503879,0.2855643872898082,-0.2140203685137553,0.3360590842123332,-0.2848104494241121,0.7923760858079362,-0.3448434364941299,0.03651744185440432,-0.17692999955200028,0.6530527467414265,0.0979944196958844,0.6888196218261406,-0.3599263459523192,0.5511934798459392,-0.15853770501137515,0.5767866694027407,-0.917753945153383,0.2902008337302048,-0.17147909493932367,0.6888145486095143,-0.44431101789961175,0.3448992579617365,-0.29769252823976183,0.3977951038667266,-0.011471695303631377,0.1826681046933512,-0.07008837555004185,0.8643461966767856,C
0.02068011198707355,-0.04978220650843565,-0.35306099988958745,0.6119283558871487,-0.3426586861675924,0.8026776172587123,-0.6331480402769589,0.6478334517511085,-0.24198410673417556,0.20406555578113922,-0.13869134604154618,0.427645901219576,0.17094084497832254,0.6397703939194289,-0.18563221600309518,0.22488825449858169,-0.1937577422791075,0.28107187994761623,-0.3051675777648518,0.8272096207938837,-0.3795147224819344,0.06771663352605951,-0.13280396890826848,0.6758945956642011,0.20470910617507587,0.713732137853783,-0.3155566634977042,0.5255899492762662,-0.18413325720089282,0.6121288116581418,-0.9702003534015136,0.30642370630195626,-0.12547902896312563,0.7415524269662639,-0.4680469919032072,0.3383423121765279,-0.31344382167342716,0.43420533389355986,-0.0745728960911349,0.3157420002898811,-0.019712835907680297,0.8401299974671725,C
-0.0045767011760612045,-0.007264291240522264,-0.3403872876124407,0.6455486188783288,-0.2685115922940805,0.7708671405856554,-0.6742779025429168,0.6834762735246279,-0.2965997702565756,0.24149244133370215,-0.14315325728157155,0.4461357279975431,0.0830493129615891,0.5543087439228386,-0.16699513204262245,0.29509380696209236,-0.28278207944308387,0.329110164502046,-0.29621386116823717,0.7800823363572689,-0.34631906571187027,0.022813831620197324,-0.2095066792995744,0.7145320459018607,0.1673881679941843,0.6781079163938162,-0.3622665815029599,0.5098344619688991,-0.1729951938576329,0.5775897731697519,-0.9324542639655841,0.28184274673194526,-0.16990684388287658,0.7485595412276052,-0.371133072689922,0.3511932848886484,-0.32377462927509143,0.4161804123883905,0.018026260840924915,0.28294968192765724,-0.06233416696977791,0.8575684143053527,C
