x0,y0,x1,y1,x2,y2,x3,y3,x4,y4,x5,y5,x6,y6,x7,y7,x8,y8,x9,y9,x10,y10,x11,y11,x12,y12,x13,y13,x14,y14,x15,y15,x16,y16,x17,y17,x18,y18,x19,y19,x20,y20,label
-0.011057272312385652,0.005850096334770306,0.46827736279468285,0.11140798793434034,0.006743147327793873,0.8148159523700256,-0.005120240120942341,0.3455345849801156,-0.5879674130048346,0.8129442556161713,0.0009122813698402357,-0.09925019712541527,0.1958634594239231,0.34765171038545417,-0.28141428036439003,0.16588304898554357,-0.12268101487996554,0.4479279822422867,-0.34838495546264486,0.35162958653936816,0.6816444963001168,0.3969068776995232,0.06572877308930081,0.05652821850428193,-0.5666785031530974,0.6512602985843714,0.028197980288418814,0.7263768767884647,-0.24227183434139932,0.5743059814703264,-0.8856986075589498,0.40505156345460525,0.0658970481235519,0.08690333968800297,0.08021067611365029,0.23378785564771046,-0.19265811826533302,0.19188260922491665,0.25794490848040463,0.18861173603850678,-0.31653481891604673,0.05857162279795294,Friend
-0.008439494121826735,-0.016138426078611656,0.5016913849241011,0.16690656051158215,-0.03468745956260656,0.8257852855527494,-0.0018977813981906969,0.35336920835462693,-0.5606439809837024,0.8544680482849738,0.023938299569697303,-0.09920508783046643,0.19625530041480976,0.3237356659459542,-0.2591050043559598,0.12524061048089646,-0.22100484050664612,0.41446282037501414,-0.3328891988873019,0.2737068972828713,0.6603459248255784,0.3935901286001538,0.10552243809868533,0.028173637349176113,-0.5441980651705902,0.6747443444826212,0.02644843337057884,0.71298054071234,-0.2674380690420577,0.6563178972700179,-0.9341179827266441,0.4049492001596647,0.05300027723554108,0.06569823620990389,0.06984347618062588,0.22730234526614576,-0.22597322926322747,0.22298628525321934,0.21165400329757528,0.16800878802704367,-0.32777079472098264,0.0014986357266449299,Friend
0.020998994838353283,-0.03137107368283698,0.4298477231184382,0.13763928423545185,0.007895660523447808,0.8123284473617293,-0.005490634544493427,0.3925762983752602,-0.5979575335976284,0.7891465491997928,-0.021346109068443583,-0.13630060084502288,0.15293736019756976,0.301161023331619,-0.264631082546257,0.09980447238165431,-0.19936070899835984,0.4811476772479549,-0.33673068733174477,0.3170337117726087,0.6472826439593533,0.3953825058094048,0.09024320112598364,-0.011340461099251926,-0.5666712206356576,0.6746073562814129,0.07006874529281128,0.7433047022466696,-0.27101422244360995,0.623537323403786,-0.8782378564770384,0.374991296986709,0.0814520689518626,0.06839761621045534,0.062201430208038,0.24747569263969338,-0.259797905986435,0.19206292120767388,0.23833421428906393,0.09450028236991787,-0.31857694672358106,0.0070609494004916715,Friend
-0.02097811401545867,0.008472370407776158,0.46721388824257404,0.14294641723699036,-0.0030260084338577537,0.7833754763394412,0.06970174363152555,0.36682917680113725,-0.5501538118380617,0.7980880458417857,-0.05303439016381867,-0.06458429575440798,0.20562434124958928,0.29721611113509094,-0.2997777002275685,0.1152870654106671,-0.18307583697206462,0.4888520788163105,-0.3737196035618741,0.33202271365931646,0.7373101150276662,0.3824688160895408,-0.004555842805349861,0.021442010826803814,-0.5563406689591427,0.673205541096977,0.14718037422620256,0.7494393600591907,-0.28518461908013626,0.5674226014349639,-0.8673689385092358,0.4039493258634929,0.10627591068933716,0.06715944712112236,0.09562205345384739,0.20909048049638282,-0.2229988030499545,0.18307377037297884,0.2213152248029483,0.18877583976917806,-0.35354728728895385,0.10826255728234611,Friend
-0.021613086537698344,0.002939056389018184,0.47449517475159314,0.10551338080876405,-0.0025753425675832577,0.8163780228517346,0.05073901661762835,0.3778957828872843,-0.6114938448713421,0.8193765166877692,-0.022635364957176326,-0.11691643172142828,0.18970794158877063,0.32605109959565237,-0.26691899814049574,0.12693335308323064,-0.15164464317407647,0.5031331605977261,-0.32857857844128,0.2918920785862289,0.6475105544816003,0.39369968312587117,0.019412039948258776,0.04314080984491536,-0.5199286841192144,0.6765171393826874,0.044800905549956055,0.7059677457132382,-0.230292689985623,0.5614579117787117,-0.8786026568521453,0.43165350179873846,0.10308785684013683,0.14983463846471778,0.031055030637327626,0.22507304183726853,-0.23398359409211145,0.18652127876229932,0.2075088915312734,0.15419241061938,-0.34272305682552734,0.09168699904719557,Friend
0.003970918486093303,-0.014701493441172024,0.4183541564217612,0.1952805426243751,0.02276229827922906,0.8084481531756234,0.01788359944350549,0.3919968458926178,-0.5902106843431183,0.7593652528074669,0.024762759518109686,-0.1320193890911681,0.20299415470302729,0.3320542966745402,-0.33293171463592935,0.09874159357817586,-0.139162521944149,0.4725129216552167,-0.32719434769353184,0.3216638031175873,0.7028983401012481,0.38100064437817294,-0.033326998771513974,0.03640840132758174,-0.6128674813782539,0.687663220669723,0.09783714220541442,0.7160843329826115,-0.21012049384709147,0.5522464851558626,-0.8855447587518394,0.431010146726943,0.06840741207561847,0.08060851410423771,0.05243874492281454,0.2748679486385848,-0.20348444882591402,0.18798635034497144,0.2450032658008921,0.17924693111452594,-0.3464854544457953,0.06678628535296124,Friend
-0.03438363293970353,0.045157920331391564,0.4776649245208648,0.14136041933839666,0.0028642263601634894,0.7937125761214112,0.005801755515857904,0.3596769330712879,-0.6092841623956597,0.8152497259582523,0.019732918776959443,-0.08362975824344257,0.22316883297546308,0.3038303857346227,-0.2619494625608126,0.06753234559573798,-0.1512919429913879,0.4897487423039738,-0.32849753101390766,0.2932719949739264,0.7107390026770518,0.407911307803143,0.02088342830073217,0.007453022633191888,-0.538714162656562,0.6570492504236685,0.09896356733075892,0.719033895195711,-0.20050324690711244,0.6189717034945578,-0.9151525582340404,0.388300789160422,0.060959125512775894,0.07598217780518024,0.001984816235569481,0.20621989912183095,-0.2392202754494233,0.1959114972132992,0.22617230480908052,0.08955831223394438,-0.3843081080486538,0.07485846229504538,Friend
-0.020029849093822247,-0.036341727277059525,0.4286986901126353,0.14739293471277876,-0.012046076872421152,0.7747080543933896,0.037316421887097176,0.3548865129390794,-0.6233269050955341,0.8135723432151816,-0.022172587522578353,-0.06008246541944749,0.23186724967408875,0.2831000670251242,-0.2508076067550566,0.10304419525248014,-0.16930084992745115,0.4699533650296102,-0.34038989690185895,0.31113174067502913,0.6761313505036699,0.397692882585443,0.04704649917288635,0.06216417664298837,-0.6261236436485336,0.7172355673110793,0.08858173240938429,0.7226281310462062,-0.1909581171901225,0.6227024750312602,-0.8634879859844266,0.4549428455235862,0.0558793755968114,0.12284389333623062,0.028986175066147833,0.2410964125099642,-0.2140100971699638,0.24229304341141125,0.22578440132873664,0.16272904115081663,-0.37066543630377385,0.0411263203558576,Friend
-0.00960843785173697,-0.03893637210418418,0.5014225901114764,0.16396696853886678,0.0031910407088697095,0.8209049446350778,0.045454599183797906,0.31385116078668396,-0.5663194208409541,0.8488211444257412,-0.003524874296176636,-0.14119622574896545,0.16007005917063077,0.2888399941118545,-0.31934901999666143,0.12057046846690435,-0.1847457934910706,0.4874730706147785,-0.3549391563576813,0.30806498758215034,0.6942867092256916,0.37165663007508587,0.0516680310725815,-0.0010651158793043118,-0.5659699341288812,0.6571522551501121,0.10977245030974267,0.7305040910370237,-0.19367073001119334,0.603719929549358,-0.8983636620987164,0.44546569499271094,0.07075161910026764,0.12179785063938763,0.06320170075289727,0.18930971790780793,-0.16354724628214998,0.18983222451497694,0.1697217508714842,0.1781041634760511,-0.38949166327139795,0.03921647357629456,Friend
0.0037372006056514088,-0.004299583463759535,0.4382172953362338,0.18169739971089666,-0.007787899675417171,0.7694740387972094,0.052171605191063855,0.3219643574951779,-0.5886939663588556,0.7835899639250008,0.023154972049295047,-0.09399179720216755,0.1940610566573971,0.2962308171375584,-0.2582224123725738,0.1468234502033784,-0.19628656250485105,0.46725744600672253,-0.3119181009066611,0.2856594806046523,0.6909681609561128,0.42558287106372394,-0.006019534413787948,0.012312300339034956,-0.5413463450301793,0.6551987081369949,0.08697980249385893,0.7498987152838177,-0.19771998929745796,0.5841495120723743,-0.8265246286279027,0.36404741791428935,0.015608698527007636,0.08164204132519565,0.056764871872177824,0.21990774954222356,-0.24689975331956793,0.1861432200087157,0.19794006531266317,0.13889910867972388,-0.3406793115569429,0.05190701510474033,Friend
-0.006634883844841088,-0.0021635596478444914,0.4825445337327985,0.1195045210274314,-0.04264571273928931,0.7671358837952277,0.015872384828685665,0.35808558150993536,-0.559027733197132,0.8601879151090784,0.0389866190468596,-0.12167364426624858,0.18883455798824345,0.2268204645634234,-0.29210266598092893,0.1075774161569868,-0.23449510616877833,0.5507231111827153,-0.35098879184670695,0.24592808205168137,0.6679870304899153,0.449921500865593,0.10044084702083189,0.02625357789403529,-0.5629060366146832,0.6963757224552551,0.09458970205290823,0.7387737868004355,-0.20564946000818066,0.5722237183417488,-0.8334355321817977,0.3911832653333194,0.041808349853902804,0.09826809673605,0.09498879610212255,0.2488928345782842,-0.23234658908396227,0.21643663991412646,0.2367481295410743,0.15684630343669365,-0.3854988047084387,0.032900745990239386,Friend
0.027278419737771675,-0.024337105749914174,0.4020843817554296,0.12488105599034324,-0.0067043887860705285,0.8222717752011225,-0.02087027100635939,0.3540346433304177,-0.5508841886798628,0.7862084088069132,0.01926127822610075,-0.1597029516629817,0.221126245480567,0.3155981630482019,-0.283355788800787,0.0859121879055249,-0.1450978467577431,0.48014710592739857,-0.42306074942735916,0.33249076171550496,0.7111197167012712,0.4405775674730903,0.004917787998000765,-0.03300135718164364,-0.578108923352317,0.6751438601075239,0.0708213378003972,0.6772342394186144,-0.20910007447516393,0.5941455991453294,-0.8608608751172268,0.4180478206825506,0.05583894308755548,0.09334934826581548,0.05604739369304938,0.2148144132988697,-0.2639030322623745,0.22241202958638348,0.2419755518521755,0.14158012138489043,-0.3051541549700423,0.06228592047766185,Friend
0.007745237329980193,0.01965054545584101,0.47837293002450176,0.12036949867235655,0.012200734969490614,0.8278558666272624,0.011481703703581677,0.34378265061643426,-0.6084396935827583,0.7959373176146294,0.006321239519084516,-0.1223111096023543,0.19304291166364493,0.3016551410321094,-0.2699179475092218,0.10147648437189788,-0.18329400253954,0.5130245579362389,-0.35791109343802924,0.33387012801551424,0.654237310819005,0.4117082747099649,0.06579842477339115,-0.05498812627308776,-0.5397433600961073,0.6987300584557626,0.0898376259278526,0.7353374236892114,-0.25601083421069376,0.6154062204849912,-0.8057070586268852,0.35167184709026905,0.04580075310800573,0.11917605869338282,0.10464825368519584,0.18709801489984026,-0.2500103206728594,0.1905020095312786,0.1849595635283942,0.15310926292981356,-0.4039978725976057,0.043352819221093145,Friend
-0.02808446690587135,-0.0020656470421879826,0.42796579341358193,0.128935614931589,-0.035537090936241675,0.8250378445830611,0.013095122461529198,0.34405531825888414,-0.5897965416933906,0.8109457313932452,0.01687774405330948,-0.07103105456151756,0.18634932726720804,0.270136466007378,-0.2815049965407439,0.10734349666075271,-0.16735175185236356,0.4559362258210236,-0.30815580525374164,0.28572840449886583,0.7121933517032751,0.39856462218824723,0.06891247017372788,0.0014831032894192346,-0.6248027217020006,0.6101436279159288,0.17419212970351633,0.7070270629143481,-0.19795242009006445,0.5655691157945298,-0.8741729103363212,0.4280261364356425,0.1459144592453135,0.08573766556477289,0.045462713387807975,0.23909869424670271,-0.25860747630494985,0.22019885286385257,0.20294478383457137,0.13397997098056308,-0.3463056256824031,0.05423822224141248,Friend
0.02280961317129781,0.04957360121518476,0.43407040035852495,0.12166147512096114,-0.04481339255669642,0.8120877343922022,0.0035204743890846525,0.354006325161759,-0.5504577622048659,0.7901968118027283,0.0025834826854718405,-0.06474982540880056,0.21615401924378122,0.30977477945655496,-0.29449806119797045,0.082648534088831,-0.18645936085190323,0.45721262845121774,-0.3222028900034149,0.3176800333429654,0.6582527346716427,0.387562128110393,0.057497364278722776,0.01492252825486374,-0.583231770313289,0.7189656581376492,0.08261633380666779,0.7450244622342957,-0.2190598916698623,0.5588041264547192,-0.8999083685493938,0.44214757110012404,0.0568776153346216,0.0513252403570378,0.07863540072421803,0.21110154661097968,-0.2177878334315147,0.2885447859095891,0.21602260957189764,0.17495969110113027,-0.3687569795686543,0.017400951430163403,Friend
0.030717747595772768,-0.018175178579288517,0.442244241695322,0.18781098250258343,-0.014575202729900144,0.8329166701085153,0.03448736435066151,0.32704775448516066,-0.575179739419073,0.7892361243536199,0.04395372016372258,-0.0577723905302252,0.1964015481107774,0.332004564880187,-0.27795424280175013,0.1531660159529633,-0.07656844656052605,0.5617505162717841,-0.3451258443051143,0.31794953782761176,0.6445925630548289,0.42435776221988103,0.054904377220521855,0.0012818966767925745,-0.5301919143081818,0.6516396359796178,0.08347781993865482,0.7369501611717388,-0.2447893430822944,0.6035514185910106,-0.8271510306633506,0.3991333772262665,0.081084383392397,0.07776845286695803,0.03760500965159792,0.2261242125995354,-0.1503317952209941,0.23136031799982243,0.2184110165196863,0.1408579401245586,-0.37267463221024827,0.006484264365507607,Friend
0.053851079513598805,0.00806732613601713,0.4545781684141627,0.14012214242707946,0.05826051398593103,0.8054418414373624,0.0170870355515396,0.3976138318515169,-0.5893116121323649,0.7599812417218186,-0.028998226730722176,-0.10093649963924733,0.2036804954847059,0.316388638394481,-0.31030552215144747,0.11897286254733236,-0.1893938460047136,0.5209084656227861,-0.30117669134452996,0.3678922508128086,0.6867572928451885,0.45635727373517065,0.02244079896850169,0.030980717002051135,-0.5976219433920523,0.6768079465102124,0.10764736780399671,0.6513498685737757,-0.1975489502699707,0.6301623051381018,-0.8962078019408564,0.42601045563227374,0.016009846679980642,0.07216681255855348,0.1168731377672857,0.19394029141013383,-0.23057820916891458,0.1660207161371492,0.2146877940763521,0.1734768537723008,-0.339413237203226,0.06502810126947077,Friend
0.04280506620691897,-0.016620848113624166,0.41737145779091184,0.11639153479866966,-0.044830894459831266,0.7988202169201086,0.018674371395323526,0.35796660592665286,-0.633909202998816,0.810338393594176,0.053246392845974155,-0.07801832201705813,0.13806525797110922,0.2913790033826747,-0.3047397040359433,0.12611647957416852,-0.17652393966593097,0.5396759361705086,-0.33707788394336696,0.31864714867916577,0.6748893341479367,0.4146319124347843,0.036721314436111305,0.04770799664011689,-0.5775551335404828,0.7009015254676488,0.11399847254604772,0.7203885533654056,-0.2055744070438565,0.6192927058263455,-0.854719097509464,0.42014623626018033,0.05358646587991256,0.09933171320204498,0.05178945660399184,0.25795054530205147,-0.18678899426284457,0.22528267173200536,0.24709416577769983,0.190400436996391,-0.3691846960881957,0.07606235617191257,Friend
-0.03848897683359423,0.005582063390044584,0.41364906201430185,0.1307170393061366,-0.04763481385352471,0.8292859477354606,0.011016496832984687,0.370830162267736,-0.5876875777028175,0.7554026224112378,0.002287103360002386,-0.11110655510865813,0.19448800931199167,0.3369713289566274,-0.23254795254232916,0.11879365827610765,-0.20291270625639762,0.46517378092724576,-0.3252610043586877,0.3058971133472207,0.6289515690177708,0.3852906162555278,0.08257509217895209,0.0332701409830848,-0.5643786264991582,0.6479441062137425,0.0853063304186349,0.7412840889210615,-0.22657534079716557,0.6276322901270932,-0.8631391336801069,0.41816552354552033,0.07234839293864227,0.07749745332577945,0.06535569592938445,0.26879919863849205,-0.23054329786549527,0.20139582967845743,0.21086397035391352,0.1216273905547156,-0.35451169515289804,0.1018699016449334,Friend
-0.024258430626584022,0.008011654507978081,0.44841486549633464,0.13253409459127036,-0.006457802448973437,0.8178860926673985,-0.01008061941772,0.3643006983639882,-0.5833479249343626,0.7578470856382449,0.02820711430540991,-0.09176760867859703,0.1687787203104687,0.29654742034015263,-0.32224439982541614,0.1051895103260793,-0.16399507449139575,0.4369285207782882,-0.37419083176889284,0.27908794046648744,0.6785864169085248,0.4136385665105836,0.016443800839359698,-0.003965467232994201,-0.5616540057547414,0.662942421243368,0.07809789750951561,0.7798268815329334,-0.22530542672404177,0.5993968520792535,-0.8911212659311742,0.4478388785182203,0.07717343078125563,0.04314409362625918,0.04592642014332332,0.21516709971152076,-0.2312231332291,0.2267255935250903,0.1724448778640019,0.15421227620986275,-0.3101591461812947,0.05186039322972807,Friend
-0.020828862906232083,-0.040026353862561606,0.43451262896051274,0.10164426737257953,-0.01628197228100687,0.8127223353026074,0.02397179152235909,0.3292400281840898,-0.6391424465965061,0.835688615040905,0.006237505488846657,-0.09194560406122912,0.16757926387887745,0.2794615813605148,-0.30015391690622417,0.08571305870380005,-0.19234328015952312,0.4870558234497035,-0.33069210386456,0.2886263775484438,0.6401302662071792,0.38970525254969196,0.0666167511604715,-0.0036721147980308087,-0.565410905250151,0.6397947418247235,0.1329603743734827,0.7097670981359387,-0.2109769790192873,0.6349538592999555,-0.8332941328031088,0.3769745557152241,0.018878789329082768,0.1302300116164712,0.09684527402374572,0.21006286209359606,-0.32797440948877227,0.21033815976071984,0.1590245047467927,0.13176351629421917,-0.3557013702658432,0.06045788039276077,Friend
0.04743944147831352,-0.011182096757242846,0.41983061493964635,0.16152547580553117,0.0068681469167628535,0.7855628681500423,0.02381583564110087,0.33229947553780753,-0.5646608729813489,0.8613669495190424,-0.0049527365773464165,-0.08255846543572293,0.14903863840415593,0.2595534771329546,-0.2658797286482851,0.12361859745009583,-0.19837933820630943,0.4877598899710554,-0.3132818889918505,0.26573658271731726,0.7286073373183581,0.4175892354897877,0.06101677704891227,0.02446210461383845,-0.5133835220906392,0.6884776115319665,0.08807777958860409,0.7476869621727866,-0.2528313778444948,0.5960943547420748,-0.835539539962202,0.4292014220028503,0.08066780772663984,0.13036218036499037,0.08324745198510498,0.2042353354781071,-0.18102616001292104,0.22339596547282378,0.22215334978358953,0.15827077595968192,-0.3278143293204153,0.1084372703874821,Friend
-0.011260292766929804,0.03196245076423837,0.4501508737873382,0.0740634951916775,-0.04656562018014124,0.8091855683535609,0.05317366554634266,0.3619127493434149,-0.5623490018577283,0.8884169349967436,0.03266347155769139,-0.10313287282822921,0.19113199761470576,0.3407803240945484,-0.32083212558191154,0.16286940971118935,-0.16461931216425452,0.4625496616460553,-0.3831537522029945,0.35356219754512125,0.650490379070991,0.4022692528843568,0.013985369415928574,0.08347825904340118,-0.5628521782870445,0.6192165507089257,0.086240593047998,0.7667593285889975,-0.2601421082265386,0.5936588663138883,-0.8439239825223639,0.4278426460873372,0.024238361997917637,0.10197399445543218,0.06221825238990543,0.23014313245080825,-0.20246786621362756,0.21512910403922061,0.20176596382752143,0.15233720508500578,-0.3288330200501823,0.029378206179675893,Friend
-0.06503722267445329,-0.00675884967565167,0.46046761092704835,0.12151585986781402,-0.020204386028070398,0.7855293961200218,0.022126350685146196,0.30469168376045697,-0.5655804661886479,0.7308586957304829,0.03301217747114712,-0.08578620568337443,0.20984210911626902,0.23387746988349692,-0.27397156267482925,0.10945559594706929,-0.11703863316499222,0.49834866721682974,-0.37495113991273477,0.258429189242503,0.6577681089926726,0.4247452336969637,0.077801544272604,0.029944394366771952,-0.5633964363908389,0.6496465551795053,0.0984644010035157,0.7614369894332066,-0.2412358346261181,0.6242658321535445,-0.8953911028164462,0.4479721499336139,0.07818378804958577,0.1244370113963363,0.12326432176225466,0.1511111017736728,-0.2082514838380722,0.22198535478353204,0.21797437215763973,0.16381222476053325,-0.3539406764129268,0.06107957655156358,Friend
0.0271798452874781,0.024788876587008492,0.4483709351632915,0.12838242178863307,-0.0038393636015385856,0.7840705463636789,0.07627006032953211,0.3055175706707954,-0.5629282624700528,0.8330439765051878,0.0009002191532593261,-0.08630368391802146,0.2328201181131247,0.28182950009526825,-0.24339840974146015,0.15927768064918482,-0.18640014759116189,0.4542552191043224,-0.33468631288898293,0.27193543804972253,0.5890701892019182,0.3857160251989113,0.10845544288210732,0.011087770735278253,-0.5544122740491387,0.6806076211364331,0.09786978385321929,0.7149565776680842,-0.19397566489056917,0.605699293735933,-0.8822801290605242,0.44149870050428824,0.029935223555088295,0.057380057763694405,0.01805358976532659,0.24561105976834566,-0.2357744770819785,0.23270228127506046,0.2060767629962251,0.11546578516594308,-0.3718055394528175,0.07789245757132517,Friend
-0.007865100509326118,0.03560443782458558,0.43551260593674124,0.15558745114300496,-0.05792166738916299,0.7896634354797759,0.011250962612823342,0.3017043852002572,-0.5520643385080732,0.7915267873166415,-0.005486383256645182,-0.056146222636969126,0.19977482355408435,0.3151243182537521,-0.3338376246023571,0.101774368374411,-0.102512675720317,0.5131184639773316,-0.3718492945232099,0.3158953034652034,0.6463417307914318,0.4422134576077407,-0.02486455665119143,0.03276138277784303,-0.5579889248632698,0.6262290381428673,0.09091050349681862,0.7362315730346757,-0.284180930990591,0.5661151039995354,-0.8841917585241275,0.39258210878242344,0.046928202990817305,0.09467114177309614,0.03948696593699342,0.2277733867822968,-0.2219246582984325,0.2312775917548273,0.16717460392847105,0.13774238453620585,-0.34348088448635805,0.0065258958976663825,Friend
0.0031857011539594146,0.00084293520964292,0.3715145378945175,0.1191763449409566,0.0054794879493152825,0.7901012899112189,0.008634535189753541,0.34832567666186043,-0.5557550992919654,0.8268564355687942,-0.0058636295382450965,-0.1389549017894589,0.2105153459974755,0.2563981164894873,-0.29859748272096814,0.13175896934387457,-0.13070855535541526,0.5260714514200386,-0.33782871425465755,0.2938596328611446,0.6401919916975465,0.4591572975454898,0.03453129730221688,0.04483732191742265,-0.5598939635526299,0.6447398587963569,0.0829663791829092,0.683471521923313,-0.19716440257374415,0.6008858850707441,-0.8366513512040485,0.4041108948970538,0.051881483802487346,0.06127550685677777,0.05745753838045073,0.19136711544419366,-0.21878475502048028,0.21114582253816316,0.24879571635165432,0.11286182616067571,-0.3246570867952312,0.021635265566024887,Friend
0.010326948142118994,-0.034363156416894004,0.45520290213229975,0.05868882878039622,-0.024561416428779646,0.7996397988080133,0.07552641936675307,0.2798000442788909,-0.5854902940479276,0.7951664290289976,-0.040669612317586756,-0.1289300571096714,0.18079801545709703,0.3057425756854073,-0.2801195043716467,0.08635610459795393,-0.22012539886015325,0.5000265083248228,-0.3455072999343818,0.3574871238170652,0.6656345616322066,0.4346953208571478,0.05954301711911007,0.04915067482589658,-0.5528249947997876,0.6732378818895558,0.03034933928990488,0.717857893811386,-0.25074571035941345,0.6426214194961607,-0.9095887907106688,0.40916550743947205,0.08484807059137468,0.10430238949706926,0.07181997953824353,0.2618465876013609,-0.22306210428663212,0.19156351757730392,0.16566135678318017,0.17119555294940256,-0.38424027154976886,0.043754419738674125,Friend
0.03235071575849653,-0.00663820919445839,0.4357926738767239,0.12561827293113195,-0.012022734046273669,0.7667208668187563,0.07318376476819885,0.3271609165028293,-0.5618903350405479,0.7801749902070534,0.033297761546916105,-0.09010453425462919,0.19568229642146356,0.29697837214335104,-0.27027767395844143,0.11892355289412922,-0.17041511617188207,0.5048201384182115,-0.37390791001700485,0.2702554181462534,0.6815796240477103,0.3401051304024077,-0.00725731362796736,0.07865986213885796,-0.5193154921134114,0.6424850504795185,0.12908043468104383,0.7559792686759611,-0.2167044267086756,0.6021340450830944,-0.8607451069122323,0.4415135709407939,0.08008537513030359,0.048793396018868146,0.12779278438637048,0.30067051603553235,-0.2881404372448073,0.22324054948302866,0.2659211055512855,0.18666295468279034,-0.33074915987289044,0.007833036584449123,Friend
0.023732842559030787,0.007175900939998566,0.4725152450750565,0.10294091389569902,-0.036588693922246646,0.7921800655311548,0.011487422664806912,0.3389173693982527,-0.5998079007030515,0.8046982551336087,-0.003170970532494037,-0.09663347972324099,0.15222443641212602,0.30715343110196985,-0.2749401482286363,0.08787577083964941,-0.1253135826263687,0.4626915519726237,-0.30398074417249077,0.3190271190594327,0.706228128766712,0.40568407351552477,0.060233009375089394,0.05419058188484296,-0.5085816762105062,0.6918466845182796,0.11255192106595703,0.6845098887624016,-0.3033121911473278,0.6005894869277144,-0.9009729971935895,0.3972422036954271,0.0583491420282949,0.11515724509805816,0.04817388095953423,0.2554264509925787,-0.22985979708165644,0.2090399168214533,0.26079933085077844,0.16193778935423642,-0.3627614087108537,0.06670564135715186,Friend
0.053914344055145766,-0.0014023120249159302,0.4623124336092072,0.13075812928348804,-0.00753518741967635,0.7817540520894549,0.006060504166247777,0.39452221827411754,-0.6020369495208199,0.7645095357606269,0.02057417037473834,-0.06465068678616467,0.2322068179574329,0.25589631459679163,-0.24937376619005028,0.18749878837088846,-0.18562897758778493,0.48227507407842507,-0.37659594338484736,0.3647553735472732,0.6314396487125079,0.38840474733073344,0.06676853227242616,0.00398207254320505,-0.5954708518088225,0.6580406984936148,0.17080974392857629,0.7172852542357833,-0.23704932290708372,0.5710350232442009,-0.867985687127849,0.44408562198242924,0.04263297551459737,0.11134537600765132,0.04884491361423739,0.17175904311621398,-0.2171436597303137,0.27014303658701727,0.16867254676123208,0.16197589567426662,-0.32184448920895475,0.04792900639875965,Friend
-0.04280502283489516,0.0013487458944043999,0.49383049216953817,0.11881068164821487,0.0025233156824841212,0.7648509960478751,0.01987883159926192,0.3552412318500745,-0.581646374711251,0.7977838434265471,0.03010174806998589,-0.07510027866874701,0.21699930410271762,0.2829424130247385,-0.30138672682403916,0.1846241933613938,-0.16097561966288845,0.4797724245197613,-0.3839617404945423,0.28116996993677257,0.6569416961209243,0.413580799469837,0.03254105676869234,0.02495838115049883,-0.6087948659427913,0.7017407894413007,0.07698035959820682,0.732018947790921,-0.24675396310558426,0.5949578410022719,-0.9033599224936117,0.426463017324515,0.03141183242770074,0.10470106914853743,0.0632359900063739,0.24747128055206252,-0.20900415493344793,0.19838413685877052,0.2155303795399675,0.14314603495704653,-0.3216548109836581,0.040219175346894225,Friend
-0.006053312174317094,-0.014064281939287085,0.42712740403842786,0.19501765321518366,0.010148378099491887,0.7984994411943792,0.008576392777668416,0.3770338384748443,-0.6017911780222326,0.814352140557344,0.08290051343773477,-0.123902793410825,0.211118567876688,0.3003866274442579,-0.2669116773594564,0.11718351508739686,-0.18287201701345512,0.49429183265665233,-0.35333015813207214,0.23919524792321584,0.6514772627832922,0.3908983839824231,0.010892399897304623,0.029032066754799603,-0.5885252543618238,0.6583047573452876,0.1641412402399349,0.761775349063553,-0.21309240376142086,0.6587786714390803,-0.8817161296930931,0.4157016853541524,0.029154210921410607,0.13361808283792045,0.12551053283266214,0.25579297552462843,-0.18816301591640724,0.1257914344980338,0.2747403279301337,0.15346420472483227,-0.29045809946888157,0.10293809418207624,Friend
0.02317276233261685,-0.010291059150428878,0.4538668665300402,0.07670597957955158,0.023480012354749485,0.7198066741957058,0.013902354596418571,0.38993760778117514,-0.5638002124683158,0.7648313219996989,-0.023397198033251018,-0.11310827464405032,0.19728260775132234,0.31802679681244356,-0.26463231199754766,0.09396799672083667,-0.14654235637580793,0.5092571543321402,-0.3249936743257683,0.3834899266740285,0.6980008111949128,0.42943308293449506,0.09950362522967156,0.0500059753515235,-0.5823290394206545,0.6968890104056582,0.08706323335201889,0.6954870215306536,-0.2577464896025316,0.6414422727876667,-0.8609311788634901,0.4493990016548296,0.07957482392129447,0.10093884651354443,0.07634109964057069,0.24630304026137356,-0.24893929683427002,0.16920254088101844,0.18999598556819666,0.17291820112510078,-0.38057226215326956,0.11487708056681215,Friend
0.013237896500798648,0.0035846246973117554,0.43092957324891,0.16147882679363906,-0.040802236757265214,0.8059299692892424,0.009797130415083559,0.3472683749492471,-0.5708337630495928,0.7763588951444662,-0.03331599349308609,-0.12313478893301696,0.22130858650493046,0.3029242738213525,-0.29484349501893636,0.18477503602149278,-0.12655139358292922,0.5188009034461701,-0.3613754411479928,0.3401148158493706,0.6864324870398928,0.37873044710430975,0.04010485404704261,-0.006650577879141674,-0.587201907169177,0.6252826520314927,0.127801683542184,0.7228374972280838,-0.2590851271269702,0.6200230342783877,-0.8794934525531711,0.4490890843357847,0.06482220018017226,0.05215779699189172,0.051898444980565395,0.19385483938754486,-0.21397436155796262,0.24044537128847351,0.15822999827834194,0.15285961900187015,-0.3265546169643924,0.004215497930659902,Friend
-0.013050474722095732,-6.890961282996149e-06,0.4811430002650216,0.15034739340210732,0.018027073967358434,0.8145306255801539,0.011669076002427031,0.39294269979919577,-0.6055492350714948,0.7273764439551618,-0.03720426477753401,-0.09869193280704247,0.18498499178605288,0.27563933633454174,-0.27825032385728266,0.16174346112735974,-0.15148349941022465,0.5069535500050731,-0.3720429067422328,0.29356091156682,0.6972219142707277,0.403638755754794,0.05753973845811745,0.042914178640438505,-0.56081166692504,0.707065109567494,0.08315897800039834,0.7003925237012992,-0.2837862260804484,0.6269599031298922,-0.896640179891243,0.4555540974826705,0.06826067229752776,0.08510844180871106,0.035161620382691716,0.253966033580414,-0.23248122152219608,0.21594561327516668,0.22268267760944718,0.16456708963253885,-0.3866316950010874,0.06662662220122692,Friend
0.024606022253270847,0.01080687108549404,0.4680901439292047,0.1557730458301057,-0.016325855576848573,0.78345010752514,0.08966662983863218,0.38341328456678775,-0.5868681354367397,0.831213633507801,-0.011318578038687348,-0.11315164325345425,0.15752404469512482,0.3003001135251022,-0.27383550017609515,0.1582454061719935,-0.1714653625285708,0.5194946810810437,-0.32006187957527316,0.38292132340088103,0.7262247216630117,0.4451630957884653,0.06829835301162555,-0.0023242993999444198,-0.557013548533022,0.7270345809809652,0.1143137018880078,0.7003119149478404,-0.22075807793947455,0.5748136593776301,-0.9052243780059125,0.4299608977604187,0.08300847664869426,0.0713357686246284,0.05001406081388006,0.18577943323113788,-0.23474341901194637,0.14953072661860065,0.19557508742295746,0.1589818112320014,-0.4138108252172209,0.020770843649632203,Friend
-0.0018027503297906565,-0.005897309611512506,0.4446088048984124,0.14264710331846747,-0.05459445737202563,0.817716628172541,0.013301198112036934,0.3257545666041257,-0.6413676229725828,0.8027014497889159,0.03217287458384932,-0.09093804131742,0.20005571987123763,0.2815589621547022,-0.2845729108785508,0.09250678316844621,-0.16524732565965383,0.47276399833751925,-0.3733932554662508,0.33178596442291647,0.6289612395612559,0.4161269619216317,0.060842318787550934,0.008685297357524723,-0.5348851001298399,0.6431577209052738,0.0807703790012507,0.688954614668944,-0.23109046543278797,0.5757420720973198,-0.9032879393317639,0.41561269365507897,0.0601168774533983,0.13295143668135537,0.09473174042085611,0.24510045320722135,-0.23526108720709396,0.1957910675590389,0.2037516617725276,0.13990602991317747,-0.3821650498373114,0.0486247867378443,Friend
-0.026351507823642463,-0.024507762973178214,0.4777659153926104,0.09261634367464305,-0.035637298115099136,0.834655040949879,0.011098844523796366,0.3849212660489498,-0.620442912446616,0.8129422299565282,0.03996678337846109,-0.12236435142544347,0.2451613187145867,0.28001977858797145,-0.26748375669355073,0.10538898463440514,-0.12035592900568653,0.4965978352064069,-0.2767308824062111,0.34451654758289524,0.7013222292277888,0.37174488267438,0.045743497929969325,0.015002142742641895,-0.5650105513027995,0.6640395476078789,0.072084135549672,0.7202683980445053,-0.23372882690638452,0.5741949521332598,-0.8555260365462429,0.42424847629607343,0.08521969520981623,0.10988998393640137,0.015391990194189471,0.20357153128860586,-0.18126825924680934,0.231464219207024,0.15590026041726407,0.1706948315889677,-0.3860945913354624,-0.011906103486721102,Friend
0.0497162700564595,0.002259774538407333,0.45562904415308,0.09630358290820501,-0.039038094858895325,0.7487077102922793,0.06537230326370634,0.2943406263366391,-0.5369184097722418,0.7811258521889418,-0.020024410716694595,-0.0968463754895906,0.174405053092733,0.29464913822929134,-0.30907115104417726,0.11632614052056725,-0.1878561397125442,0.5133338156018167,-0.32427058968331507,0.31657596388752374,0.7078176651040508,0.4082937796858983,0.04859185716934519,0.020903850504499777,-0.5872848135019431,0.6381866536047401,0.10351868487199899,0.7555024756237403,-0.21372624965741582,0.6214403492529909,-0.9127232359224059,0.43325887577478306,0.04884587514074989,0.1005455265254735,0.08336120095540707,0.1938844699705705,-0.22614248723117245,0.21499941619442908,0.23450848037850597,0.14108823681400084,-0.362973573532146,0.05608750962187334,Friend
-0.015503577919080525,-0.01605143263496045,0.4319104159249719,0.13017502544360446,0.047968646588578606,0.793694563370904,0.037489220610722164,0.3445882722460438,-0.5946477518759644,0.810002833772971,0.0398923351958035,-0.09678922845256085,0.19010329836335027,0.28468707108376334,-0.3125608594314111,0.15693332772761337,-0.17851242662485517,0.5315793297883252,-0.33230809950334367,0.35132094891972715,0.6702129617102919,0.3784030666784886,0.07452470517825596,0.007672035777405453,-0.527231264495566,0.6769693367629201,0.1430389350137646,0.6956711179011756,-0.20214183553789733,0.5822193893583683,-0.9514313005536355,0.44445142084476125,0.0606300408173893,0.12414584935295417,0.06956114460107526,0.22921494243905788,-0.18593349463572845,0.21146035281547998,0.1902844304443733,0.15394324714234428,-0.35640798709427546,-0.03435101245218381,Friend
0.014733154894131533,0.04076713603386192,0.44765002907741314,0.12138398667098281,0.007189055591122047,0.8487632478824698,0.03693886667698995,0.35007169509625374,-0.5971393362820041,0.778643872692347,0.017514194374721157,-0.0939379025617928,0.13696841625162523,0.26992676269388327,-0.24799061736954828,0.11798853571854155,-0.23877911645178246,0.5355323043199636,-0.3663945517549469,0.295036368382137,0.7080788660700723,0.3781361904672907,-0.015870942534132425,0.03102942815897089,-0.5418921044135754,0.6455346063231698,0.09541974524787937,0.6895713846084663,-0.26070106942228766,0.5948514854029677,-0.8600801851734168,0.420507162187677,0.09142357788522917,0.14488175698078645,0.09339791996498473,0.18087178270876278,-0.23937793976890007,0.2342214157225735,0.20096308910198712,0.10801427453742538,-0.3776965113309653,-0.017184970352137986,Friend
-0.008324868731329461,-0.02054763823487888,0.4383003150928281,0.16945097157568978,-0.044386010659149516,0.7749103512177306,-0.011389852012579842,0.3757805680529948,-0.5514848422217143,0.8215310228102704,0.02606065496564598,-0.13119535214520855,0.20090700384756313,0.25807295967155297,-0.28152063659678456,0.11543016797896487,-0.18292935098826626,0.4883461146696266,-0.3193314224004701,0.362408094787354,0.6927407905463623,0.46873808810939516,0.049255625622165206,0.07801908215760374,-0.5527298464261474,0.6668016117206722,0.09405821978537984,0.7339383005857718,-0.21788980700881921,0.5619782205842958,-0.8585369304304841,0.373054105517878,0.08185723952246739,0.11324203066135707,0.10943818063328986,0.20270761132855952,-0.26047767663763643,0.24112930268236338,0.17230425975411062,0.12139750137456942,-0.35487860641496216,0.049587834872050054,Friend
0.004660660066006964,0.016131801031454923,0.46541900196292735,0.1316705306242637,-0.0029993713732512062,0.7944472680854919,0.02392125155732855,0.302017018546602,-0.5627302600194573,0.8421997662036024,0.03593484353657876,-0.07837010830538853,0.16521329972973198,0.24927253432713345,-0.2578296718927384,0.12658767619600864,-0.1600183730050241,0.4939317924842499,-0.3319376964481122,0.3285406092800048,0.6733483942696253,0.3432455897010906,0.06388003993892502,0.041828861052439686,-0.6046367059198987,0.6246265219692646,0.12559479784471256,0.7585374805125401,-0.3107463809113213,0.6177270961962588,-0.8861579425584069,0.4197988468601664,0.06476043287498448,0.07240914591971967,0.08638086291561624,0.2079262028049939,-0.20845421447186419,0.23698242080007986,0.17838466796131922,0.13116291974983801,-0.3577274776144482,0.09609827935207488,Friend
-0.017781270724550494,-0.012095893942706803,0.4587518569898042,0.15371012911025186,0.011365049961910473,0.7974256347146186,0.013697451571581988,0.3535951698663328,-0.681439056618783,0.8668063797659857,0.011237789364770712,-0.08971627294453688,0.2579127285786994,0.26949094524781847,-0.2127929241740673,0.1479204557405611,-0.15170814541438876,0.5068140047430618,-0.3648938291956374,0.25967568667452645,0.640797331961978,0.4330208881750232,0.015160728607124956,-0.02512048875765117,-0.5681768683086222,0.6768489941924375,0.10026459819271454,0.7431568827631865,-0.196186760649701,0.6216401618740375,-0.8841601362783402,0.40124438974838655,0.08394623737021582,0.10353285771800036,0.04097775935070165,0.2676361521608126,-0.22299970418135653,0.22749895047462948,0.19278888143275025,0.19051595404970392,-0.4086978917571885,0.10125350604111369,Friend
-0.05816518380565372,-0.041298655966876575,0.4566745998590593,0.11808403244920439,-0.01429392688702046,0.7805241147291999,-0.0006292408567542575,0.3531498092982428,-0.5868788115848265,0.8372737850097008,0.019217121855201597,-0.1076896745897411,0.2181653799071089,0.2367631449589374,-0.3602086305514036,0.07809595876234882,-0.17540999760201598,0.49924108744324364,-0.4197846399132609,0.30879608088911625,0.6655739083547547,0.4045072572724389,-0.013999585421160546,0.10296046197880244,-0.5648221582526863,0.623092561602897,0.10298829836953158,0.7698104756465319,-0.26943664379117227,0.5596577256030718,-0.8830797482361367,0.41659283561197863,0.08210424342652062,0.13953221320739884,0.09020077982246599,0.18694008047883617,-0.2629958537574324,0.18396252669550447,0.22787970161642485,0.17479568361477354,-0.32329103417052407,0.0677319873643612,Friend
-0.0188241345134627,-0.00590402032005867,0.4052770403258284,0.15285104304483335,-0.023225765346575087,0.8331857746999665,0.04087193021751953,0.4017804714542299,-0.5728280815194131,0.8227609623415428,0.01133641808285277,-0.10672247945305065,0.18717177900762497,0.32170471281937696,-0.3232147692078377,0.1276304390920371,-0.21509428568620517,0.4986862983646563,-0.35340516789670534,0.3242530462093837,0.6539362979270704,0.3926890412562364,0.06219855795795097,0.02827890060171066,-0.5195135689774392,0.645161540336305,0.0820654289745255,0.7620690261578175,-0.24185275796522937,0.5921052562913331,-0.8680455068551238,0.41265830409288573,0.05147573912869903,0.07448355574691834,0.1076705033309859,0.22405138408292954,-0.24772905037730136,0.1990050386123483,0.21519708243530003,0.2004330212052366,-0.3662107180646309,0.025104752359807383,Friend
0.05756607762801527,0.004066528932277777,0.44594187112803735,0.13616175437060463,-0.041807769499484365,0.7950946561692067,0.04565125984166119,0.3802440932479252,-0.5961682737377947,0.8163673674194301,0.05395117924986338,-0.09405933992396351,0.21651557617680214,0.30445961025624446,-0.302684731586003,0.0982465854951929,-0.13332470744035424,0.4072580675130746,-0.3597079653019465,0.2672853731717153,0.7080350590268599,0.4413418381320409,0.021497896134112442,0.10744955655467296,-0.5244808727848904,0.6655225834489199,0.14410474507386667,0.7057134230599804,-0.23913488398669916,0.6183981166827481,-0.9003001022657908,0.37904460936483636,0.03268234062738415,0.089372918798371,0.08088021520318707,0.2184339719878,-0.2800598714181758,0.22202116150195272,0.24275066168107667,0.13679615690858363,-0.3112534258717401,0.07705477542588252,Friend
-0.0316247417839641,-0.019437283087777257,0.4397302941209846,0.12844841465724852,-0.07759535850149253,0.7738620450076482,0.006253990953530016,0.40035728282758837,-0.5786141900306123,0.7867883034261213,0.0036560453464201583,-0.08243257881693984,0.1835927191863425,0.2741698864039493,-0.29935271037342365,0.14012253424319016,-0.20655579503936936,0.4548900616194599,-0.36747862553935184,0.27602157371844327,0.6515022260813739,0.42730426050200565,0.07431855093366521,0.03265367384173126,-0.5593529857686819,0.6395084661038232,0.03667226571282377,0.729280820852099,-0.22190506833353063,0.5842915517713739,-0.9118207080836578,0.37937145244227544,0.06585117009124,0.09773055267786752,0.1026374444457007,0.20440739416346357,-0.2395026484328291,0.20842756395495743,0.18805366512132216,0.18176497794184387,-0.3239927608761841,0.01782156859939149,Friend
-0.01374249541231676,0.03973664886376679,0.4588146117864575,0.13752307042785228,0.005793241012081479,0.8161335094429466,0.03453793471576593,0.3500483360438704,-0.5851347072553807,0.8511754940415666,0.008823445140119146,-0.09514809485233625,0.24149114020844537,0.30150206751504327,-0.2847540274325367,0.14465302361160587,-0.15828565827166746,0.46532358720993355,-0.3322962306835848,0.2848813681745788,0.7310144126950544,0.40756170245481904,0.01508165219933303,0.012723536409126247,-0.5430100215364245,0.6268740532401145,0.18071899003120467,0.6813076865445382,-0.20306751555097266,0.5899035282648307,-0.9038045410909562,0.43370587962533164,0.04720338605341041,0.14302001325169417,0.02476199861068628,0.2454390402174455,-0.23912127420332424,0.21679991282862,0.21997228241666997,0.10464594495764525,-0.35411693170449043,0.08366018299225092,Friend
0.013991613888602558,-0.011063114966538728,0.40670554736725945,0.1492452278028613,0.0518392452928996,0.8163128967213568,0.05759458832677923,0.3716309878499423,-0.5972143247600878,0.813443404729868,0.042867662691410804,-0.1425768098923717,0.21448362571847307,0.3294978067273776,-0.28429723315037747,0.15015121657899602,-0.1817354953072689,0.48864407358322204,-0.34784264969366563,0.32293876797935644,0.6730754741549633,0.3501130122278361,0.02168405130969194,0.08277772003076372,-0.5487713135732217,0.5966702797520601,0.13533962220315884,0.6903806311780594,-0.2040359176846891,0.6432688296364423,-0.8764878513326753,0.3876671332260331,0.039367184715700845,0.11415117190673846,0.032736224811775017,0.21111389149691243,-0.21547777923918732,0.18837630428150218,0.24717287894582543,0.12545211744916995,-0.4597818456347688,0.027641958126369753,Friend
0.0093037023926858,0.025899897366045165,0.43686803470760854,0.1256898113535609,-0.00537056163326085,0.8487141934621886,0.034225789395237696,0.32885729079030024,-0.5238690058757987,0.8110650119854734,-0.04544753619269275,-0.13679000820035078,0.21167843649237517,0.23841345533798397,-0.26781492268399254,0.10233158418025648,-0.1297728605386923,0.4925224298941602,-0.38875995170089217,0.3365710786241877,0.7171191689720445,0.36209339466597634,0.019144214077914994,0.03957398773882775,-0.5453459222099282,0.730205293427791,0.1258323162429782,0.7969887935437432,-0.23025483275854344,0.6160106044296748,-0.8965824160806659,0.40189583216053104,0.06523510882974481,0.07779830273552932,-0.01012182909216136,0.20856666552471875,-0.1985637749338603,0.21009581679112518,0.20690172189930953,0.13369115274594198,-0.35114863335526897,0.10074832933402553,Friend
0.042021191251125224,0.010976067303102435,0.423507971404899,0.18702265832450793,0.027333310768888775,0.7520315053447524,-0.02984080525940395,0.30087754217456397,-0.6002320084684398,0.8377822494376023,0.04315051090785828,-0.08496361002495814,0.1907177118675369,0.3628695133975466,-0.28173681408815643,0.12312106299650484,-0.18033170168552007,0.5538568431301987,-0.3180222821186863,0.2781097471388161,0.6416223482559686,0.3499972728553158,0.04032478574346588,-0.0204518517384473,-0.6008254529270485,0.6916581647196446,0.12583494903757278,0.7697073312192579,-0.27494677015008423,0.5744322003949789,-0.8983954904352446,0.4667764686285834,0.06270856246571314,0.1499341914817487,0.08562408123727336,0.22519804505967705,-0.21364946045515432,0.15603011600266725,0.14292231280545792,0.16437223193278339,-0.3607050823857849,0.10899710719916628,Friend
-0.04136849182635376,0.011173573561425572,0.46997804971622514,0.14429109975216747,0.028524410178373403,0.7774856588352972,0.04782996998045182,0.36048623899137167,-0.5504463310883384,0.7953938577214507,-0.018774133540053865,-0.11404189228220428,0.16303958535031313,0.27478093256839003,-0.29278495447177905,0.0983888791260548,-0.1648711371349061,0.45212653117032053,-0.34184529212352266,0.2942877199330576,0.6725743116331998,0.4121991331592546,0.0306809424683442,0.0011635851303919663,-0.5854332261759326,0.6903016225499262,0.13739451049191392,0.7095183020683099,-0.23547315576744957,0.5533698443603354,-0.8849967703683462,0.3740272549193492,0.046171975511871924,0.12759460014572502,0.021743765994721075,0.20151036315052845,-0.2577775215041674,0.15784594312869366,0.23043060179035432,0.1649116416271453,-0.3068715172457967,0.021129029180660758,Friend
-0.05316454116558813,0.028239564564060297,0.43829455798471795,0.12000799410687893,0.039896822317507366,0.8015496970276892,0.04998889523518591,0.32496106511642425,-0.6071762982999792,0.7997675693203331,0.036922965127486135,-0.0936582027166986,0.20897016349021022,0.21363329640223888,-0.33921550502014886,0.06112024604088312,-0.17648316012744403,0.4455672476620407,-0.2889596365195199,0.3085028382547279,0.6827118960040859,0.3677046304644416,0.009598231788653676,0.07103962136632433,-0.5123249993181342,0.6720825846425692,0.03815262453870533,0.7122009279359951,-0.22143913738174367,0.5976628162982606,-0.9431435347630331,0.47305938717904666,0.0357572803209268,0.05503895390737502,0.06587446898108885,0.26409828990299844,-0.21547410495950475,0.1684423265890735,0.16013162920615098,0.09084713869954077,-0.36988528203666066,0.03679585312899371,Friend
0.01541611813939425,-0.020565307283380425,0.47833091755435253,0.15364724209213923,-0.02631041933407626,0.8081920639914624,0.06273218355029314,0.3148193071694017,-0.5918217949724467,0.8037451190656343,0.006080515772348829,-0.0711283160878515,0.22136381160203683,0.3039304678115797,-0.27198840199829205,0.10886437035049042,-0.15518850572849477,0.4489419545726817,-0.2652930190640127,0.34965237911429514,0.7049073437014576,0.4126485153234581,0.055503335016322056,-0.0262011739683999,-0.6035557150488929,0.6255888320150006,0.1008555810276117,0.7165196461105817,-0.2064973114006978,0.5755353738054784,-0.8487401503549001,0.3929625113748837,0.048283189803034435,0.12213677042160892,0.08194039246769312,0.1910270063033574,-0.19894278000205484,0.21058113516402927,0.14028324024682237,0.13131404336770866,-0.37342593937964214,0.015908428341550533,Friend
0.04028137930155741,-0.01124276546817617,0.462925182158022,0.1402043463291399,0.016728391436133076,0.8466483454012291,0.043134037325058314,0.39591891095232334,-0.5643544012449435,0.8146747231520775,0.026455650011716007,-0.17394626151062814,0.18127667042976806,0.2874227954171998,-0.2696148261557016,0.12496533443129777,-0.15508806506802356,0.44780134555126583,-0.38708956559232566,0.27365042195528516,0.7233470756425079,0.36236142821538764,0.019569724379504952,0.027657066608643796,-0.6135460573607563,0.6334375794466289,0.11940851353765458,0.7118239998499993,-0.18033257499447605,0.5535451223421639,-0.8899066477427396,0.40444057676323986,0.06055407428156042,0.05847051980448483,0.0493864185152412,0.2522443888858053,-0.23894663802225413,0.17581970902822308,0.2669509452696879,0.1580674949331244,-0.34273682499848473,0.07391291053684426,Friend
-0.002122734683532271,-0.023692309136420522,0.45509562300089207,0.11300336752881487,0.006703093929481135,0.7915296159544981,0.05374547110310897,0.30939547189645944,-0.5638664511285678,0.8291421728868626,0.009641268192553395,-0.07327933905829825,0.20749812029589554,0.3117448254581805,-0.26465097191845177,0.1272342341822352,-0.18299047342097613,0.4692643876008364,-0.3460886720384583,0.3344386878137276,0.6951787088748286,0.43057783827445373,0.07641622112447963,0.0179926618125774,-0.5069247187528246,0.6564885228045231,0.0842881657942844,0.7349652612605285,-0.2163258028476887,0.5822550032177245,-0.8842981121163521,0.40416477725517824,0.06506838614309568,0.11914919813803773,0.05882347656203424,0.24575213562215145,-0.2725300261987789,0.2346051209276712,0.19094652676495993,0.1424566562334654,-0.349126946896443,0.06457562410766572,Friend
-0.003369239398375645,-0.026663961179871985,0.4347326249041439,0.13686398894960775,0.010251264328675904,0.7717683536236668,0.0036587583875430305,0.3515287947335152,-0.5879187966156991,0.8151237133269429,-0.061621265399017106,-0.1040325734104744,0.22052941841798604,0.27325402296451023,-0.26816068789164277,0.08946828367858642,-0.2119878965749978,0.5000315712761664,-0.3412832279888179,0.2990677787175227,0.7016052349217979,0.3910431714284556,0.024249297054881276,0.0022778620679886653,-0.5943677244791485,0.6736073554650842,0.08974211779321171,0.7592409001310112,-0.3194071120516569,0.6321870125456991,-0.868749663582307,0.4148491963705222,0.02207970092391555,0.045477108112639546,0.08933347357258589,0.23583508418129864,-0.22416803673381308,0.20483742095607152,0.23004366646079008,0.1390183453040796,-0.3712292980948361,0.04569071339303924,Friend
-0.0064097965819024,0.0400971747379737,0.4114865545654507,0.07536960089028005,-0.04806475707104704,0.816966354690022,0.019839782107324937,0.29567886955283906,-0.582432007911382,0.8010092035399561,0.033596804772123755,-0.07135721327705317,0.2704761028936785,0.25626574747307507,-0.33863926000433375,0.14340414931952386,-0.13550296538816028,0.44922621234919696,-0.3778911440039707,0.3194753758546614,0.7276457269900244,0.3741001314535596,0.0458398783718308,-0.03247187954240614,-0.5717549352880678,0.6561984917882825,0.14313127300875694,0.7037649380425394,-0.21024485016174835,0.5813489474244408,-0.8768285842101738,0.47989355551873475,0.11461514179192166,0.1540904658745603,0.07872792109938721,0.22226281205851722,-0.22231682824704527,0.2218929943596121,0.21622887916538536,0.13525290438449114,-0.383683937184127,0.03310084370668146,Friend
0.03210946280959705,0.03537111379941397,0.5446227102719235,0.14677608958134014,-0.028096843771006533,0.7820901237395205,0.018137955705187968,0.38882794435554513,-0.5634337942879069,0.7703245066340172,0.015106659522036383,-0.13932950133875333,0.2127056726518597,0.270526038243195,-0.30109347768833444,0.0693686833721687,-0.14239979234649544,0.5237570453593151,-0.3604375472996694,0.30428393856816294,0.6618320345609268,0.3938505973639635,0.018638213014981055,-0.008505076739270524,-0.5247387776802208,0.5804164592690715,0.11422848771707558,0.733465238593727,-0.18121959375579622,0.5974102283143231,-0.8906776393051155,0.39332008728578316,0.07148900958747538,0.07402648094898281,0.03293719205235908,0.2064581686729316,-0.2592689936648914,0.1777328454073938,0.20710870341196405,0.15075840274474675,-0.3446493628918713,0.05540547745223062,Friend
-0.03608165147332062,-0.06367652316542707,0.41743493868781495,0.15691971035356767,0.017789326308231435,0.8259971517398855,0.04800121970130174,0.3762548519980909,-0.573232467297377,0.8648169943618649,0.025621484318406676,-0.035207290846845145,0.1761396770017411,0.2721720892981657,-0.288527931746974,0.12460623939752745,-0.1747416651266694,0.5036870802367206,-0.34271889792547555,0.2909291289958107,0.664330395845018,0.4369270892087617,0.052742849845959894,-0.025785844487230713,-0.5204786364758909,0.6726131825591517,0.118278983371856,0.7528374148880304,-0.20141519861676055,0.5769283966637988,-0.911644995678021,0.48946595558950806,0.03987976643791531,0.1066330318309893,0.1157447038643325,0.21526550723974275,-0.2416682719057857,0.23570546878386003,0.21093565364001046,0.17144787425609043,-0.3635499409864787,0.03519759686931699,Friend
-0.009988233333061513,0.03581927742263982,0.44025112905107566,0.14686842660498292,-0.033507982046592936,0.8576652004417337,0.032429265123539615,0.3538288475754576,-0.557633597014373,0.7963018916688867,0.0526244106842078,-0.14067435590707328,0.1764987203885089,0.26769343960242087,-0.3391743894841131,0.10987007144767252,-0.16666289312431307,0.4547994883295799,-0.3766789756138538,0.3103766426712152,0.6738114970301916,0.3924260621063087,0.00524392218276009,0.012666353225778465,-0.5857856001257603,0.6621842804005716,0.08234009086653714,0.7238026534783575,-0.2701616902407542,0.5625963989279372,-0.8628123521051103,0.4405344923864185,0.04904037501749938,0.09610251155908052,0.05330935899807348,0.26148745795977435,-0.23695762771430867,0.19294527659833385,0.23353840306479942,0.1333720914124468,-0.35643865360184246,0.01953448148044415,Friend
0.01993648859824305,0.024462565786334756,0.4104588787739186,0.09066746267418445,0.004212281136451793,0.8546813958311388,0.04938215298471285,0.3372704416491881,-0.6110509970461397,0.7742451180481408,0.03832419764493261,-0.06750198181966602,0.1759965523874509,0.2843284267458005,-0.2813477650789318,0.1801160167777851,-0.16314974974257132,0.458068488250166,-0.37434854854399846,0.28180765904826244,0.7141319026959425,0.4157926059286273,0.032863064911307804,-0.06325643682589632,-0.5913763332057219,0.669927007081072,0.10967008808173098,0.7352690440598473,-0.27125630565134495,0.609811846116631,-0.9088158668369882,0.41763065072284894,0.03778887042344288,0.12738638582783204,0.07692416378027281,0.2242737054492795,-0.18945326880714333,0.19673677080587074,0.16209724751129234,0.18827070668104318,-0.3535708479365859,0.04142826572019291,Friend
-0.019312358503060047,0.015323506295225105,0.47352874405379364,0.11100526886978945,0.012516236141790104,0.8039750091893303,-0.0020195625078857117,0.34375623856770837,-0.6018215362426679,0.8479389109662915,-0.002655551297490087,-0.04991899149651111,0.19887367716308377,0.2393648804731558,-0.3479500133768091,0.11947240870121313,-0.125095558885614,0.5244156392309766,-0.33465988706722166,0.28703233016639507,0.6636922801030349,0.40661889227265635,0.07584706902038241,0.041578455559951176,-0.5367488320700561,0.6789181639835853,0.12727160685505162,0.6571292849750117,-0.2576138960126683,0.5713574207607985,-0.9155342552581488,0.4177410257134038,0.017403716620660113,0.06696043926184347,0.06383958941611485,0.18046242232689974,-0.24544964176837172,0.22707683686705263,0.16778691210553032,0.18048346344976346,-0.38532235188848907,0.059138058262548525,Friend
-0.033186099271940814,0.013600791834141797,0.4400122092021668,0.14799262507453292,-0.020799960329783714,0.8131386868627236,0.048270012452323485,0.34723223652643104,-0.5998082110263823,0.8037179214932166,-0.021115976356992475,-0.08909765161616467,0.21362023249534356,0.3387183434119801,-0.243507138288557,0.09641101265843806,-0.15874112032308174,0.483507453390136,-0.30310939274829285,0.2878692074275901,0.7025536715508024,0.37078742298751505,0.040048436894564124,-0.002032877369794229,-0.6247485922601055,0.6324754073953577,0.0913796876276835,0.7677503510457075,-0.2634577132092169,0.5863299049715734,-0.922749025494792,0.45223229299746665,0.047008236795839105,0.08512242765758646,0.05636871794354879,0.17005355275227724,-0.2748627677657076,0.17935807980598575,0.22302993904913973,0.08161716682155645,-0.3448979417231395,0.06128153427282028,Friend
-0.054446688436122395,-0.009509163232587678,0.48403550605610196,0.10189107729614214,-0.021003270785621874,0.8792885051498065,0.032639957072081754,0.3359006671391949,-0.5997337174652179,0.8219205534846947,0.037359215383165154,-0.15985805074551443,0.1279132674945142,0.2617888568828442,-0.28737175712777274,0.12799770094270038,-0.216208101109006,0.4813535342863601,-0.3418044463921002,0.283648964944266,0.660176531785352,0.37860336844920833,0.05715688370411537,0.024708547983363374,-0.600065879129733,0.6882593267385689,0.058086280751341604,0.673578011622756,-0.2381916833223612,0.5969952155194865,-0.8773549413805527,0.3821342896248845,0.08761451287176444,0.14671556313427928,0.06615130339698169,0.23805099828677764,-0.2943188288833214,0.19486484773400303,0.18366954262576657,0.13085135984122231,-0.38086216819091,0.03425712799349234,Friend
-0.04364798894877223,-0.014618038923330795,0.4178692497425309,0.15765671701269082,0.005465921003567747,0.8064078265531962,0.052166612410654026,0.3188521118053187,-0.5773282881045286,0.8428353583919714,-0.01007286478822339,-0.1560603430228349,0.1742105571666912,0.3204258968741655,-0.31134854650960964,0.11177764691768263,-0.18849519663727315,0.4817864351210261,-0.3711043482084653,0.2646506595758725,0.6629858352910061,0.39228613034391885,0.07672231514408072,0.026490327506928427,-0.6009488217350561,0.6376574666920487,0.12050984370864942,0.7122507830039609,-0.26363036874956464,0.6069716749436352,-0.9032351972345739,0.43191826466390015,0.07171108321514343,0.060852020482241,0.12034981152727048,0.2248822206283986,-0.3107778545920251,0.21932818890787575,0.12660125792415522,0.1877894012073533,-0.3594252709793887,0.04660312345813677,Friend
-0.00253949284476147,0.015052330363608809,0.4321650383866655,0.13115996983958772,-0.0034427749013697887,0.7074781534099549,0.03814211254932445,0.3639835644457897,-0.574399040718881,0.8196302769466705,0.06215553204955511,-0.09905682237955112,0.1920923946371456,0.2696157752740259,-0.3427185928185741,0.13691876745275286,-0.1839800225870194,0.4272074728445565,-0.3444549235984407,0.3035001787380533,0.6667562122337796,0.4019184604486932,-0.006151123686655338,0.051716941790009366,-0.5553414064459772,0.6943410424506526,0.0799170041141094,0.7353208898069237,-0.2894466800962942,0.5769493511163781,-0.9232529268285681,0.4228202826619645,0.02513903002076967,0.07960269579868794,0.0641320717421522,0.2137972265651089,-0.2728992514779915,0.2547447650516794,0.20546127954628773,0.20369751989567195,-0.39464126747956735,0.0371676896969913,Friend
6.243824717550955e-05,0.04342472746379805,0.4960106815896202,0.11843468973473191,-0.028880720368438105,0.7937458822187429,0.05632508046960839,0.34516670569046903,-0.5784230826435154,0.8439126009581943,0.045156542845992256,-0.06568093280071075,0.21359260230566218,0.33229317188123675,-0.3192079258540562,0.19320850300169756,-0.13329356952688012,0.4826877934215139,-0.3063578372471726,0.29872099511676475,0.690456008245677,0.41815764011219086,0.06909242365709822,0.010712222954675157,-0.5392958660387026,0.6463508689478947,0.12103427389423775,0.7244289050853854,-0.2855559555252873,0.582399022796576,-0.8540948740809478,0.40846440679190743,0.09722853428649837,0.05887464738818283,0.08768488521286955,0.22714471711500667,-0.23826815539714238,0.17256237607259628,0.21085004779506689,0.12632759510738925,-0.3802189707735014,0.046768544808457616,Friend
-0.010971758231314094,0.030833694544971996,0.3714150952486131,0.12865545078608223,-0.015327328111090522,0.7962014955813661,0.006534777684677438,0.3743569197160714,-0.5931533437716833,0.8147171528876087,0.043579641231682974,-0.0936251292447769,0.15685504847603784,0.27893274215356473,-0.286479968547916,0.07633375750693869,-0.1864586229606641,0.4854490422835159,-0.27928316123293173,0.3202774460542332,0.6809434146095473,0.45111723302644674,0.06086331723933831,0.046369310351597914,-0.5780042425259114,0.6216436894823455,0.10695448616155821,0.7796312439933635,-0.18544620084339036,0.6242370283712843,-0.9001366875860584,0.37105489946307546,0.036154680444749066,0.10180477571325129,0.05267041962130667,0.2586323565032347,-0.2755402408962186,0.20404878926217523,0.18154878087578738,0.18633312742645047,-0.34485881451632366,0.026058414350090955,Friend
0.025626291636673303,-0.04868290355956422,0.39552484382290076,0.10745161157939204,-0.06393100132823042,0.7930799241581643,0.020439379280964235,0.33147537492363927,-0.5692544880145831,0.7890270132525011,-0.02211711305394642,-0.11910215829750725,0.1583200539650914,0.27337758131317863,-0.26487593530903736,0.07303807609808106,-0.17529501487287616,0.5162255908186458,-0.307497965309646,0.2886836168032579,0.7426079590395948,0.3688501354053029,0.03637377013439249,-0.010606168922186295,-0.5528047923510129,0.7436445460205358,0.15441729055163028,0.7503570848807032,-0.24906187502321467,0.5994638150383834,-0.8460571604592745,0.44005910797501413,0.0633096206048083,0.09953079999345345,0.09847177947243492,0.2676720941304898,-0.2758867351474295,0.21472243777793099,0.22189463435210285,0.1406298139321747,-0.3227665219148937,0.04233295908009238,Friend
0.03920370246995889,-0.011050270526504901,0.4569009328504576,0.14112456991627645,0.045434831054769906,0.8186867371571622,0.009133661787792517,0.33547284726642607,-0.5937070360260678,0.8112836874441178,-0.01152456577984785,-0.09762515245005024,0.23597357630456423,0.3314397740083551,-0.3297019743500015,0.07403476609420764,-0.18289829117405138,0.4341239035550783,-0.377550905585278,0.3196806546843669,0.6750747515730052,0.3487702419256885,0.07832886355187024,0.011843632590949742,-0.5813457030665998,0.6901045987537276,0.1114314380817694,0.7236926492999306,-0.2456748016024969,0.6215904279733674,-0.8925229281251418,0.4107228877060037,0.025527227144693583,0.12955023775600744,0.11337862729753795,0.23492748260893806,-0.24544904794729888,0.23597503849304113,0.22220896525079348,0.14328141372137762,-0.3266028425352191,0.03825487548062799,Friend
-0.038583820188580566,-0.0019737572444202063,0.4816500136335151,0.13708976753781893,-0.03962301033694224,0.784363094096525,0.058752471272028525,0.3518552206938109,-0.5859883508014677,0.8068163713132255,0.04920828259739443,-0.06474517468802458,0.15289598263530987,0.3199281167462995,-0.267263771095874,0.173520197992221,-0.1671782893952125,0.5215540254315131,-0.3255812901246888,0.27572745779400076,0.7068291722359415,0.42468103222844816,0.023730082052254978,0.033187819457004476,-0.5025647463292413,0.6451167582349798,0.1208901170632605,0.6921188727464712,-0.24794642763384803,0.6288187061428776,-0.8718381160366039,0.41153679259655235,0.111896995745272,0.06761905022218506,0.06242137834288594,0.24332386146096588,-0.25700982644598075,0.22318845316155794,0.2367897008985415,0.15315643944058793,-0.3816949277384411,0.041615376959558165,Friend
-0.08035224330610469,0.03018370992155554,0.4570574026846179,0.12871392702692605,-0.05444767735103298,0.8297280059178646,0.00973512041811237,0.3605977820397725,-0.5857637562831152,0.7622818122810043,0.05486826003061883,-0.0628276980405641,0.2178523414053723,0.301175687829664,-0.31868081779971813,0.1517995455640686,-0.09895437917521158,0.4909811173045279,-0.335578630277147,0.27608921192528724,0.6140992456815908,0.3896249260771989,0.08767791957544224,0.06481522367085245,-0.5677596174064572,0.6725118030992814,0.06255420697040746,0.7283020596089872,-0.24657009626348844,0.6061419390285709,-0.8877781552364599,0.4087987357004315,0.09071406704428239,0.15419111017999315,0.06171708521575444,0.27112959754276567,-0.26811152776938985,0.20514438809929392,0.16566362851827596,0.14722358535973706,-0.3396661780021356,0.08454760491930008,Friend
-0.023355763835854568,0.013741995620196533,0.4860195231535719,0.16663854436581854,0.00332474061038428,0.7787812990441948,0.00219794992926926,0.3183609860723332,-0.5863703024919528,0.7860341013285576,0.03715314793801382,-0.08833510437056262,0.20042184059399337,0.2365160057076902,-0.28192305796130807,0.11195707363214735,-0.10011181577522917,0.44909861770292836,-0.3458120168603444,0.32063734264415333,0.6470298587686846,0.4582459745600014,0.10169151884724975,-0.0012500676316334475,-0.5835516148951188,0.7240123110813522,0.14096318311314704,0.7138848700511675,-0.21789408815323827,0.562899953579536,-0.8136364040348416,0.41975976646212515,0.07838969098870821,0.06722204976240752,0.03271803103158134,0.24210342451565575,-0.17337562645276242,0.19169719299441165,0.17517634841821564,0.1657484270199621,-0.3120213526678903,0.03183091433598412,Friend
-0.007496786049694642,0.02511372993648107,0.4774521571840367,0.12547340347706887,0.02845541702703752,0.8123198767603229,0.02334875465544645,0.37071417823611164,-0.5624838152485154,0.7793183825647537,0.061317334308582674,-0.08482322140047371,0.23619974241092664,0.29328408223599856,-0.275327275270017,0.13769722271616475,-0.1486988593373818,0.5333430263861627,-0.3256560380295908,0.3083047119709275,0.7064972344188398,0.41331096344834567,0.13189386753775156,0.03324499988539482,-0.5286674340719935,0.6860703883938324,0.0376081112096288,0.7028616234871339,-0.24401989433079813,0.5595122628755901,-0.8913962598296774,0.3764383579583345,0.027547150800956398,0.10252089401532555,0.1243826947740228,0.18770437742785684,-0.26732913166170635,0.19192936449267123,0.20013413260734986,0.11033049109004577,-0.38210969193773936,0.02724506164116778,Friend
0.009550880727344556,0.012768861411096358,0.44453686066305687,0.1226737787141201,-0.02573497520853783,0.798004168614832,-0.006419551527007766,0.39005762580760595,-0.6303590119995105,0.7910396514984299,0.04285801050597786,-0.10714432479482153,0.2150905308942765,0.3432460873560067,-0.25776336716374854,0.08966986803658639,-0.19973119145538132,0.4818750315967618,-0.32635784549641456,0.34532845404427176,0.6526616398391023,0.38585127150345744,0.03570837129765899,0.01638099053953877,-0.5209280129036237,0.6564865140279119,0.10369665444931862,0.7523097709284079,-0.1831045254633319,0.6034459279701246,-0.8417628112126426,0.4724070430156777,0.05751190769093371,0.07836427379383962,0.13241277340359187,0.2622031504467218,-0.23048987628934417,0.2274103950756813,0.17320015223012514,0.18987706521093023,-0.41513805548198646,0.08310784535598592,Friend
-0.021651326042713838,-0.04961635800096167,0.3890784495910794,0.11972213904742705,0.016889444804289062,0.7547600703105168,-0.014204156870370983,0.32881387122119654,-0.5611953683872974,0.8387046494093392,0.021008074857561662,-0.06568411637566982,0.21555965630554516,0.2792206532041034,-0.2554710919047068,0.08720529842118421,-0.1505097525525607,0.4525166122165547,-0.33536526324335925,0.3457014182602469,0.6826071878144702,0.4000210644639884,0.05000880749638375,0.04440174702257088,-0.5017773084962187,0.6791811443806334,0.08402964477566366,0.7187056832640151,-0.2578709604807903,0.567324659974549,-0.9525128369176897,0.403725857151139,0.018688970496275423,0.09818502757039431,0.05151651231892918,0.1960050333664817,-0.29396976059117025,0.19743138256306744,0.15197791631573038,0.17777935606166656,-0.3534902166141906,0.04418462884421322,Friend
0.04352241778965984,0.00029479536726565017,0.46070215747861615,0.154630649999067,-0.019950440520003707,0.7811181028518092,0.02410642841708604,0.303244734178072,-0.531862543446855,0.8155521091932006,0.010783721563542823,-0.03261939620921997,0.16188655730826526,0.3378147937892773,-0.25835764122894306,0.1592415076628242,-0.17037084073687678,0.48917300354115706,-0.3499480789673116,0.3390346534882704,0.6879633131063254,0.3836438391370224,0.027851124302594416,0.024058073059281936,-0.5757658723452772,0.7028611099555868,0.12335151015467369,0.7491486297457974,-0.22381964602232257,0.5797066300530936,-0.8586553254352053,0.3546284423389589,0.06604375491959341,0.07090985974527629,0.04012724904744901,0.21467066129310977,-0.23338270436591396,0.20720907752044151,0.22825658205613955,0.1513779572111604,-0.36418914975705313,0.009120197273693051,Friend
-0.03796164363588899,0.008612071311373305,0.46803974416564226,0.12619256017745864,0.023544769015521473,0.7542200685269952,0.0348191824968106,0.318087157490073,-0.6133444638776128,0.7877812871113988,0.014388999820128617,-0.08201829749468338,0.20582071051367334,0.2830158065589834,-0.2637884349496808,0.17633286481244054,-0.16868668054239536,0.4903409171106586,-0.35800117877443705,0.2973856310213338,0.713661660377484,0.43815814050895363,0.037195850139332645,0.03921001224267128,-0.5381836504352033,0.6462124131052924,0.05992781211079664,0.7456445403474493,-0.2039455334926178,0.6269801684041423,-0.8907630167685902,0.4632672460400531,0.06935004166587619,0.060845740680438104,0.018918131077633585,0.21965485948753874,-0.22412025279278933,0.1992731606924547,0.26435630943788874,0.16871400640045509,-0.39033160578566406,-0.017121671585171923,Friend
0.007050421475994788,0.029668622690824643,0.5050327089825635,0.1279343640448327,0.047216003173785076,0.7556889969777296,0.012545779433315788,0.3132085620420431,-0.5616589315593417,0.7716964434383885,0.02886445562403904,-0.13244008652333067,0.2476647808347543,0.2805025909513053,-0.27141747974779906,0.07206744432996959,-0.2099484109514798,0.46429514978236985,-0.3141337355919526,0.3289171018301593,0.7087729412500139,0.355106469260726,0.058433955709598376,0.007705538227013711,-0.5900404991504455,0.6434910943441577,0.09561102582461975,0.7447966043337405,-0.19715300294984778,0.620133968250106,-0.8605404299586827,0.47226540633717123,0.08173429166046925,0.08885838278307548,0.08423389690508748,0.2798000630930368,-0.25697541865496326,0.19498343743412613,0.24805326995318444,0.14788031309019806,-0.3382084534418068,0.08966119887072937,Friend
-0.037674614369181236,-0.01225267832371221,0.4852603712448492,0.130213918463132,-0.06500174472726808,0.7811577329630155,0.046696894458261404,0.3819352786549299,-0.5838965998634206,0.8252422130832431,0.005740163100421079,-0.06808967897424728,0.23768720095950768,0.3147762690847435,-0.2863014576177549,0.13875395496918475,-0.13652970746475065,0.4883280945342028,-0.3156334089402088,0.32025365657126575,0.7187919765073969,0.4214025233381381,0.028271152606264078,0.06663728255647587,-0.5519957132886613,0.65541584610404,0.05848494885685444,0.7319066397264536,-0.1757904951442272,0.5226205168974728,-0.9602299460489354,0.4405941004811206,0.06790726819420646,0.11544493920278928,0.05100917700727308,0.16431736590719292,-0.25582414874343656,0.25471170523618586,0.19100176046687117,0.14330664051972514,-0.44001914350098803,-0.00314581837857119,Friend
0.03330501491740887,-0.007782841649110989,0.47885574929333435,0.11139573528647444,-0.048477431108649646,0.7886291187277238,0.005674427238914519,0.3186477803832783,-0.6096322403203915,0.8066806217550041,0.0020649080326439716,-0.12315325519526417,0.24907276544171175,0.305468922822066,-0.27800197259891685,0.12373426095089529,-0.14513590450399863,0.503451746898731,-0.3706776540779327,0.2631762834905287,0.6079887048953957,0.454156327302597,0.02986857635489687,0.04226424840508891,-0.5597355309913072,0.6869846864176725,0.09716892375316066,0.6851261997718313,-0.26195066657650296,0.5939790577697658,-0.9270966544096876,0.3919440985700307,0.024857426106366952,0.08541282471935169,0.051919788930450406,0.23215513855182138,-0.2052305783651792,0.20063309061063098,0.15947714229033316,0.09514437927883655,-0.3562676094127754,0.031023595202936932,Friend
-0.004720841665916529,0.00988623465456609,0.49241500313861486,0.0815815518265882,-0.03481769873254152,0.7938997973357461,-0.011342786745104135,0.29896880662628983,-0.546134637761398,0.7792900536186118,-0.022463589748200005,-0.12962969002582297,0.22751114809560208,0.270868822575644,-0.3243249368493073,0.10052576598644818,-0.1665494643551295,0.5142501737660156,-0.31541622504824485,0.2858113170656894,0.6602775186268836,0.46348491608563125,0.07309841042590362,0.016949056532091056,-0.6346519422603776,0.6458430645157596,0.05930647878245459,0.6990848302812769,-0.2597971166297032,0.597565559515362,-0.8774457635482874,0.39562649465022365,0.022490909604650812,0.08990548970933111,0.05185239154736055,0.17164451015183532,-0.21263747042007886,0.1860461291058599,0.1964658700287737,0.14999910951777842,-0.36160037098185155,0.055369880801858194,Friend
-0.03913793303290307,0.00937075477646624,0.4387956906898046,0.1665400060872483,0.020005400750597188,0.8361397110642841,-0.005287942618041237,0.38224043570248106,-0.5825997228579298,0.8314343980931391,0.03704339414012969,-0.08141355554637437,0.16228461108568387,0.3203826907395928,-0.27220609985932875,0.08153805992876753,-0.1796147619149443,0.45110459402210457,-0.3824354979313431,0.33474411457514314,0.6318300368001589,0.36076484510277446,0.10257456350162343,0.011065888210558171,-0.5460675452250615,0.6933528703049002,0.12233146790194888,0.729452457129453,-0.23195508435325002,0.6206299948652972,-0.8862784286286414,0.43842052761369943,0.05305333132820214,0.09090734466122655,0.12325355855684969,0.21415897848660423,-0.23028735701302389,0.2208284279883909,0.21939324118212283,0.16538037312454723,-0.3986488485472101,0.05584988220930071,Friend
0.0072848680190498016,0.034198808126549844,0.4712969385373493,0.17018252722089167,-0.03454013171305893,0.7665762145018575,0.03270601093787602,0.3776260452419452,-0.591434976497846,0.7885200787281657,-0.03123204915568432,-0.08429432741044113,0.19154391982656452,0.27871188245219175,-0.25560075413957734,0.12312678432561694,-0.16507773791210914,0.5144932555755667,-0.27392720604418863,0.2958105131053258,0.6499240491824373,0.3707266248688804,0.05753259966496946,-0.008213107361088403,-0.5769940395774749,0.6510495248591576,0.14579703236678315,0.7607510784076156,-0.2769386178581108,0.6520465321344324,-0.9160230886261063,0.4223826501206847,0.035785791309185064,0.08362428946955774,0.03738848650017873,0.27883636158299624,-0.23506746498126244,0.21467924075204015,0.17238115093287767,0.11414255441509351,-0.37446147789586937,0.06663238321610068,Friend
-0.003643564542484436,0.02923618489204759,0.4528448194447558,0.13420067291675408,0.011609410598815727,0.7994658120985976,0.05118389695494985,0.36029680929975433,-0.5580930111671614,0.8322224673081523,0.05762008522910665,-0.07031718072038984,0.24735920043547463,0.2754947075598778,-0.2577129306753797,0.0843091196237831,-0.13669215315502686,0.48919038131063064,-0.31154526170486163,0.35952971865179356,0.7002441439104087,0.3880160258901972,0.010588712379780062,0.040582787920004304,-0.5743754802725779,0.679515897107548,0.08390284276117271,0.6970809361397652,-0.2380893563945859,0.6195303696924399,-0.875872590907504,0.3931813481565673,0.11483752231108037,0.09111114071185547,-0.001053970140853136,0.2565396075931273,-0.23119771580406942,0.20279588696216194,0.1988376082730316,0.15105161264228162,-0.3110678444833251,0.064924545212037,Friend
0.007811335771194631,-0.007882170701122411,0.5009739075309521,0.15929463332064045,0.025227650557100738,0.804801865304832,0.05286114648460724,0.35543601262481994,-0.5965606359563173,0.8218112393214394,0.07972453342270501,-0.08907065536310498,0.2330364260700183,0.32747166363552516,-0.26587036493640587,0.1754338540976293,-0.23029208153762545,0.4324057102782053,-0.2878144832223378,0.2897216055209681,0.6795644045749658,0.4529157406186817,0.0492173814475526,0.07519072530089639,-0.5774445595386755,0.6780847543140158,0.10084911588843039,0.7696842800921259,-0.23868561758458273,0.5755727038559512,-0.8935671224580152,0.40487634117241017,0.04140759775467151,0.07461173636098742,0.10045227313737212,0.27080527125086884,-0.21910677380618973,0.1884916599331522,0.18702852218885488,0.09440716166461996,-0.3497465723566811,0.03050667458490649,Friend
0.04413301062031591,-0.04134341704364098,0.43134911974721435,0.1311398663552534,0.009512916623544873,0.8505451960394406,-0.018249906222945807,0.3345823460904664,-0.6282670312432999,0.8344273125532584,-0.0025948585327114325,-0.09828431697212284,0.18976342809580224,0.2952188802275879,-0.28744456558221126,0.09658016193160833,-0.16255734523742787,0.4636654286404468,-0.31521238336341495,0.3108667940659548,0.6450189590244544,0.4726046639447974,0.09299343067021687,0.09780664130505767,-0.5760842283242595,0.6345523420460162,0.12330003454155782,0.7582061151847269,-0.22493534463964743,0.5413895954271718,-0.9089716892409639,0.4302490592659049,0.04101689949672568,0.054323120422032196,0.059071085666020845,0.13117153453288088,-0.24896376632471778,0.19513084738814782,0.21386134538069293,0.17302313514100212,-0.34980584921980096,0.07790604614959268,Friend
-0.005039374833988402,-0.04366764163687247,0.450445528112869,0.10774169882727552,-0.045150581594592856,0.8138273205133207,-0.019523463642490375,0.36404677151187403,-0.6241867207405435,0.8020123934651189,-0.00010871505624070535,-0.06107835547298914,0.2127614325053226,0.26700292349346605,-0.287484309663233,0.1656129988206275,-0.12031375637019766,0.44643276080412925,-0.30016337724856906,0.34633382509444643,0.6815696383399817,0.3976755917704772,0.026714804965578466,-0.013099653406905259,-0.5556290761777974,0.6545062230059397,0.11215267420499646,0.7387295934600883,-0.15530010816083953,0.640402314630064,-0.8631310525852043,0.3534650693904277,0.07259138141889758,0.14274145419757173,0.053991943145049924,0.2942911160925215,-0.21454866682084162,0.21674819555767202,0.1748263427540826,0.2017055101661719,-0.38605593415509604,0.03405737187505227,Friend
-0.05643231014352231,0.02688461535357753,0.46674964748911185,0.13431278025996954,0.01776337782715499,0.8158365274062692,0.01189751902333311,0.3200953704079611,-0.636880126772246,0.805398474588872,-0.022432512151609473,-0.09030516240155581,0.1901188131299553,0.27966934828706175,-0.25136097044191735,0.0961396969515593,-0.2205438186409201,0.48073525248611193,-0.3618475764297345,0.3127914620809539,0.6488033609020472,0.41301423461237613,0.014041454819078557,-0.005008607452749683,-0.547304324219868,0.658214364272585,0.06349304042028328,0.6964108018626963,-0.24202159674111007,0.5702129506108403,-0.888176600731344,0.409991612182952,0.033310152034418755,0.11477457777333092,0.03618928138345287,0.2659407338700306,-0.23741912373618973,0.18812179246693225,0.22073040077252404,0.15762788835722566,-0.33834036279524343,-0.009043125824539006,Friend
0.015505542850182167,-0.015578311274167304,0.4502472211584065,0.13136161596669776,0.035954512690170456,0.7406419351512168,0.07128585646712465,0.36483380860506476,-0.5808578651045989,0.7677230167815967,-0.033350067317195864,-0.11201360652989924,0.2139844249664682,0.2915501936011634,-0.2654092512137557,0.0818299313852375,-0.16377235430563283,0.5203584851538214,-0.29609267631556024,0.2715253703819262,0.6656535712197694,0.39017448229312546,0.024436931829595665,0.05173556222608731,-0.47965310773517567,0.6261964865879011,0.1118481018624834,0.7338312461097001,-0.22132765456548156,0.644491721484753,-0.8683397628189259,0.35348497911672094,0.017717361254218668,0.06326520220543104,0.04434377276833648,0.2243832312572756,-0.2373058381948229,0.15320961438865188,0.15628836958276116,0.09302504712165302,-0.40775754920120016,0.08072350877656119,Friend
-0.008113596092279312,-0.028581118210748546,0.3915924199755467,0.1036219953317324,0.013771509858314334,0.81072674672098,0.015289133664309638,0.3356293244956291,-0.6385595201369012,0.7874470757071218,0.03347936191553925,-0.11542964576485819,0.24363562638890612,0.3278972378080418,-0.2963696878363591,0.11776964237345547,-0.09841208720570484,0.5129128913817336,-0.3375410232338672,0.31471546449252324,0.6806780116855292,0.3998891861373507,0.011098548089046284,0.012432973544768328,-0.6088785546222161,0.6813522422163061,0.09513042603419972,0.7482298148502706,-0.2690700036995802,0.6471641823080149,-0.840607250379648,0.37034106778798787,0.04564569306897159,0.0833535585216173,0.02366390595713097,0.2207746446719906,-0.21412184279622043,0.19382868035663203,0.15316298022944308,0.17976914373481667,-0.3848880195752301,0.030400458977631706,Friend
0.05043877215131501,0.011899627628742776,0.42484790766471536,0.09833377894082515,0.024532746857804336,0.823368174978526,0.007661089710711793,0.3058701861047397,-0.573853980427681,0.8285464214395212,0.005629764146245716,-0.12828010730334058,0.19567409224732857,0.3055827516976523,-0.29736942030291785,0.13358741930372328,-0.15427513362768708,0.5218609621649213,-0.35226977682962296,0.27496670601366696,0.6741916523009371,0.45102345595580395,-0.00966584784183988,-0.04488933686260707,-0.5690385263029566,0.6482296651675946,0.09285410948619012,0.7175980547609976,-0.2006698526402722,0.6032279517933573,-0.854950870032449,0.3432488110164116,0.044950952256513695,0.07081454214352995,-0.0017387892940829985,0.23167258338196256,-0.23387389818700557,0.19390011791636605,0.2007701503917485,0.15969621810889092,-0.330744183433714,0.07026447372035097,Friend
0.009856641820519004,0.06921716201687965,0.4278775045304167,0.09320967568948348,0.030780592961168852,0.8524619695411947,0.0038072570131782134,0.3849745410078088,-0.601425633343536,0.8282713552991481,0.03602015464288255,-0.11411679215601785,0.2503330846482827,0.35057775079017406,-0.31339265048084874,0.13176225040338563,-0.13766927623743508,0.43101954376462365,-0.33886236103057304,0.25954905205124634,0.6962357700118441,0.40297758977201154,0.03201480172126332,-0.022504579992235946,-0.5837554234737345,0.675183833683877,0.09787595601575116,0.7607411967048732,-0.19700440600738428,0.6370606460687462,-0.8956716125234727,0.42642317867825885,0.03186507170827797,0.05747539530330884,0.10225635680031661,0.19297496529343144,-0.2696832102688931,0.21106738586619442,0.19642916107345537,0.15106795202610016,-0.29196750847518055,0.02115459063055237,Friend
0.014850996342578283,0.0026007767388792125,0.47939986056140554,0.11043305024285581,-0.011177915049256899,0.7998812262356757,-0.020151614774017255,0.2894739757865476,-0.5860459180023749,0.8508578879322939,0.006245854953546475,-0.10163774323350824,0.22945250603719347,0.28726579447629186,-0.25944918602822814,0.20572465432784498,-0.18241627350230852,0.4821854022650097,-0.32776273510818493,0.35389309993199386,0.6727574391083309,0.4222764714485351,0.05366442797689002,0.022335263288211622,-0.5784100168726443,0.6413314658963486,0.19107083659790924,0.6787338251057009,-0.2742258523921427,0.6118440178366668,-0.873440572077265,0.4303645047935669,0.0345857483902521,0.06447925287669654,0.05823584998649159,0.25579911313312104,-0.26139663154917325,0.21244529069134374,0.18918165129873635,0.11086007337445636,-0.39957937414711325,0.0782990145630719,Friend
-0.01811498870369606,0.037314260406530325,0.4480022641269985,0.09297192961693077,0.009871997119973752,0.7724165918505648,0.011557664124800934,0.3776222096520804,-0.6241123154515917,0.7972403078215827,-0.015693993192842582,-0.13089519313352757,0.18073559859468855,0.2660031797824288,-0.2909736659151227,0.1448958248428943,-0.18763015954621462,0.4434515619479543,-0.32040499954470675,0.2864170261586147,0.7310443124579262,0.3881285097946188,0.03914861896011734,-0.04462030669831345,-0.6006493799300443,0.5912337077630121,0.1079276792779131,0.722511369307125,-0.21193346566358848,0.6287241036784115,-0.8506943939807771,0.41082271428164396,0.06338448232962403,0.1126416883692133,0.042958914263329956,0.2004303125647861,-0.1846625815035814,0.15372661993305686,0.2195495600323918,0.16683085210938367,-0.3948367609341775,0.030953289406962434,Friend
-0.010705230899706097,0.006500168572913954,0.45966983080027085,0.13307883010797655,0.0012078089950897332,0.8162403342055902,0.041260917708268494,0.3896696778612041,-0.5541278867465985,0.8112625045517506,0.03603242891418404,-0.08247051102748518,0.19986353165388848,0.2656723191187072,-0.27788877898522074,0.06377316238916023,-0.1329345889690711,0.4980074753989296,-0.3444248304317314,0.29652283893511006,0.6958463189333282,0.4555238163623229,0.054480271410431796,0.081569897931621,-0.5422667425897768,0.6354458493985852,0.11373693724255775,0.7366673145397589,-0.25501692554005917,0.5922700137226337,-0.892365060815952,0.4205806842725857,0.05242093565776276,0.10333343309643428,0.07972134244221346,0.2666007389775837,-0.21439040493112152,0.1868533216265085,0.2678825249049001,0.1357304835911104,-0.3727649150468211,0.06891345577108801,Friend
0.08685899063663982,0.01204756354475151,0.42987223656169093,0.0848269238616724,-0.055618698470631986,0.796785571783032,0.03920539390143073,0.3010460855657398,-0.5787627927805369,0.7713216038865398,-0.010920178200145157,-0.07623275576191957,0.1725025413501482,0.33103272407931666,-0.300287797100796,0.15901387866241506,-0.09714788898554091,0.4651266025587162,-0.26566841921760737,0.3095489705601908,0.6572342233794406,0.39151716072147924,0.031124513554476013,0.06655617125659971,-0.526262247281864,0.6987869688166145,0.060122672401491266,0.7306443525788883,-0.27732799128115804,0.6348347603949833,-0.8940481512628228,0.4326662644149713,0.04576634371466909,0.04259783928551959,0.09335535221416198,0.2574424203654539,-0.22668352502459024,0.14456953282044305,0.2270600668099279,0.1344668573949252,-0.3456398542880705,0.03627049718616525,Friend
-0.01163883494928808,0.014928525139848837,0.4244925450058004,0.12900619265654284,0.010843995780524262,0.8614503000037699,0.020628941273077635,0.36882516511082375,-0.6205762032530142,0.861567750164124,-0.007429175877848915,-0.0991509517298778,0.21026779546655994,0.26833284581802064,-0.25032920324793495,0.10587640259421027,-0.14018562680402805,0.519528103108904,-0.32229641274489684,0.3303973162796813,0.752137478891781,0.4128947221060987,0.04652305362382675,0.034589450271804496,-0.527657567503888,0.7294861828356151,0.09411108728933927,0.6975938920944892,-0.1959606788793968,0.5636091603266169,-0.8718057886872351,0.4267126728717996,0.05760198467635543,0.09381722241863745,0.017225946682189443,0.2025222447482434,-0.20275187385264626,0.14667348236645344,0.20196961110060785,0.1472175240913684,-0.4209103033348338,0.10175987462890047,Friend
-0.030908042766002026,0.01646780139759792,0.43505276447667696,0.10866092306442608,-0.011523386931532296,0.7857662037778246,0.017261015433395113,0.3200319321410483,-0.6158414961216708,0.8408624575533308,0.017020035552279187,-0.0969946093887425,0.16818699242470747,0.33896223779096984,-0.2853793125043294,0.06885934729559966,-0.1568296350756643,0.46457122882681473,-0.31232426054538304,0.34029733597716466,0.7038992555819324,0.3865561867905412,0.03984092400308747,0.031960630921448185,-0.5390175295358578,0.628475328626849,0.10190783842083263,0.781002960024755,-0.24689897007090608,0.6037196813125467,-0.8011339253972752,0.41033682150864786,0.01465827721679179,0.09355200887005047,0.11698864152428556,0.26027212395242727,-0.26025532927189415,0.2203733875958286,0.19927409194827322,0.18095551245836236,-0.3795990667086536,0.06582411225479178,Friend
0.05730758470187817,-0.07837099129542653,0.46690647055082796,0.1735787286557772,-0.0511340794403463,0.774838920451089,0.011051911637447185,0.3217131812546923,-0.6095963687245444,0.7994864772668597,0.042362812176363715,-0.05055563567477834,0.2340109568568407,0.32154429728072126,-0.22779300242876366,0.18667045235227264,-0.16012257098784666,0.5304260015681186,-0.3269317034693746,0.3026572159423898,0.6747181810459127,0.4307739179312365,0.08719560946447745,0.04191609321459191,-0.5776785056042745,0.6449235564657188,0.04350652519305521,0.7357932928130257,-0.22205038416278627,0.5731626838846332,-0.8653454044288201,0.4312639207717729,0.016310726338206898,0.08562110839538148,0.10907212641986067,0.20957527024461933,-0.23033534822045662,0.2127252503153436,0.2037593516121453,0.17725562209302495,-0.33308049259129036,0.08892606188140433,Friend
-0.009404937846151115,0.015715998167860172,0.47431457134207883,0.13045671347876187,-0.026018820822456636,0.8007641717659334,0.0046910748668921205,0.3225136428512394,-0.5788179415772633,0.8050792752872603,0.02207762372839486,-0.14172200243150376,0.18966492036612226,0.2239223250229149,-0.31412056046146575,0.12306261646799868,-0.1287106675561592,0.5036025697328351,-0.33694097337849455,0.29784203808859633,0.6686934685794181,0.4395717698926448,0.010037416626345191,0.00273631444319284,-0.5337947067599614,0.6492901098667717,0.15727763922983648,0.7456862683738792,-0.19618845007629698,0.5557329787757965,-0.84775575336182,0.39209222940031546,0.08229503601951593,0.08436238870795698,0.07348485741736127,0.19538377751657518,-0.2824820106728795,0.21242823909820524,0.19573544069973664,0.1297806319126455,-0.41159864333727075,-0.02926303968626972,Friend
0.015706776923553108,-0.007651944608193816,0.43100374357434346,0.1403910615787606,0.025988157839926727,0.8045438219618982,0.009569150116212056,0.4076151405202571,-0.6044945392965638,0.768439837616189,0.019806436018088354,-0.10285202895170259,0.22334416154149525,0.27594161134486245,-0.2877110724188183,0.09975759047471228,-0.14087458884104648,0.49180414384334786,-0.34790482230729186,0.3046446762613801,0.6755719274423094,0.3572775652286582,0.07810912595871299,0.057623311612245834,-0.5645769573738956,0.6576222108540515,0.06920531925348423,0.7767853207251997,-0.18627352502648878,0.616333646402126,-0.8549371094451605,0.4544883489345186,0.09164620055989572,0.06958757858439037,0.05746696014787081,0.2426161515443673,-0.22476485072661265,0.23050331825501652,0.22386119956247258,0.16400364046105764,-0.43924924489138956,0.08617366950951474,Friend
0.025171074472468847,0.062076423867581415,0.4347947651565212,0.07871953253606088,-0.009857420179755778,0.8101572363205986,0.009601854957113761,0.3847942957095203,-0.6052261433743041,0.8077022051300387,0.009432269071695837,-0.011955861601994189,0.16774900443968613,0.3092422162127142,-0.31879268037717184,0.1360195654653738,-0.19373835990059815,0.5204953808550564,-0.31240542095049983,0.31728999493726906,0.6344683582592721,0.3988022648881928,0.034103743407100984,0.049414248187457724,-0.592872021441167,0.6942597687023975,0.12812667169123482,0.683733244029588,-0.23742525439008946,0.602961740303508,-0.8493601162645167,0.3969692997038705,0.06705022399030328,0.12824518328837922,0.07433883424840508,0.17285105761270983,-0.24570022034787875,0.23503851830163283,0.22793070153267592,0.08911278051777043,-0.3551150099787357,0.07936871798125028,Friend
0.016167734644791563,0.019607249902362622,0.5109891853385139,0.1327031222458998,0.004699326384239685,0.7682719608076412,0.003822887124088358,0.33368125853096947,-0.5599301891165211,0.7883005014473509,0.05385065957455119,-0.12798019233277236,0.21411948133086467,0.3082922688444065,-0.2750321126027237,0.15526978278335007,-0.18738058555399043,0.47351324281200924,-0.36854987567024344,0.3094147473733399,0.6726129798101153,0.426092045711319,0.05483222522883863,0.045184981991618335,-0.5717112420015519,0.6717781585151741,0.153487122171269,0.6845990093386132,-0.2860099901547922,0.6236091950728405,-0.904994834052243,0.37612198145638365,0.07683933260766541,0.06514214322349454,0.1129724374135515,0.23326477438546617,-0.23694277367669717,0.1832641336609509,0.21100508868763862,0.10886686045301068,-0.4351858445126726,0.0043639596044015155,Friend
0.03411570469585976,-0.027724174337251814,0.4060846247395393,0.13134267435323313,0.062296658900751326,0.8292136644141018,-0.0011503215945413148,0.3190865625123563,-0.609300612185291,0.7834208259252994,0.033125765829656297,-0.10526365994218247,0.16153713792278895,0.25164225840159454,-0.21372544694597229,0.14789300965324909,-0.19078704868118465,0.5238678279217059,-0.3742209546490523,0.30503107244085387,0.6688143167874697,0.40586817896076127,0.014964808346812894,0.02835719972463017,-0.6182487583822711,0.6483059668472613,0.13916198273612243,0.7557258463931924,-0.2517175847752043,0.5587237279154404,-0.9450328987606933,0.43609804558447374,0.06917378489272144,0.10684362336699615,0.11751883896733742,0.2331575133082386,-0.2240221349139178,0.16599015843301418,0.2532675495476965,0.15167576605022717,-0.3856434263284056,0.05722428046181385,Friend
0.06000934837021098,0.06405597569309697,0.4200077054554386,0.16926786467398391,0.005627973679155953,0.8260845916816827,0.03116451008049551,0.3620870323091951,-0.5457828013645016,0.7582536726060581,0.027623186146018747,-0.1302705712988384,0.18102335526229757,0.29175941061072846,-0.3129914167928312,0.10828898911584078,-0.20712583833588621,0.469698645075651,-0.3242937340872846,0.3351079670059232,0.6531298798495503,0.44023213407904604,0.060549401242460305,0.06750413440949221,-0.618920705338618,0.6689454505352674,0.11744145408953309,0.6734095497249909,-0.15840972522839045,0.5854049281274235,-0.8632227913322225,0.4453762454028594,0.0638575854588925,0.13684826990165455,0.1266571508901059,0.1952823363485081,-0.22738021655913382,0.23538185186774083,0.15555827607045042,0.18852269913363628,-0.30994107257331394,0.08950518703109098,Friend
0.013153346610580395,0.04618378906399724,0.4598432309836919,0.0944182139881044,-0.020100806150273414,0.7887881029137964,0.020944509597955522,0.3408135929772453,-0.5955694684645613,0.8172940705528002,0.06193905601050528,-0.08876182994629875,0.21379282869795763,0.2259126272914544,-0.27897713967963955,0.15833566715175548,-0.12769884245993765,0.5218501178477242,-0.3305469322703786,0.32156244419874214,0.6560296054616754,0.4257489442431051,0.02320605994348705,0.04492928877389078,-0.5645519807616582,0.6600561718340098,0.12914231580652075,0.7418014801603131,-0.22235923945273073,0.5895700004579433,-0.8314691549986137,0.42756282409099877,0.08324371872349817,0.09770184105595957,0.04598878577514381,0.23921904854921197,-0.248737574617258,0.2210448804088096,0.10659039907222384,0.1445700820532867,-0.3615676044150758,0.02235572988490242,Friend
0.010913465517552332,-0.012666712650475849,0.4489424051595116,0.11746094597822748,0.024713359807604432,0.8128359812731826,0.03180019952162876,0.34550021071104825,-0.5095029960226777,0.8060064715034219,-0.004094624293137183,-0.13037703111354404,0.22209198762914353,0.34066683664920644,-0.30819813601064117,0.11718372264644598,-0.1758872505066993,0.48377413909113426,-0.3926824433701708,0.333346173063063,0.7119185668621344,0.3432617588381167,0.09596592672082382,0.0730286050174829,-0.6578928895969831,0.5944083775650865,0.0951171642940024,0.7644464843156916,-0.2221440393581412,0.6051433354048212,-0.8623286901833096,0.39333109361983454,0.09914289031311654,0.09216492834792588,0.01780991429975122,0.20470635547449606,-0.21979433962113457,0.19922116564113093,0.19275151403673949,0.16268248275153308,-0.350378410416703,0.014077146440348062,Friend
0.03670475050666715,-0.003933652676576964,0.46171028265994213,0.13692817412314023,-0.016747472287626707,0.8238061376262474,0.02529809701985456,0.34584001362784456,-0.6600827700488829,0.8353273244558358,0.011695957132176547,-0.07253723338611263,0.24428017416864997,0.31643126922502796,-0.28113191542942345,0.11713780955921654,-0.08933264873087457,0.5019986033120868,-0.3333603767804371,0.3036561908685886,0.6493145394878942,0.34187778896549126,0.08886316323411401,0.0011209702542403707,-0.5715068356414733,0.6564261699792266,0.14209829756299736,0.7019765146900772,-0.22311669943501536,0.6198667045870999,-0.9210721265092703,0.37321999446013343,0.039371512623130905,0.102583526470087,0.07029546028823026,0.22499820906751097,-0.2112930187091338,0.18220767783494235,0.1994330932796245,0.1531882260440703,-0.38603077222944343,0.12003942969919965,Friend
-0.06481313966245188,0.03722042496636796,0.4731218591049464,0.15825534457902504,-0.001568513925513736,0.8364641833559466,0.00941223290000831,0.35541366141160846,-0.5832259460570031,0.803759437686076,0.020467527067063555,-0.12364797802902548,0.17501035623918026,0.33913968467898914,-0.19630852096891158,0.14132928289987073,-0.14009760313942693,0.4950579884535588,-0.32599764265605163,0.32545814297548953,0.7072740954098518,0.4465068884824192,0.01669545035422931,0.10933641797709497,-0.5616493002282618,0.6637658062539205,0.0867177793762712,0.7126928112261848,-0.21234603486463285,0.6236165045807933,-0.8625818419082268,0.40392885000341777,-0.0202133989808128,0.041407419755108844,0.06719939040937596,0.23864712609179106,-0.2434554720417687,0.18712447928660936,0.21345023374606603,0.15336556197458673,-0.37543192404453074,0.002523405587185369,Friend
-0.025318037927715333,0.027977773503995884,0.4202407084776792,0.15391635067320442,0.03714815298233065,0.772724959610267,0.009523405641337841,0.3732609848247717,-0.5484370063126651,0.7913849258490762,-0.031827868429279954,-0.05753891303277698,0.2124470615466821,0.3037491638532952,-0.2552886908037213,0.09017736495392095,-0.15336837343148715,0.4789390481313677,-0.3215666048347246,0.3331155382925296,0.7055078417078792,0.41835522322832525,0.05074837245622646,0.03302733938096006,-0.5547944405053227,0.6408787487286334,0.08799016720852257,0.7370353711371614,-0.21132276240325124,0.5849720185153937,-0.9118375115060512,0.36731494727844494,0.022982040114484646,0.07908670683100136,0.05340229790008091,0.22008558263196024,-0.2670151510539348,0.15353527545729834,0.20834633892725196,0.16040355299758957,-0.34249707144545793,0.07543972169324387,Friend
0.011770742151843813,0.0034400290658549593,0.47539987456972854,0.17672848618514908,-0.024744256814609282,0.8195646462979665,0.004137720198979455,0.3502115180051566,-0.5533357678072797,0.8025187328558915,-0.011750339012325365,-0.10896156505078819,0.16633988782193784,0.2595038882977244,-0.24655925328146075,0.14170174805870248,-0.18669095594475185,0.4579652970842676,-0.36711148165958474,0.28755258441316967,0.7107909887798689,0.3970956947459347,0.10717630589344695,0.02331028601912382,-0.583066713604199,0.6874410009622056,0.04900078808033901,0.7306187224934991,-0.26720238699769505,0.5390379040999431,-0.8830679834691567,0.4426172074380837,0.06723987792287241,0.09808548891645295,-0.011162680264506009,0.22392177751480355,-0.2352202584796936,0.22654939971196167,0.17280549258110584,0.18148417243510503,-0.376418474055288,0.04200958750715743,Friend
0.01583818439116285,-0.03568276934117876,0.473845884243626,0.09336747151267544,0.015211294810999608,0.7893926937959652,0.018249927095272456,0.25168632249424205,-0.6031447102291392,0.8044221008549555,0.06327069485617148,-0.09626279685028598,0.17534228758318907,0.31674001824325476,-0.29791137004832957,0.15669699736407122,-0.1572638628121683,0.46051034375912125,-0.31151331325473036,0.32717547374242106,0.7030824651178224,0.3949349070309272,0.06126180859131816,0.08211711397392447,-0.5606553358372195,0.6476486465643634,0.14542384809167225,0.7449785416125847,-0.2443517674958806,0.6565556024075154,-0.915641061724216,0.43344886051693415,0.09521675873744959,0.1274257769100628,0.03980168153133326,0.1913538751094265,-0.22397940869431474,0.22905399457662304,0.1722106605168578,0.16564798521278595,-0.40486173732248043,0.08281391051173391,Friend
-0.017138477067570556,-0.004920804819296248,0.4750492055344963,0.1571428181417934,0.00977441533781029,0.8273412934054464,0.0351344187897122,0.38706646912039083,-0.636745481809764,0.8089417626650252,0.01374999184942301,-0.10175432717343295,0.2098541981551495,0.29815015213294405,-0.2580118502878871,0.0902144303117639,-0.09633799528786278,0.475767880581956,-0.33104658853574215,0.30295714003728774,0.6786432419485399,0.3843510789150088,0.04940196492503169,0.04190536438547306,-0.6378493881404008,0.6497514904960857,0.08810767423542387,0.7945973271753546,-0.20503502657349243,0.6495035929714332,-0.862795076025073,0.4200446509626749,0.07174681921953469,0.12896265952868918,0.11930430360389915,0.23763222121834382,-0.24955254070570218,0.23564877608346632,0.17895422063591876,0.16830644074344991,-0.3406977321590356,0.04774630103455761,Friend
-0.02714461154779026,-0.013636535285068647,0.43962707108368526,0.1023989409917542,-0.01602685464009584,0.7528979035532676,0.0405968590715566,0.35364070726755764,-0.5774510087089484,0.799151836267892,0.009250496271973002,-0.12005356750650414,0.21008645594733327,0.25099507090256756,-0.2802435282325189,0.10671969900861548,-0.11238503302789639,0.5033005212972476,-0.33966264212140357,0.27596369122393355,0.6353056685867449,0.41527240176697516,0.09719173411971023,0.03677106403936036,-0.5605386533916993,0.6653003270922974,0.10219561864732463,0.7310654138892148,-0.25139193418853545,0.5752947884717028,-0.876261555002227,0.46237645132697325,0.0841330179135151,0.05827073789968126,0.05914507700319681,0.25044058133275443,-0.18535852002121245,0.26165016979495187,0.1982279496830205,0.18132142929888054,-0.3536589929117845,0.047396748160543185,Friend
0.0018704004826242693,0.002238758326986883,0.4843746053138027,0.0918726291826737,0.00960041495185607,0.8426393649552606,0.06581664656217569,0.3607096889930501,-0.608133471102621,0.834032113728465,0.05656017024531926,-0.11063941677925672,0.20565965750963794,0.2855721743622599,-0.30117607103031424,0.11627552436664472,-0.16124842712818757,0.45994996288636514,-0.3721125813841691,0.2824562057631439,0.6860482648938848,0.3564240065759875,-0.023281511500172034,0.06567757696966464,-0.5961940122191451,0.653787650600728,0.12677372834436462,0.6818174889442145,-0.27402041464299987,0.5855243104138532,-0.85069941182455,0.41692452468804686,0.06057981526525548,0.086410736170115,0.08366479767480389,0.271526080911462,-0.14134386350605394,0.20346897721958257,0.25032787342713664,0.18657244480459764,-0.3531273130444173,-0.015311225260930338,Friend
-0.011336614905800246,-0.01014789777668859,0.4598837175043359,0.12808271316557795,-0.02133993772148558,0.857357124499584,0.06210833644031996,0.2829557792270144,-0.5938545802674203,0.8296564504151277,0.05673916833685734,-0.10778450812332291,0.18847022133554808,0.2945738061911076,-0.26290103111719504,0.0796645164159849,-0.22556567987799211,0.5251335535165026,-0.36935152218893014,0.37282417380343996,0.6503040643304158,0.39484966144579103,0.054285867743786395,-0.03945624330333808,-0.47986563108438035,0.6477580189588641,0.07394970415925689,0.6899742468698514,-0.21998455756330818,0.6132274353515984,-0.9135174456363018,0.3764156711166838,0.09247978710227853,0.07560220502586477,0.0151702667422038,0.2241330331335259,-0.24291638626952108,0.26641244386543456,0.18888389399817665,0.14734771982480366,-0.3545534581417244,0.033862525889882165,Friend
0.013228705126713942,-0.03050615929351012,0.44194030956205793,0.14621113387053747,0.029685152195965733,0.7788712113060772,0.00491921845720247,0.38987743316302687,-0.6019765675606903,0.8090265202036373,0.06819454989365283,-0.09316148425984647,0.18749867198839565,0.286535471080851,-0.3049700152898687,0.13925412231595158,-0.19282502046985067,0.5108523092546828,-0.33919281406877166,0.3162085988117696,0.7281022850329556,0.3569260223865104,0.043960534261892045,0.043644913601876945,-0.5842843787640594,0.6881414124439907,0.08276447344293147,0.7337139637961941,-0.234541993230325,0.6093553574022413,-0.8773200901454644,0.41661494917137,0.04661808691727992,0.0753322840545229,0.0762803298492314,0.23015186998571877,-0.25162753595921483,0.21821307106484306,0.19067283726524514,0.20325770050248132,-0.2864617343245591,0.09265998658159605,Friend
0.03999973604626162,0.02442502138859575,0.44282474617585244,0.07703490495749221,-0.03519414725809711,0.7761546419199896,0.05909513439856602,0.351324443965202,-0.605207662421718,0.755373174605899,0.08635637474059814,-0.07918579870150781,0.2221866292460666,0.2756604548773989,-0.28691482334225654,0.11541465936774221,-0.1631742423300193,0.5428706587706977,-0.3757777129427128,0.3079064625854247,0.6870374783545509,0.39689387576784324,0.0730876199664236,-0.027566870415067907,-0.5092842977510127,0.6184923480802331,0.0652018295636569,0.7114816767390582,-0.2502647407048647,0.617236908094542,-0.8702777971981478,0.42098062975370015,0.018285647372398746,0.091089854984432,0.06739273172717863,0.2655389178496901,-0.22488129220261027,0.2193912691322858,0.26342428292917486,0.12179129958503888,-0.3727803726989734,0.01691308505986911,Friend
0.04819558195345706,0.050245309816127334,0.4949754733110354,0.15042863133028966,0.006971081284189336,0.7827155822939281,0.04594601791201702,0.3051994507751714,-0.6239653627715518,0.7981325935709997,0.0734219970796888,-0.11058886491488587,0.18357997157357564,0.30036343711890406,-0.25579806331182037,0.16329124518827257,-0.1987156312532937,0.4845967984588611,-0.3329138738481501,0.31888735320578965,0.7021850494103935,0.42500091363116294,0.04399270970241618,0.05907383762334133,-0.5367338180296968,0.6862593819940289,0.08324080378506608,0.7463522050303688,-0.19473013173310383,0.5890863131989477,-0.8755917831545662,0.4645163056147203,0.072716809627197,0.09263787008494512,0.11064886392339847,0.21445571286670856,-0.28174836822633226,0.18453651410702246,0.23862971948910797,0.17221531055312042,-0.3590937989085804,0.08282246674180507,Friend
0.0050057582888287985,-0.006670139119644528,0.4741733070053206,0.12254596081081362,0.010263415094183775,0.7726148655152315,-0.008773412179115533,0.3176686623918924,-0.5862038985724644,0.7912901943068218,-0.0017842828569921837,-0.09978845361090016,0.19276472109842882,0.24519873722497415,-0.3584291521878762,0.1377296687887919,-0.1609277091733718,0.4463899948651166,-0.32656093055386487,0.32217795073156535,0.6671448685299881,0.45917938331960406,0.08130422428876778,0.012530323416879643,-0.5772100010155067,0.6158715042231953,0.13584683545103662,0.7323698734426382,-0.2061453326518035,0.5404832602157564,-0.856212692161818,0.4022845177216643,0.07835122863043036,0.11091015581831098,0.06618137091763965,0.2076506058442244,-0.2188987503764818,0.18283420669752387,0.23606665448328532,0.13494501931524835,-0.3604548387041946,0.0286147963958154,Friend
0.004762089988195111,-0.03095281865015893,0.42484537257345684,0.20284260169227292,0.020882548412517854,0.8075403089784197,0.03828652977430343,0.35280970532512845,-0.5880887197839396,0.8334303703409889,-0.007997573996706527,-0.04731914589955909,0.19854138427181423,0.3157814301446866,-0.23555497795253974,0.14046684711947596,-0.18941899245591684,0.5240833696391118,-0.28876356109895596,0.25074872235609325,0.673155023223749,0.40914154187905316,0.035306226665066213,-0.012875803820840467,-0.592288975729647,0.6041341994430072,0.12775832007060287,0.7661719788172727,-0.19004831379397064,0.6036147033356314,-0.8713810448257229,0.4496716158727099,0.0538355189489251,0.06679497785446603,0.04967924935413394,0.23383712206593724,-0.2522737523635889,0.22211045327156828,0.163896332023597,0.14931490427238747,-0.3489706535581522,0.05496393208394969,Friend
-0.02205364538285717,0.022051432044647046,0.45699437023105965,0.07133681978707108,0.009215560770268673,0.7837909003346941,0.00711407522170527,0.3187427170888318,-0.6155127813432647,0.8169262616517321,0.03319275130144816,-0.0905900350022071,0.22341493884390615,0.3091724100342051,-0.34296531717384204,0.09823502550174837,-0.12945176785479542,0.4494155368066787,-0.42170011966217236,0.3640878881762568,0.6851096183329929,0.3799066899445215,0.017775901315239085,0.0433846470113204,-0.55145743264091,0.6694239944662675,0.09344257370743425,0.6865477796843311,-0.23191610620269051,0.6364561552984286,-0.8957970818113185,0.43560598338167966,0.04868316114028994,0.11931075194323383,0.037402365956656775,0.22898131460999976,-0.21717038580571346,0.18764803066659624,0.21542783901434845,0.15570794869073934,-0.36246181325749405,0.030655967568755126,Friend
0.029920276848760564,-0.0283538795778805,0.45751263494279043,0.10853047591355258,-0.006429101405964241,0.8157427090085636,0.014197481583649649,0.25135460193338166,-0.6257628381830028,0.7459888273291179,0.018849270149473817,-0.09533557495200079,0.18441261151621258,0.272936580430742,-0.27612249916316345,0.08231104939022527,-0.13642266010452014,0.4897506445610219,-0.3679931387063597,0.2965918030109386,0.672271232247844,0.3589747754744718,0.06335421429116452,0.053466587127150855,-0.5622749558505702,0.6878243736603958,0.17860531692891798,0.6686134718110267,-0.2292799727686845,0.5642082743992901,-0.8327170394455339,0.4249631935074371,0.03987924053739841,0.08746270470149076,0.10688974784270538,0.24213922648993252,-0.21349699643601197,0.25255392807874777,0.23318058387808197,0.1903147276292124,-0.36492721784200477,-0.01662795464198786,Friend
0.0031069038407122457,-0.019933746603425062,0.47277724028422763,0.08089716205538575,0.020403088669724123,0.802113051741497,0.03347695689511738,0.3622033248258844,-0.5862758884451362,0.8007390993383204,0.050861283343122676,-0.07739041838879097,0.21559655032834407,0.28925453341566487,-0.2794705383724957,0.12533341614022084,-0.21742907890842791,0.4460632924867011,-0.34334478076441177,0.25282165366558007,0.6729070777066349,0.3735706052592631,0.04094857268647092,0.029602570209675036,-0.621543923079899,0.6693602252797904,0.08561875223212766,0.6552811022787346,-0.24466357374784056,0.615891964024294,-0.8917089783711493,0.4035743751851335,0.06543806853622156,0.0808961429231461,0.058786190820162856,0.1887768572804646,-0.24641312742816252,0.26443392572551755,0.20990189828385003,0.16466822917930202,-0.3804173293553552,0.03914796668173137,Friend
-0.006854548368025328,0.026225936257989985,0.48508513486503474,0.12037620503273722,-0.005146528902703896,0.789405828194574,0.045733932739265584,0.3576980871684255,-0.588120563771672,0.8410181481112188,0.032355374366164764,-0.11831894808564371,0.1951776995510653,0.2864346714289382,-0.31239268106697765,0.11897133258662596,-0.1309317184749979,0.5203444134623804,-0.31225178884558635,0.3325187014235392,0.6824507408162253,0.3823575135893229,0.06014059528768004,-0.024887346292271375,-0.585953828579336,0.6927506157191263,0.08434217294885105,0.7441645546731034,-0.24172893107664511,0.6210068319629726,-0.9257413200143665,0.4557278861096147,0.027343440656065476,0.054418347710663575,0.10334258710338357,0.2284861130100636,-0.2400520233592662,0.2549409271098845,0.22648188672166564,0.14310947332057425,-0.3651687126230007,0.08320592154825318,Friend
-0.028907274229930658,0.04330368871597143,0.4358189160527984,0.10786203080338214,0.02816342851085191,0.8184949960355409,-0.03043478428243891,0.3404357340826518,-0.6185779146103426,0.8346789179583973,0.06840037388887815,-0.07905363579491234,0.17214130423702595,0.31842849779626553,-0.2842671037463251,0.12351707751202881,-0.1796631857877685,0.49063758564909216,-0.3417785283719835,0.23701846519575942,0.6769872100015515,0.3962698801067125,0.05363244266883639,-0.03569950277165608,-0.5504372867624486,0.6604661412134307,0.11395912378029721,0.6760914585595218,-0.2678787487264504,0.5482522007330438,-0.8751490291611813,0.4072218239696958,0.05650222112228202,0.053499886682638005,0.03050579456240711,0.15368792994585478,-0.27123103017089045,0.18841046079339718,0.18659900190197007,0.15456575513130202,-0.33828824420065934,0.0303191770565991,Friend
0.01466367252961008,0.023347830389896657,0.4836208344019891,0.14870030311728172,-0.0022453395060097487,0.7640557097377533,0.031038313804411636,0.33235183886891156,-0.5441273263513897,0.813466830133762,0.01201289926744653,-0.05270735505539596,0.18046007367753944,0.29163438533157376,-0.2224746895817727,0.13371768777680418,-0.1313501873994173,0.5326107473160955,-0.35620517749655106,0.33640763099374205,0.66622877860795,0.4615965646800366,0.08653652573770121,0.04680123388376656,-0.53445943835657,0.6387401942403671,0.15063149003744952,0.6978338361638472,-0.21862617571270346,0.5830830004861572,-0.8537269231024509,0.4699261362042062,0.074368387769571,0.10472587304678879,0.06339221619375228,0.23158454900538405,-0.24093674591969638,0.25691201645946726,0.228368632570796,0.1461722546198869,-0.3593252927299995,0.1384652919119921,Friend
0.008164606072478287,0.04358853840173387,0.43182293600414423,0.1482146221102814,-0.023178964140459044,0.7803975107073813,0.04667528235173472,0.3167726926281436,-0.6211830854619292,0.83128558389223,0.002166323846654522,-0.10358522131099374,0.14089787032821255,0.25365135815184514,-0.2761361046110854,0.11872330629478864,-0.13782907778418785,0.4605053970461265,-0.34463113377616306,0.310538941596798,0.6700873905413915,0.4183236430635025,0.010654589471330793,0.039871346739517866,-0.5316241792536684,0.6349079239269461,0.11112512998725742,0.735686597288894,-0.21317355521005737,0.6045465386118931,-0.8369897818726103,0.4808825444729287,0.0795746289445658,0.10469079255372021,0.06721413170405222,0.18916451825562067,-0.27368700898290343,0.17329258424314942,0.21252161425176289,0.15081260496841062,-0.3153236485476219,-0.024167025197042495,Friend
0.0012218199663960984,0.013001684659321302,0.47605020301237105,0.1383064182821997,0.006499888086290897,0.8017377829157826,0.036055589460983646,0.34306202537418956,-0.5219366027492371,0.8280641006849663,0.022733651039524468,-0.11732894003013311,0.18466255436029724,0.33703388257758715,-0.3573057316763696,0.12743459218474623,-0.1658520308545105,0.5024995884148731,-0.33169281702775266,0.35461871890259167,0.6791574267873873,0.39847514708996046,0.07178159719204472,0.07048739650282565,-0.5451919607319373,0.689954236802938,0.09258293267743926,0.7287274160388827,-0.18626519976852496,0.6203031482076212,-0.8867994483181932,0.4185504365414043,0.09193663762140891,0.12906023803757286,0.04153682061195208,0.23944842421758944,-0.2310998839724655,0.20594547074131497,0.24445867598562737,0.1494683564162953,-0.378404456795294,0.026538842029734385,Friend
-0.005236407936169336,-0.022057388063344653,0.4231762398474971,0.10730761266335287,-0.029360251092163663,0.7736318544837588,0.034834602462654685,0.28484100998854234,-0.6064745562613704,0.8077248676131962,0.05127070549184434,-0.10256301655269456,0.1903316332067327,0.28909187095776545,-0.33746708483570464,0.1455034160396882,-0.1465816973925229,0.5119319286764275,-0.26447383783418066,0.2701887391547364,0.6315704424788454,0.42157441339422824,0.033103201475887876,-0.005066385346069183,-0.5742742430906048,0.6410576155150725,0.1508483716805467,0.7928196409754077,-0.2799040007168181,0.5602053400018753,-0.9023195921842659,0.39688807864741266,0.037564285511319837,0.08944640234154298,0.05339571083888708,0.1879623081793238,-0.2616688459217856,0.25430171115071315,0.19382599007066542,0.1443355738643334,-0.40675025807186455,0.03709207934166484,Friend
0.028827072887027475,0.01786654435408218,0.47345267166287536,0.0978988041510758,-0.04103250047107511,0.8304598978195007,0.047651245008931475,0.33588660281228705,-0.5598307507683923,0.7746388736663296,-0.020522076347423774,-0.14370903995583875,0.20577544723332225,0.29823180831025103,-0.2984289508278016,0.1023188447235949,-0.09266788638297699,0.47972311409017565,-0.29800726898901003,0.3047539342108682,0.6611898611833557,0.4428981792504503,0.06692679812393854,0.023779191570109534,-0.5317859457033974,0.7352171197530812,0.07713445865096705,0.7391173712570661,-0.24311346688876656,0.5764655737768253,-0.9084065556287927,0.465343914278341,0.0060792806930820426,0.11050920848185225,0.042043462531938275,0.28174553451322315,-0.239056898163896,0.19699131598595826,0.251634716607533,0.1828985030824795,-0.3445103341661602,0.07516293982596332,Friend
-0.03249820766297229,0.022251396166144095,0.4431480662984181,0.14483445740823347,0.010092617818879063,0.7631415536580598,0.04067769868812332,0.3380497669676152,-0.6226196022011707,0.8063317906380719,0.01741272030995541,-0.07737624864235819,0.12328260310899238,0.30337435897340886,-0.29811225692743465,0.15002682640425496,-0.16516032888739118,0.4774955987671788,-0.34497429131331714,0.319146679510086,0.7034485246471562,0.37366505502600683,0.03291807872848956,0.06858284378459928,-0.5766307198545848,0.6706254161922821,0.062079301516043614,0.6735300531198045,-0.262043307927953,0.583805042719344,-0.8483412171238812,0.45205970777840415,0.003062489705408865,0.07903607354909253,0.08773443677175982,0.2254100922332466,-0.18572784472134338,0.2281165744483653,0.19651888434404144,0.15123441947924077,-0.36284083867518574,0.02560985925796159,Friend
0.028176424069484955,0.022272864532246542,0.46274781575324153,0.14128395711407557,-0.03498990333995007,0.8115826221285315,0.026736094992840995,0.40370855851598886,-0.6242206917593033,0.7890299031972642,-0.03078736982701479,-0.10172579913340914,0.14270435320334812,0.32729532116216636,-0.24998933595626782,0.12094166366022094,-0.19551599814577522,0.44177396744104946,-0.36076521786424154,0.3279055284145776,0.6525996617173195,0.45765567923646017,0.08794873770840314,0.024527180562172127,-0.5796534167120323,0.6425320472754306,0.147056362462412,0.7052644119079899,-0.2028060933945133,0.6051555707919234,-0.8581316856275835,0.3929620011507201,0.05083454104662055,0.09454795213673853,0.047859756330428244,0.26604741104741825,-0.25379384258584736,0.1906005819361203,0.24531043818154516,0.19154231771697816,-0.31349778052727145,-0.00625961376153622,Friend
0.006021682471255603,0.0027084397389331694,0.4322677061902931,0.14374049812908035,-0.014087221879483688,0.8013165942063644,0.12491928767919619,0.3531544085906102,-0.574648010878778,0.8353653448844184,0.02223130281638971,-0.1281261856651994,0.14552998236891473,0.2908515401960518,-0.29082978607357124,0.06682256052849009,-0.11622256195018058,0.4907071351987926,-0.2964661887850966,0.2421885187215878,0.7199658540896874,0.3858422415577465,0.08100261096696094,0.030948516474328544,-0.552199672498385,0.6732434354761729,0.08635092870328603,0.7055698297486249,-0.24167196766133645,0.5603445281508936,-0.8939598611561111,0.3966701762854738,0.015944938332184737,0.1090334159994266,0.06703227781852858,0.23595195566569774,-0.20994107495201267,0.2007757444677844,0.17638794507400268,0.165712761312337,-0.44880304196826576,0.04774572841617348,Friend
0.022955058701183903,0.031407757872288666,0.4332363960373557,0.06676509948208702,-0.08344194576971971,0.8155983893608703,0.012243528919702215,0.4041594579258552,-0.6277550678693296,0.8209988419337012,0.06668251594437671,-0.08899134748707871,0.14717327849247697,0.3749086105702776,-0.23533883151098733,0.11891324253518777,-0.1405357221723353,0.5123868786998964,-0.32039614687905055,0.2676920440033042,0.6859359710506052,0.4442198650040309,0.05836369098398102,0.03641699232926587,-0.5819021001304288,0.6324885641524222,0.051929538056746966,0.7476892097925396,-0.23746369198395342,0.5642604160534923,-0.8502462920500948,0.3999665875117863,0.03508615190502669,0.08038598731654012,0.0610080770653541,0.24231134808162924,-0.2571240064255455,0.23822276244922247,0.21907632512458153,0.14115461823434033,-0.3659308380142364,0.03830965283803278,Friend
0.0019759418650708823,0.04559621899313688,0.4361316031673946,0.1396906910871523,-0.025401453138397756,0.8124154774803689,0.03115522041841935,0.38352901932704125,-0.6102976673917764,0.8314460244624369,0.05473447345755367,-0.10831373745284707,0.19112272626916388,0.2974524160795462,-0.2898538152427066,0.1310501988943929,-0.14490125761650988,0.48407776193505536,-0.3433032433292622,0.31714424100764504,0.6642361903499365,0.3899069960892298,0.016262065871574725,0.023238218682729978,-0.5523648734623321,0.6515338040807241,0.07589972817660896,0.7220787714162586,-0.21892452667043533,0.6083408831118321,-0.8126520528741403,0.3978814425865748,0.05631259196147415,0.11865235168812427,0.045960359334234646,0.2864172522921838,-0.2307261165880586,0.22474585981756093,0.2051198465447821,0.18715363895617987,-0.39302247867748374,0.09814400699172489,Friend
0.0069515641492065685,0.019753766306428375,0.426968433146772,0.14412400684579152,-0.0334836688233149,0.8317261590735607,-0.0158312317308479,0.34826568820132286,-0.5970747422764993,0.7638499282082835,-0.011248795017890487,-0.08169739357686286,0.1680346243108854,0.2716551551227834,-0.27155611803716573,0.15317586849897288,-0.14528104886894333,0.486099733175636,-0.333120107501459,0.3127067597572277,0.6451205631206027,0.4087815666776687,0.011870088071782949,0.04293074650027867,-0.5617432998425738,0.5946819222216151,0.12847857497001863,0.709304319539276,-0.24898128198649638,0.6331789106679956,-0.8844364114933075,0.4354962850811696,0.04122142953026334,0.11938350521694752,0.07271676565175877,0.24071818580071622,-0.23622030723523674,0.256804644199713,0.2606627336925271,0.09048298420546885,-0.3333464714457894,0.018596361951267952,Friend
0.015290305305032783,-0.05333028241942153,0.4612168393686469,0.10891959021540114,-0.01820860142238329,0.7834940009159411,0.0008264991969501208,0.322418230607324,-0.5973623835744432,0.8061108291314163,0.026505923028833984,-0.03936393249880466,0.16652505809603596,0.2955315327312554,-0.25957688251657435,0.10446386444119277,-0.23282244446358152,0.43021870644868754,-0.40626396960497324,0.3553478937851007,0.6946359011360185,0.4230776547811775,0.07267011668035336,0.007238341053964599,-0.496706028113375,0.6696719220601545,0.09692188414082875,0.7582653262926222,-0.21081816578110738,0.6445531822940196,-0.8377235547043438,0.4069765236099594,0.06643284353938218,0.06799756672432568,0.017952289704101655,0.2536746025090226,-0.20215352277721138,0.14844434798708692,0.18303319558049164,0.15827700254071791,-0.3565955114430125,0.11233860849323239,Friend
-0.018808143526338392,-0.005139194258194683,0.4686154139470775,0.12350062367612949,-0.01959325388359561,0.7788450288604837,0.029852428461575705,0.3383697723800862,-0.5649475596994077,0.8214525090421122,-0.0706497272479573,-0.14773100261123512,0.1799084527921302,0.32113034975629445,-0.30230680842577734,0.13696835755865683,-0.14714947242700574,0.5037050316461809,-0.35607200782284276,0.27470176196553137,0.6368445108339684,0.48952645006808887,0.056890663427382374,0.07971994957039574,-0.5907906769102406,0.6970574775684967,0.08480073904427216,0.7240968185711477,-0.23942807555993392,0.5781187228771827,-0.9054656225276507,0.4164007008194444,0.04320970482129847,0.09907503469811514,0.041665875496001606,0.2497945125968382,-0.24466350123682823,0.25701956201078835,0.20303068988227088,0.15352905908621609,-0.31303109145879066,0.03613018762082849,Friend
-0.01220717447505486,-0.02102921394294544,0.45525270402195245,0.11195130677014334,0.0188559805531804,0.7950594697637371,0.04802973509072231,0.36542603447238,-0.6007964383685506,0.7886195643351258,0.006961160104216721,-0.09491916020128655,0.20495199455642157,0.30508421208674597,-0.2837142618061919,0.10529524077992265,-0.18270306457079294,0.5030476552627302,-0.35915478276581564,0.32595142180256603,0.6940000580783996,0.4464158916358159,0.028802261852581015,0.014747841419451995,-0.6351782929115746,0.6313157380165421,0.07042118895913257,0.7401354226877359,-0.17661579489713247,0.6219245439191451,-0.8498147941405232,0.39623401377868056,0.02488286001791079,0.08801278449446029,0.04808812760827086,0.20273797084873563,-0.22431677831890146,0.17233393661198698,0.22934385801768575,0.14461126654298684,-0.36249429760070184,0.053982170403445696,Friend
-0.014001434851443484,0.03796646470820486,0.40094626832443386,0.17250676631662995,-0.014855590301670704,0.8240792495636077,0.028900249050707618,0.36915538827712524,-0.5889743164933468,0.8178818455697032,0.04974910960150239,-0.09230973885988944,0.23483368049463432,0.3022961741777435,-0.3047380543020544,0.11508628968782647,-0.13846111732967847,0.45030362765903664,-0.31586287884102177,0.2981713346993607,0.6375196632477322,0.40661608091031826,0.022222165015964628,0.007353722157940917,-0.584569455038402,0.6630547201888561,0.08740606538090326,0.7366937331929517,-0.20046454840931546,0.6207524444948953,-0.8253793103513218,0.4791143764054021,0.05211441109793726,0.06069480149100533,0.0581267868798612,0.23212130799025923,-0.1640914635234057,0.19666747112865987,0.21288734858670522,0.13615966410411587,-0.37153737241624163,0.014556996618221026,Friend
-0.043881972078990875,0.04082791998431374,0.4811056031551485,0.12291865547154238,0.02745750673828096,0.7572496370195894,0.017662124495563016,0.3488683610450595,-0.5474403317983517,0.816654986864714,0.03315449371608727,-0.10928402842738424,0.20285007496164092,0.32966107446677195,-0.3312517487954335,0.15981286192980582,-0.1714034747793699,0.44531844763239864,-0.3476632182516508,0.3478468219556617,0.66174119291295,0.40937858542542166,-0.0051677049470048725,-0.030267525741308626,-0.5980995396464758,0.6899921645579387,0.09758012011308848,0.7579561582111225,-0.19609375222038433,0.5817572580574119,-0.8325285215550267,0.4012425322173374,0.09083296544253691,0.12405817279941217,0.06875179032296506,0.23057056725826322,-0.22125077787680827,0.21137466711761285,0.19284532661787027,0.14231746921821323,-0.37260136793029214,0.08753507349725084,Friend
-0.04765020138853788,-0.014905252644954854,0.43934146869867247,0.12716376935768386,0.00445928059857705,0.7560093424075446,0.05362250270343129,0.37024909991739224,-0.565191940493569,0.8045020071762204,-0.005338593253236473,-0.10494125314648578,0.19675728752276408,0.3117158450616116,-0.28519579138311146,0.136544201414034,-0.1781216073262352,0.49608681958217793,-0.3471252774974787,0.31718293368041495,0.6232030013574068,0.41501152515709394,0.059427967899724515,0.040371336368313866,-0.595420644380996,0.6383040028161042,0.07304740133372985,0.7348646910647185,-0.2110904144935962,0.5836049182780729,-0.8400701700574222,0.45664552288640237,0.0649608635504233,0.10640000589746387,0.016414240374978704,0.21269949155593898,-0.2684353839454989,0.1806119549590175,0.21998500279636818,0.17927622272315333,-0.3372014077583804,0.0582393251786515,Friend
0.01570123583767282,-0.04767400402568612,0.4104337304593402,0.1277301960720564,0.013480617391376931,0.7830389119967331,-0.017960483386705712,0.3228876049670825,-0.6134265121717165,0.758994104784456,0.08354374582091612,-0.05819905910345942,0.13566156005109892,0.23406872997374145,-0.30693612801074216,0.08105061447343169,-0.09362578278917913,0.4634274473777446,-0.3288030692271015,0.2939705070334158,0.6411957099368994,0.43181880956453045,0.06287279175878499,0.022715411244578446,-0.49433932712303597,0.6666595772350833,0.08541099710748626,0.7824234641732187,-0.21872088721554303,0.6533393934633128,-0.8807112096830837,0.3271406867341669,0.01405948083423414,0.12775474373379456,0.049128866185978254,0.23617043949426209,-0.19684917673514377,0.2132960887367399,0.17876741376491123,0.15626189940744287,-0.3579291866103929,0.03874391412274443,Friend
-0.041549344102663595,-0.010664469310043317,0.4463352712378826,0.09071126783148299,-0.03198670713882225,0.7749513047683707,-0.032947834646658014,0.34748755580620044,-0.5783132547717986,0.7943989855388632,-0.024246493645938835,-0.08297560901402998,0.21131372685362942,0.29468774219104704,-0.2815096067051099,0.1435489278405897,-0.16796840451825193,0.4599643026319273,-0.34175779962508246,0.2973828289302761,0.6741017805456306,0.4269263832027314,0.007165521055096151,0.02982669651059564,-0.6033749325122446,0.6320625039520503,0.1463201886862455,0.7386844654829259,-0.22600892606222986,0.5547476481078327,-0.8866107600770701,0.3553901929242508,0.06193968057905174,0.057864516760359544,0.08353606716732673,0.2334098034327415,-0.26734737981275863,0.2193593414780604,0.2673510853998755,0.15051273749278032,-0.3347280551284627,-0.012101012016346856,Friend
0.014030878335384406,-0.017078180727948717,0.44104924802731804,0.15186015136998054,-0.01174841909812498,0.7479336845312126,0.0686796315924595,0.30013447613671,-0.6106080145392069,0.8145723217550221,0.020934972529904533,-0.08234603137941116,0.19892939445894572,0.3261828669625899,-0.2680474983882796,0.09015961515954263,-0.24304703206315662,0.4920296780975319,-0.29566499451084066,0.27157319986876305,0.6447127658871894,0.4110440606141081,0.05771767223754677,0.05817100278477501,-0.5165640611590054,0.6666904681160526,0.07130403400277593,0.6980817767202437,-0.2471459871768123,0.6354380609369371,-0.8945410640883499,0.4464212392984014,0.015077080260515865,0.10388824922347753,0.04426799598025823,0.2442339597781431,-0.23855282665130356,0.23183747009936526,0.19150202262072546,0.15581530609637692,-0.3368946968314089,0.04793183139473173,Friend
