x0,y0,x1,y1,x2,y2,x3,y3,x4,y4,x5,y5,x6,y6,x7,y7,x8,y8,x9,y9,x10,y10,x11,y11,x12,y12,x13,y13,x14,y14,x15,y15,x16,y16,x17,y17,x18,y18,x19,y19,x20,y20,label
-0.0034694484716472156,-0.009033110867678664,0.02205058597102475,0.7091266959838183,-0.3352920313839852,-0.010456023985886943,0.4864467498104602,0.34548148807143586,-0.4152565490853846,0.2879088519795265,-0.44262268519140346,-0.1256857428212424,-0.08112290341083944,-0.7528042685220382,-1.0023637442993616,-0.1957834442562434,-0.6540372093298605,0.2283040826845273,-0.6322508480071689,-0.5659573699235173,0.3929968838536291,-0.07437844575637141,-0.16440212636583806,-0.525174119826449,-0.46008788512111287,0.13971110893667735,-0.7138969368895287,0.20671328646142015,-0.47182996020037216,-0.021345011023764807,-0.48421633631598193,0.9224815631918101,-0.3030093764509267,-0.37976251313216086,0.14592842192406832,-0.4851439115948484,-0.12385855427878635,-0.8607743778101022,-0.8092744734576337,0.15811870510108467,0.15067188640000254,0.12064411786958151,Hello
-0.02425480808679563,-0.015052711307536095,0.09386830921310979,0.7405845555254501,-0.33736567436820275,-0.026771667779053734,0.4790505276038476,0.42743204244830457,-0.44604066098354905,0.2896314559940829,-0.4340782697761894,-0.18794147993043198,-0.1031692807737807,-0.7729110139301275,-0.9770338149034087,-0.19354468698196137,-0.7064362345334799,0.18641836918789575,-0.6281570563676133,-0.5844559187002514,0.42134836172382967,-0.026370721329515137,-0.13219232400134812,-0.5606239862986185,-0.45020106975201996,0.10737174452693161,-0.782309154099929,0.22527146283609736,-0.4808649220673938,0.0064111553568147045,-0.48891238408611704,0.8845886737873982,-0.22545837641939165,-0.43947992939200353,0.17760169431237383,-0.45361570010026914,-0.10288041916356,-0.8284289340159176,-0.7606004874944253,0.10534979607196385,0.12394077787176516,0.2019058931920903,Hello
-0.02971608975392065,-0.016988931888083158,0.06939578663467681,0.7156177526121735,-0.3679927711871756,-0.040112801528273595,0.4442690897116232,0.41258046565137335,-0.45256179519424256,0.3459593525425421,-0.4458126239523118,-0.1536978769726387,-0.08764737256462789,-0.8176686015885428,-0.9703634205645587,-0.1472927903522341,-0.7121996093088043,0.20457674462682565,-0.6100791370443576,-0.5369329144702835,0.3890784117474675,-0.07810594542647958,-0.17311965406915708,-0.5569517804865781,-0.45041279596332656,0.11999856828482591,-0.7451467592883124,0.233034490014404,-0.4738796541666641,-0.08891665055853491,-0.4271683198083407,0.8897572411447435,-0.2601561282443138,-0.3847229800044027,0.11407655977010356,-0.45256115296859883,-0.09185351020462929,-0.8257677799226267,-0.7737830329451787,0.15978875576382723,0.13099686985759176,0.19309601389740935,Hello
-0.007361643480086114,-0.022612084930724686,0.03972081279328188,0.7062477136866964,-0.32378591953761476,-0.0319351315279551,0.48443892510330694,0.4231881902033986,-0.4245890114108913,0.34306734270673545,-0.4302547301793634,-0.062430956488779873,-0.09328286865276779,-0.8064573987880126,-1.009313993544516,-0.1720329005234114,-0.6706789958317431,0.22045774369361928,-0.6036784921346039,-0.562572468003309,0.4007831215317578,-0.08393766377452722,-0.20217334959967465,-0.5401693568538696,-0.45150476914979676,0.072232958638557,-0.7195505898654222,0.237626400491439,-0.5091875514516585,-0.06287435483937805,-0.4813952935893034,0.8412531445824712,-0.21368340251778586,-0.38759605247237056,0.1758085471721815,-0.4445596295198253,-0.16794145861356413,-0.8292820615695291,-0.7872332588062485,0.16281890648309855,0.1217864956469385,0.25177416913743256,Hello
0.01712671532079501,0.03406696920541796,0.09502629858684364,0.7502637597748335,-0.330930945594402,-0.019400614157656395,0.4529534446872792,0.39126813453011766,-0.4395399746021016,0.30191754457360565,-0.3528752681820194,-0.20005398726422086,-0.09146508337448257,-0.8291241482312137,-0.9913451745763655,-0.15383855507168598,-0.6620467116991036,0.16670538553297734,-0.6393347321496093,-0.5399996681555626,0.40427593412229584,-0.03199848934649204,-0.1874107458405496,-0.5854093311117483,-0.3936092587939431,0.12862269266945697,-0.7855002952406859,0.2316605085426567,-0.5025254223086761,-0.04191310797385716,-0.5069171772956644,0.8721001602733829,-0.20926740495882062,-0.3784469324383139,0.10730811766524992,-0.48620872815610083,-0.1408597369096801,-0.8207471873492868,-0.7497206896140753,0.15955477928456094,0.06850854642770571,0.1637280828294342,Hello
0.06366468591037899,0.030973957816534406,0.020825146703427173,0.716195000049672,-0.28346553377959294,-0.06339977474101784,0.48945278396779324,0.421611714335198,-0.45278698231457093,0.29767555971016196,-0.5195530453842969,-0.17476766072649713,-0.11962993362751279,-0.8181761675544696,-0.9282148794847335,-0.22941131431952594,-0.677176446872877,0.20295994618943927,-0.5746374221998268,-0.603463465158986,0.4610818456384587,-0.038185255203363674,-0.21822316056910254,-0.5519982164556756,-0.45195579060649876,0.09159861568515279,-0.7226519550912571,0.21450747119372107,-0.4792663080080871,-0.04762218778211248,-0.4355610506583228,0.8384077885525845,-0.16042602208854634,-0.46298222224909263,0.13876345702585569,-0.45852417488633507,-0.11818162154280043,-0.8198282959666933,-0.8089279843332265,0.1326152999159673,0.08865412234943071,0.16168028732842168,Hello
0.01071046457895142,-0.020787287857819626,0.09339424194504509,0.7399410078619578,-0.2970870046900228,-0.02328082551474605,0.45126835079574423,0.3815672615264088,-0.4025602600135306,0.3177724283550199,-0.4229420730011491,-0.14051620998720496,-0.07372294221206524,-0.798489813760599,-0.9607742971675814,-0.19257285255372378,-0.6705055483687841,0.2320010344304722,-0.5931131304021694,-0.5359823115435837,0.4653512972884398,-0.037862131784968514,-0.1683193118988151,-0.5751693233813774,-0.4482025908990496,0.1057008303688861,-0.7218361386911761,0.24392158986268128,-0.5072184488626287,-0.00471448974718007,-0.5133220765876745,0.8391165951337579,-0.18967369712323232,-0.3806697074445295,0.16204060438848786,-0.457323325802944,-0.12697878076025884,-0.8280649415166503,-0.8004101800766965,0.12709047661036893,0.13558865706028958,0.13178050297272678,Hello
-0.024764915903775345,-0.009641575249589803,0.0787941893103163,0.7138102856515403,-0.34613948012218454,-0.03485907442769705,0.4834871982566681,0.383164397471184,-0.43911021733577815,0.30642281851274505,-0.4657575554271444,-0.18625994471776508,-0.13360621572329107,-0.7871460866468796,-0.9678599916347425,-0.1422463864722204,-0.6382453235759069,0.1942395729719537,-0.6184461071088909,-0.5904634815627371,0.42563153899403827,-0.047152006201555435,-0.17909634422752133,-0.5906782489901434,-0.4423471860464677,0.15558728938999397,-0.7280088220946634,0.23811823076254213,-0.4619675086142912,-0.07952272217431897,-0.47641878068837085,0.8759200255408437,-0.2214867403717694,-0.42760988177908155,0.14405231510469146,-0.4612337423435089,-0.08307706934100016,-0.7723691855895192,-0.7380888430971616,0.12438490106909078,0.1325046841593774,0.1416924845899415,Hello
0.06569408799653016,-0.024248948560654543,0.04121459041662429,0.7127402428723388,-0.3851897399844858,-0.05794234142287724,0.45336422127679543,0.4028845063266041,-0.41472638889391367,0.35574644556849255,-0.3938023100366432,-0.16134314115634052,-0.1390053292261687,-0.765985096950329,-1.0167942148133018,-0.13156331000507634,-0.6285919086503289,0.18496245930771538,-0.6692696567445365,-0.5197714293986404,0.4227507377162314,-0.0013577576747474326,-0.23661073080149503,-0.583842571372187,-0.4577702704821574,0.1110145398128589,-0.738247981785335,0.24475237706999883,-0.5147004412471023,-0.07175749256838268,-0.4795326861913264,0.8909754185391524,-0.20306857698556766,-0.4381588510185536,0.09729358475485453,-0.4378433864239171,-0.11664195721546367,-0.8236019064687721,-0.7561497575568326,0.15087556698451804,0.14171398057967186,0.1382177788600942,Hello
0.06182243774645961,0.052660225273296134,0.058937321227675366,0.7598691507642902,-0.3021115897676372,-0.0011107440464839594,0.44719049730600324,0.4189542365322711,-0.39322633356174086,0.2466991357993225,-0.45781278056219793,-0.20521299681927144,-0.12013509411905471,-0.7592164044216453,-0.9321165070398016,-0.1842842295681137,-0.6151166459048287,0.15763468512440978,-0.6689770940524649,-0.5620540315905014,0.4377088965419892,-0.03947308947677408,-0.2508011640388603,-0.5685349218689574,-0.4970616664888485,0.12969529846481778,-0.7137480702580522,0.19787048550975322,-0.49808783588572536,-0.09926251367441243,-0.4850219280608785,0.904196523132427,-0.25398880471830065,-0.38929819279788225,0.12740928132574997,-0.4999598760487427,-0.12982228837348814,-0.8322045800446567,-0.8192937959829237,0.11146899117806683,0.16527681904524874,0.1372501309769428,Hello
-0.02099176523977757,0.00641939732202666,0.06303640419132268,0.7240929342496628,-0.3030478672538889,-0.019444459471035264,0.46022316669509056,0.3810981455129775,-0.4332306190817778,0.2304036854499484,-0.4677707570481813,-0.10302980346313269,-0.06270385768067946,-0.7882137532822155,-0.9598905097110095,-0.17716956834440087,-0.5716086880183103,0.23262497621389383,-0.6217131486162333,-0.5890538138416156,0.37799354346608277,-0.032388337957934596,-0.2114684233961931,-0.6085289319715039,-0.47732476800097867,0.07715868189148478,-0.6741317685887808,0.2525160718080574,-0.48291100760512307,-0.023087783851043105,-0.4808205059132548,0.849703727477542,-0.17872330101014464,-0.3882522869528778,0.11219962524712951,-0.48188385142338064,-0.15287992517639412,-0.8426313023010055,-0.7748989903965591,0.2046878271698362,0.06437803784318283,0.15308130151850807,Hello
-0.019519277073654806,-0.01461376151294088,0.0486344279548815,0.704802299145265,-0.3200172194168468,-0.06709819426478555,0.48425190589680156,0.3968655494488438,-0.43214750957322073,0.272234410530768,-0.43961816509927465,-0.12137429471169575,-0.09702537345698656,-0.8100693294394807,-0.9742072494398057,-0.16396545927955328,-0.7140572707056086,0.21533853464225458,-0.6377543336401856,-0.5432696405658081,0.40328915837753443,-0.09263871005388685,-0.23760417417415888,-0.5644187722837323,-0.4501359064220584,0.08247562324678438,-0.7055882438776365,0.17622127723150507,-0.48465422232504407,-0.10381659401061757,-0.5026966383767482,0.8769642136568824,-0.25022942428675293,-0.4159562545903123,0.1735057941533564,-0.49348044716656686,-0.10154061421289716,-0.835038516011804,-0.7867901914850498,0.1906523865754693,0.03218573005393838,0.11228536675367665,Hello
0.0173121638154162,-0.00609136158128978,0.07754062188318683,0.7126024666341849,-0.3188751746310046,-0.0468400078342168,0.5111716629732006,0.4060053180313543,-0.4148509883049724,0.28710501140834194,-0.4369432119043995,-0.15701277712105705,-0.10021932481436907,-0.7933722065201321,-0.9684939728957902,-0.12424504902134378,-0.6378413711690167,0.1892570229058213,-0.5818392032068919,-0.5726298618142494,0.3650431970184743,-0.0687348363614734,-0.2449016586684397,-0.5764067252048131,-0.45737503009801633,0.1598982413681751,-0.7149381964280328,0.21949386323530795,-0.45778966093011986,-0.13382016728798043,-0.4760731183994264,0.8986682093339989,-0.2687746107016296,-0.3701069669672097,0.15347190210175563,-0.4886323284978964,-0.10762792159166287,-0.7330265246379436,-0.7972283291707535,0.15485194554474235,0.09255423807154974,0.11069689333384719,Hello
0.024910074496327365,-0.025682514777266015,0.06855323279862935,0.716392298832706,-0.30710347348279987,-0.03215982761384597,0.5072643994511433,0.3830722007666755,-0.4330753162260296,0.27009840891854675,-0.43564382298450804,-0.13271701669512287,-0.08934323058635742,-0.808407631820853,-0.9510990409995127,-0.14583793721655844,-0.6515720651752565,0.25534160324759847,-0.6410892968449174,-0.5977272417229453,0.3728253256066816,0.006389082310724201,-0.16914693134704228,-0.5675288608108874,-0.44952852268410826,0.07584045058096534,-0.6513734582524529,0.2299435145588307,-0.4793899845274778,-0.04571310930078312,-0.46871127819058195,0.8822587742457638,-0.24813125699159372,-0.3902755375493377,0.19977774477117421,-0.43581108969622306,-0.0788157787756695,-0.8164837806650109,-0.8323724614302657,0.14363172035274283,0.1080068124264179,0.1690179699719194,Hello
-0.05077393889144458,0.04588650958381841,0.06166600872467789,0.7179155901372369,-0.35183599951299666,-0.0918153909284275,0.5008333186422638,0.40057223174797,-0.46367789515946006,0.26060895723010746,-0.4323885661609285,-0.09396538572778665,-0.11984062962662612,-0.8258369606890673,-0.9845595105252609,-0.19468878007313706,-0.7448817115602147,0.19740888287532216,-0.6248036567780706,-0.5395014096792002,0.4816556159221703,-0.004695296147518568,-0.19684456175430892,-0.5990570979458238,-0.3807267873762071,0.11138167502035129,-0.7243281388835693,0.22534312648627378,-0.4767292855425889,-0.07181692037546215,-0.5003514153490904,0.8591364852801782,-0.22539962143471431,-0.42072233139743054,0.12193163639660827,-0.47298078425011547,-0.13426069409747707,-0.7560275207145948,-0.8822134110742986,0.18015053351340612,0.1437176208326859,0.07399051744554647,Hello
-0.010280627822410463,-0.011143225979873743,0.02418089484051294,0.7073875216079333,-0.3547901436191665,0.010398422530254262,0.5042085529178302,0.43651934558214267,-0.40332890624593143,0.2655897672554991,-0.4380506331706179,-0.1293547946496309,-0.14871672335247632,-0.7593527191903525,-0.9843969805474266,-0.19775169720719488,-0.6426463132258627,0.21236562821543772,-0.6287046058463827,-0.5256077065226754,0.393755033245813,-0.020014178825623376,-0.1709848632986125,-0.5751477138629935,-0.44814359080643934,0.07207171470835755,-0.6970252070647507,0.2205198150062842,-0.49835351898119573,-0.0360158312426372,-0.5042718658589661,0.8332884146264831,-0.27111589853395146,-0.3862392897230484,0.1049041293020347,-0.42352986562134143,-0.18906925981136308,-0.7502536193233743,-0.7963537928064297,0.1445039345996205,0.08998749245348857,0.14816630784835308,Hello
-0.0011290410727454508,0.03309905646049564,0.06983307514190876,0.7352310750795158,-0.3323812346216073,-0.04387805948408644,0.48537225419016816,0.3470676409526191,-0.46542463083039987,0.3217592432126974,-0.41718906203838646,-0.14955553157704882,-0.11149987109375618,-0.7703152209346741,-0.9933800090119633,-0.20985621474277633,-0.658099754619037,0.16968654554240556,-0.6056280382003761,-0.611465108750738,0.4570616021935793,-0.02431432256156,-0.18109700900824774,-0.5363805911652083,-0.4079633481398256,0.14003622395046056,-0.7799722445809071,0.18767957009750283,-0.5014163856964949,-0.06670337651141886,-0.4676117845286097,0.853769939122786,-0.218814020393922,-0.42708107623401725,0.12497147578716475,-0.5183735239863191,-0.15430837495817853,-0.8416978485405654,-0.8319605144118283,0.17901458185396746,0.07785309839279876,0.21516368636291267,Hello
0.014799537026426677,0.005545083710846217,0.04065551227661117,0.7517313186179293,-0.3387420030423248,-0.038509396333093575,0.5529407372714702,0.3954908957405784,-0.3905008683786582,0.2783660276382393,-0.42336467989713356,-0.09091201241740313,-0.130861900819351,-0.7263692153556163,-0.9559546605390182,-0.203381076257535,-0.6450028801003018,0.22821436235965842,-0.5992213220052943,-0.6074943422203165,0.40437281779906387,-0.04591780610049643,-0.19101090391066539,-0.5472411577570534,-0.45259655144570526,0.0695447912386136,-0.7133400821107788,0.24438445145808857,-0.4658781149276934,-0.03506268625110523,-0.45812389050621627,0.889317655894243,-0.22652199467199377,-0.4542484162688973,0.15620555645090078,-0.46994306046597906,-0.11846401245899021,-0.8394497676466847,-0.8351160130347561,0.17899991355571937,0.1051484104420574,0.15663724533896967,Hello
0.0008495512839138352,0.0008926841848723556,0.0945547598613275,0.7152406803891384,-0.3185892449469621,-0.05603794943360569,0.4631033143004369,0.3890975290282587,-0.4183150550182171,0.28509886174211163,-0.3846423414150191,-0.17087425055305355,-0.11765903841055875,-0.7939346038437494,-0.9337778820720706,-0.18061042968535973,-0.6330197760879084,0.15447091767974735,-0.6098641128957325,-0.5336986767548997,0.4286554527520727,-0.006527835781990753,-0.20429655454067516,-0.5235808974780064,-0.38896063776512535,0.09871996518672686,-0.7381110932829809,0.2696684134131049,-0.4352846639937032,-0.08317190883234193,-0.4957471596555591,0.8670887152515747,-0.2647505386592627,-0.4319791466579435,0.11319278687436116,-0.4992076180339962,-0.12765192419645485,-0.7941208683959798,-0.756169302038086,0.11745470673356855,0.13586473701205456,0.12977255909102567,Hello
-0.0014839112895729885,0.020244584764998113,0.03272458503517862,0.742194314621181,-0.3164793020087999,-0.02739615285220994,0.48481326044064094,0.47203169692964475,-0.44411126769476794,0.2835314117419614,-0.44100924097496763,-0.16070034506127606,-0.1311745029049135,-0.7450721761622976,-0.9345720911629869,-0.20362946179319125,-0.6889457794650944,0.21318019556244863,-0.6344423122002394,-0.5413996460909375,0.43227462369934894,-0.08396457048386824,-0.14235274499776215,-0.5119849904907081,-0.47631124218823445,0.09797407520183711,-0.7161700559192106,0.2361005827991846,-0.46291550018543964,-0.007179971854753393,-0.48844997196750484,0.8515933361812363,-0.2657966001686702,-0.4263474894616751,0.14232320069070928,-0.42233695517533876,-0.14213971654593655,-0.7944336718229085,-0.8031770037046908,0.1830571261591748,0.18214303783396568,0.12026616123018133,Hello
-0.014683183275546664,0.03132482631207216,0.08686299037083692,0.7861232420077405,-0.3039550226954127,-0.0529484534960662,0.49385784604417565,0.4316338001498051,-0.40036460273130753,0.3146795413252349,-0.3903147844945501,-0.10895716377309825,-0.07058811935459217,-0.7612813754678349,-0.9822007610121881,-0.18210566238770728,-0.6277798432767168,0.17452965874123944,-0.6068154216056232,-0.5721877649934236,0.4270492777618545,-0.00013869115573232615,-0.1830449289970669,-0.5644682242388893,-0.49872326570310044,0.13199272898073325,-0.7053814922067254,0.2909645207987377,-0.4919051754142146,-0.06091159818782571,-0.4756600446313607,0.9228658519102941,-0.2272758892998429,-0.39604894249030737,0.16155390516841936,-0.47057541738618164,-0.14000438601136725,-0.7953246105851262,-0.7704753643267152,0.11660986897340046,0.11032415528216334,0.11518859996961575,Hello
0.03585139886774527,-0.04569560714351324,0.049638590263899926,0.7420383784875951,-0.2745071473781614,-0.04414219860464405,0.4594822153226104,0.4548074048155356,-0.46841948517971577,0.2334971416934135,-0.4091145916806247,-0.15909765821704677,-0.14268987359963936,-0.7594919786765436,-0.9698731971895466,-0.20342943190280882,-0.7023842442320943,0.22521144871926085,-0.5983695855330504,-0.5633628765369844,0.48158604295523993,-0.07059479002373586,-0.23454365616540618,-0.5866185627800111,-0.4592951619643678,0.11690530547959739,-0.7319830993766476,0.23662854099500277,-0.5202180110913379,-0.024173169895546097,-0.4856060904944604,0.9090611284650337,-0.21413526293690321,-0.390716991688804,0.1604100282838893,-0.46274243428035294,-0.10732969477882509,-0.7612727344681025,-0.7967886817314642,0.16867544068338763,0.10364299422914025,0.17939574088127513,Hello
-0.02029176906177809,0.054028212987324464,0.06520150716271728,0.6877987691721181,-0.3176297358078679,-0.06260124049670084,0.5013575075930681,0.37879397335324616,-0.43836457116367183,0.24277509846365003,-0.43588421475969696,-0.21675241128533712,-0.15956997379028967,-0.7579302324111953,-0.9536132138431576,-0.17374334612715803,-0.6929843965658439,0.19760638818659712,-0.6179836970445273,-0.5951385412993792,0.47128888212682446,-0.012171378316681147,-0.19540682625255393,-0.5650547455137378,-0.4516760972352763,0.04835307594718792,-0.7321613391165755,0.20560735165963992,-0.512720428662472,-0.07591911680432252,-0.42921095933719766,0.8947675393554002,-0.24155239302171824,-0.3872421048227328,0.18529767297450325,-0.4484346805934893,-0.1248224664772462,-0.8205554137032427,-0.7817376174141006,0.15920988951838477,0.133190861658589,0.15524737846825004,Hello
0.031486581459580054,-0.016057056346817037,0.10592806765107735,0.7366500103764315,-0.25921504207643364,-0.06284532531514145,0.5282171152183639,0.40431001623619733,-0.4445216082756619,0.2849447453703863,-0.4319254444280543,-0.13131105309441093,-0.09636782444465299,-0.7979536722136815,-0.977917856370512,-0.12223896222235105,-0.6121488171689462,0.2121274389610775,-0.6167355165267643,-0.556786660822055,0.44459247225572246,-0.06917602398990345,-0.19649919716036435,-0.6159188428999014,-0.4459508877955445,0.12902100019099888,-0.739241611509939,0.2732864819982749,-0.5194447982556948,-0.11141735442403848,-0.47640800058588423,0.9069552025957546,-0.1738991925844983,-0.41818611614948575,0.17567743487986207,-0.4773289451658936,-0.131790196573076,-0.7746375122474752,-0.7831146304701057,0.1001135632462048,0.15063127554953393,0.1775949650422145,Hello
-0.018766881045285882,0.01187410600312227,0.08122715127052973,0.7385422352103768,-0.33798202287055423,-0.062318391810595966,0.475371578993663,0.43355456331009884,-0.40867106352939553,0.2883428904294328,-0.39916406386277437,-0.2294923101053707,-0.07758991807455487,-0.8329340854588672,-0.9880604468447765,-0.22009716981949126,-0.7028155565435946,0.23386253249221212,-0.631906656911167,-0.5499924841716813,0.42477931570743444,-0.024181022217257642,-0.18647324430585635,-0.6043510874092308,-0.4280395768902887,0.09479242450507726,-0.7714434746007502,0.2132234242705965,-0.4376490346465952,-0.04197945575433909,-0.49360111917491917,0.865064522387837,-0.23406607486475584,-0.3421171487565923,0.1547750734438698,-0.4632724416651403,-0.09570287395389615,-0.79398363560128,-0.8104555811971293,0.14151483248318292,0.10418702727533513,0.13507555732249568,Hello
0.021828886309109393,0.001558376574218983,0.08838544799851494,0.728300524832402,-0.3191138125457089,-0.10211571130841765,0.5036280313644809,0.40876734700925765,-0.3950387648714389,0.2125736590462053,-0.35966378403880284,-0.14822372033112363,-0.07880740458359248,-0.8119398499092901,-0.9588040014508055,-0.21810953987591664,-0.6826881810928417,0.25645866948686014,-0.6235960928947106,-0.5538646144282111,0.4522889649944726,-0.02362179039477315,-0.18426533388335672,-0.554912490609587,-0.3858251139165546,0.10787655808890907,-0.7187130462395087,0.25758651097980223,-0.44950605037688507,-0.03187519885093248,-0.46397964848180784,0.8412521061354754,-0.17541407735920148,-0.4388099500539782,0.1523960738340942,-0.4988019665814531,-0.1285355279726412,-0.791284438062971,-0.7930436003590001,0.16006295058279082,0.15474640312951646,0.14979825346321032,Hello
-0.00732469905871946,0.028922615048650718,0.10209036034978679,0.6938937877815498,-0.3035508661596959,-0.021134508503127467,0.46721129602260664,0.43964389713166646,-0.4294807357782043,0.30322861399616224,-0.4275071799107408,-0.1435686600590244,-0.14494114169257402,-0.823944198573353,-0.9293520667059334,-0.21191591343025679,-0.6937168827556567,0.13443602546274508,-0.6370444733024954,-0.6000802944258278,0.47544738787790103,-0.008197734353672263,-0.20942241139299572,-0.4982882465232445,-0.42847461686395505,0.09986018049465796,-0.7997281890871649,0.29479515627729613,-0.5243590023685324,-0.11684807042645062,-0.4524644421823942,0.9487348257075681,-0.1828888387729188,-0.38750231466184676,0.16115964012688178,-0.45057122431746316,-0.10384351988124846,-0.7927115676529941,-0.799558283703952,0.1455275341187466,0.08371612739175677,0.12777197211178773,Hello
-0.050788704425861565,-0.0029501888038424968,0.03674851246752005,0.6976143427191864,-0.3160760437205873,-0.00040962218211643836,0.5036876993034758,0.35125767462362256,-0.4546679122643386,0.3276844560316624,-0.451789646988374,-0.15077502598637918,-0.09555132611498142,-0.8097930057414332,-0.9740259534183038,-0.2265278378282531,-0.6820161415905039,0.20863118689513263,-0.6656654328777604,-0.5471733584847909,0.42559779910600953,-0.021917548401436854,-0.18206047701572417,-0.5249371077843584,-0.45417084639426564,0.09672295576615905,-0.7210770925499892,0.2423658199706655,-0.4812060262558534,-0.0662683572816274,-0.504201305776886,0.8556552259908614,-0.2664951814822252,-0.3519322859678094,0.10600111281518465,-0.4969608470147496,-0.14816359554192735,-0.7742995790637421,-0.8115328071712691,0.18483759013594428,0.086130346330441,0.144562049284505,Hello
-0.02506041159779272,0.06435447383320164,0.03077829311116219,0.7400166435424703,-0.30245956182722866,-0.02975571784890947,0.4705795713570751,0.39447807174031513,-0.42366472400785515,0.2950512603431613,-0.3933986516783774,-0.0777203414387279,-0.12877764263595298,-0.8218367614828965,-0.9798356800532202,-0.1091157928510774,-0.6880853493110594,0.24821123303417855,-0.567544596449517,-0.5769952478748427,0.4432564254493682,0.01035965165990485,-0.20015173326728863,-0.5719687314866446,-0.4753780088921622,0.07916242007913063,-0.7442243439929379,0.18934867109670617,-0.4816493243178478,-0.09058530494950313,-0.47612797778896093,0.8288653841312811,-0.21449061636180064,-0.37941371941514984,0.08350494059977953,-0.46495199398544523,-0.08978130780065265,-0.8374365409328116,-0.7525071452173772,0.15997589823671363,0.08518470938500479,0.13451915208805976,Hello
0.01674980737565167,0.0022801617423723448,0.08256892545543865,0.7031018144432786,-0.31639204353410927,-0.08458112567960382,0.4728014192829454,0.37125546348837424,-0.4470449664449215,0.3365441156483291,-0.3895757215643966,-0.12576188785925313,-0.14482227202589534,-0.7902349255863682,-0.9407942876033071,-0.18225556557150982,-0.5943952260725167,0.21083726405268768,-0.6121141473771093,-0.5696610945496778,0.43019316021727844,-0.043066342125367606,-0.1675346407370063,-0.5371602511797362,-0.4815072652889414,0.0696681333931833,-0.7798321788340565,0.24130661890695018,-0.5157728265508408,-0.13207282580631835,-0.4714841970067544,0.9503322390403737,-0.22459915067443115,-0.3792648650298683,0.14577189063335014,-0.47914038067660664,-0.09903908308521836,-0.809855546697735,-0.7946625474003512,0.15705626214161267,0.08629235144846559,0.1659534949038866,Hello
-0.005248792700862259,-0.02267235478478534,0.08250154098915968,0.7037679827819284,-0.32062743353411777,-0.042443260671780524,0.5087150680983538,0.4126136397187165,-0.4257298769295828,0.32399430936802454,-0.3806087987117053,-0.12730172229591258,-0.11174231049041655,-0.820097759066029,-1.0091406284949438,-0.19566381411134698,-0.682260478336746,0.19342858978129315,-0.616176123124897,-0.544496817992901,0.4240719697320372,-0.02389719771916523,-0.1868436685933604,-0.6251253176741899,-0.4861076432882655,0.10528249532826817,-0.761036859926191,0.24406474099946002,-0.43674930339531365,-0.030923252466824383,-0.4895448412705896,0.9202640376228884,-0.219956999612171,-0.41453216739695875,0.124914929970695,-0.48524778167551624,-0.13825668213108827,-0.7960348237008108,-0.7978670973910124,0.1474967085603347,0.11944321015014756,0.17191161266138116,Hello
0.02848662406323971,-0.0445469390534971,-0.010211388365011065,0.7587516195728378,-0.36247922920765424,-0.048912652829234925,0.4410348103416256,0.3443132796049173,-0.40873518632108485,0.32223597520109537,-0.43961033720402626,-0.22176730025081573,-0.12844022253329246,-0.7689885519334477,-1.0215545656659064,-0.1810062753873323,-0.6644344077471573,0.21641647385888918,-0.6142882098193857,-0.5895796688500495,0.4620840781237447,-0.043248134224760384,-0.18959703722296198,-0.5938593594557696,-0.4712260490094482,0.08306104057910961,-0.7299343994386603,0.2774181335038442,-0.5238288626535652,-0.11589294995404611,-0.43900644531787514,0.8692625432028339,-0.24448920548803185,-0.3732224476415353,0.12514854368481726,-0.4213933996744643,-0.10627360143467335,-0.8157846526164465,-0.7379650704245432,0.12923388026563212,0.12859792621803626,0.1451710018299857,Hello
0.03905223868196394,0.046845335901805576,0.06736637015402057,0.708119486125274,-0.3076737039670181,-0.06250115186501759,0.5365398185492051,0.40246875266480003,-0.43593871470659173,0.3050017295679632,-0.4627288138681156,-0.17318445264178797,-0.07604047184738522,-0.800449500464666,-1.0085945480831406,-0.17040749040488837,-0.6284039876320776,0.22060632819080853,-0.5879941902976358,-0.5830914532806867,0.3835326130715546,0.006547762524713313,-0.19845829620292807,-0.5733863111772252,-0.41808175721823115,0.12629202228193642,-0.7110693844785094,0.2910169494466064,-0.5019773752770288,-0.03965090417530677,-0.48143116139577086,0.8836000218832876,-0.1785629705358584,-0.38918451557472883,0.15946589224841218,-0.4439984709615783,-0.13755995946113797,-0.8263236003922456,-0.8340285926431393,0.08841463027445223,0.16802127895596672,0.10309597344614045,Hello
-0.0066376087075731595,-0.00830439899666762,0.0756284466163206,0.7551941386118384,-0.29565866360439924,-0.05966201392952257,0.47112454970981404,0.4068500912469669,-0.4324398019527349,0.34768168767261576,-0.40758577663307716,-0.12198969790497391,-0.0921664510256956,-0.7455384563709644,-0.9717565718415714,-0.22541203141938235,-0.6519844737193883,0.17949702205710166,-0.633734121324303,-0.54279668006095,0.46333542521681903,-0.037854099731869435,-0.1795129106596951,-0.5147948723445166,-0.45070498608904586,0.1876556154253285,-0.7077807282720113,0.17324399632489934,-0.4600715797324886,-0.05605135647126055,-0.444448972520201,0.8957376940554886,-0.22857070284774755,-0.4411485353520985,0.13704631215834243,-0.5016893047071513,-0.1440270810689931,-0.7834899582394571,-0.7525871816919661,0.1592454738504217,0.07045857319670153,0.14953030446439516,Hello
0.035898944599369535,-0.018293487129581464,0.06238573068186004,0.7311626680775354,-0.3450198176476588,-0.022721277757138645,0.4725097566651729,0.41095866604952874,-0.45160383350129146,0.28633757138231364,-0.40064358444739157,-0.15522102604922144,-0.06024397354871582,-0.7927317576639622,-0.970446676830126,-0.15852934802451427,-0.7065260842599584,0.14621346451143324,-0.663645310308913,-0.5225100775207874,0.4096311886970365,0.038253731536096285,-0.20570532899738567,-0.5603247815876626,-0.4116642828966666,0.16978790864469032,-0.6629009103418657,0.2623178660173682,-0.4519499525912807,-0.049710299541708386,-0.45979072285768424,0.8590066820275339,-0.24896298983090356,-0.4045208219857461,0.13821147120117533,-0.48977053256069064,-0.10571975415114995,-0.7724881541149601,-0.8000321102337529,0.19173123038739012,0.07208439163375191,0.1303824406393994,Hello
-0.021504669618084147,-0.0559960985121918,0.0639258251067666,0.727069596984161,-0.2760693759579277,-0.02324534023581109,0.44541259639353026,0.45399546972234356,-0.3883480573014679,0.3169242514960744,-0.4291095481477196,-0.17281920858817282,-0.12321909236784957,-0.7480802135043986,-0.9206496294246442,-0.1402097671325413,-0.6786405949255557,0.1654492058721862,-0.6136490334644741,-0.6134407815904883,0.4358819644993534,-0.04292032462291134,-0.20275899609371129,-0.6137024127015777,-0.44251957827661137,0.09362409681005929,-0.7598435227122663,0.1398990127011244,-0.48349727551714367,-0.014318560117651556,-0.43330377870624726,0.8618293658198017,-0.24248338513908776,-0.39035636058116685,0.11336544670127445,-0.4671199340862884,-0.1036289692233107,-0.7643393136555462,-0.8056889391169069,0.1412951154504233,0.07999558745506022,0.11138581379659514,Hello
-0.006794366757045802,0.011020965204485342,0.09381378446904506,0.7066266537152491,-0.27669221118640597,-0.050303398803731476,0.4754971822929533,0.3759563423578832,-0.4977062759754167,0.32598268228284744,-0.4002097082694517,-0.15247585820001483,-0.11004316756897183,-0.7652644955644012,-1.0240635943092788,-0.2023786533010958,-0.6401471718833127,0.16140904617577906,-0.6090688829068114,-0.601085054762305,0.44017983254681575,-0.039561491502875794,-0.23723185551482928,-0.5309191400498586,-0.47996532877764436,0.08529754888948521,-0.7187289417240295,0.26052599958243533,-0.5131464829349764,-0.06563571252230473,-0.47027706013276616,0.8963354217352842,-0.21912377666991759,-0.41543042343591724,0.11848930325746161,-0.47358937458948114,-0.15877554793441961,-0.8887878248769137,-0.7895875226977782,0.17452337318831812,0.03544709199150191,0.10590030327649282,Hello
0.018574627830155933,0.06172486409135096,0.06703005691230982,0.7088819339987855,-0.32695976148833683,-0.0009233981980088721,0.45675927574967035,0.3743969325328103,-0.43946137383268946,0.2708614621442546,-0.4186349157023808,-0.09529567773238162,-0.1023605108922371,-0.7883132771593128,-0.9859415566701488,-0.23340279724160667,-0.6374818189575527,0.19670261296047245,-0.623290018279529,-0.464594373588257,0.43514952032478055,-0.061045978536806815,-0.20156862892383032,-0.5314079494076711,-0.45452946915757,0.06645678265039565,-0.6971691496037016,0.20602255653340407,-0.4264728950790982,-0.035084666046304426,-0.4965612120124459,0.9139727443694433,-0.22238135801241224,-0.378836378009751,0.15785899439575743,-0.5015643907305986,-0.14591787254437527,-0.7702484858446406,-0.8127275767857045,0.13529587405847238,0.07768138767727648,0.14890019638559476,Hello
0.061875747577294346,-0.03202598742762819,0.06713282938223032,0.7730886388981224,-0.32386210999256304,-0.0285985368849624,0.44426639527899997,0.4112219056485474,-0.4305933961173649,0.32903322026241183,-0.38669344363528213,-0.06634912222591001,-0.09466389388931071,-0.7709687825980591,-0.9713556895553624,-0.1971020617650276,-0.6538205969681168,0.19017568656668565,-0.6128217915837219,-0.5208596745553641,0.3959906561154207,-0.0042958902000799284,-0.14926444901746805,-0.5694033764933061,-0.5215832284439608,0.09137046238708366,-0.6858361812441244,0.22538083723060742,-0.5126508953344718,-0.0826293556545904,-0.45792295434754676,0.8919442605634312,-0.2315849863033252,-0.41542432061785817,0.13156426540560853,-0.5038459966158274,-0.07815010689076816,-0.8108169244484156,-0.7661695611977434,0.1930448095134058,0.13628439200219586,0.12324361503624949,Hello
0.012111902710098283,-0.000725868191727485,0.03929518986014373,0.7404528006873076,-0.3568440619899857,-0.006539309118607506,0.46219968220445456,0.4044074824085031,-0.4164804320208442,0.29169417118089364,-0.40471421113796646,-0.15828314118514417,-0.08591397016200066,-0.8211220625029266,-0.9733958312162901,-0.1283392030089584,-0.6939850520101347,0.17870537975511097,-0.6024583853820428,-0.5550001471654149,0.43670583605201674,-0.023816633129521383,-0.1697362569808109,-0.532570325424887,-0.4456330217658475,0.10236739236136036,-0.7045688066048758,0.28306333714643034,-0.48665084075710174,-0.09672198715786312,-0.44992913506407417,0.871930818598782,-0.28959710970865543,-0.37899693794890493,0.12725716429830553,-0.4788896895499972,-0.11665196765778098,-0.7954323199787035,-0.7814007623083371,0.13434073683863698,0.12172823900303953,0.12840582409027343,Hello
0.02216431442662509,0.0184610245203916,0.03834308462070972,0.7633014857209105,-0.33755177160861305,-0.017927956824020062,0.4871568205254466,0.4535182030361716,-0.43168304763838405,0.28898181650847005,-0.42289761335885667,-0.1531314249714967,-0.08805463202745648,-0.8292319903486218,-1.008797691177073,-0.21854116062808276,-0.6354658845127602,0.25035613004831425,-0.6210090974279344,-0.5654522523193032,0.42828849796720536,-0.0036358979557055762,-0.21659849506338122,-0.5587102512015302,-0.42867165258023,0.12463794709811199,-0.7190585691429954,0.25609826187658813,-0.5637687971556017,-0.047149848431816646,-0.5027638256365061,0.8206232666116962,-0.20908094534248492,-0.36320983190852885,0.13919355443809245,-0.4475874546647842,-0.07824302983519205,-0.761699876764554,-0.7534853809413665,0.16966915268788904,0.10859807422480484,0.08813325006087588,Hello
-0.007381874643898457,-0.02529739785948575,0.131534527206982,0.7254454478626894,-0.317776724051657,-0.02562512949124039,0.47744627451458,0.4492242239452405,-0.44365854901926205,0.30529954404913323,-0.44458914275316613,-0.1836367068230896,-0.13040596181287653,-0.7818537760069766,-0.9900662853382003,-0.20727970237692264,-0.7061646361821226,0.1965445616919957,-0.6630172320927403,-0.5375859217129147,0.428660125661845,-0.0822187920178992,-0.19805417334915992,-0.5884260128512913,-0.44835234616112746,0.14981863538061096,-0.78100119173033,0.22951766147399638,-0.48747581223262376,-0.047345905724229906,-0.4767456562955527,0.8529831735652253,-0.2339886413982329,-0.42830036396752225,0.17559722403488115,-0.4755343416207141,-0.06957565700226119,-0.802967134786514,-0.8239365198298222,0.10199389617734747,0.05224087477007871,0.08866814612762625,Hello
0.008013799530344503,0.015261750696898014,0.018970524621083576,0.757573171657943,-0.3359646998056948,-0.03776590041288794,0.5245048199710691,0.42527787220828384,-0.43303498760440345,0.2727255536295573,-0.4868694872221038,-0.16561063106374102,-0.1183867962505488,-0.8103580579100597,-0.9811249276154517,-0.1842015164919439,-0.6707207917262098,0.17953765144615275,-0.6128159807128084,-0.5471293811365205,0.39347496075052457,0.0038357243584368136,-0.19173554500619186,-0.5652958319952284,-0.43668114877600617,0.11660160593782168,-0.6961519186235603,0.2346806040556286,-0.5010449496048377,-0.05664100226156083,-0.5174533413623033,0.8787990446906856,-0.22541392304756816,-0.41066309398159373,0.13946088453375527,-0.5326291624458015,-0.14307312480708026,-0.798361963337842,-0.7978886250625863,0.11657507372795353,0.14430630028369806,0.11020697897135592,Hello
0.0290837160158021,0.012815830856150545,0.04701942638673348,0.7839813490139449,-0.357281973207886,-0.01459506556415437,0.5061556706646957,0.37825408646001857,-0.3832051091652986,0.2919599249540474,-0.413654216303829,-0.13622637632333182,-0.1160821513298344,-0.7564184239007307,-0.9533825569861162,-0.23896303217785236,-0.624844904985623,0.14916296922978628,-0.5868992347415606,-0.5265864465187753,0.393457940167354,-0.05081667567258883,-0.2219490410922421,-0.5723089515922358,-0.4671686099992751,0.13299493796799683,-0.6854367552573695,0.26793739342327255,-0.49953686916297363,-0.07376276423007971,-0.5336447009093118,0.8513661515225043,-0.19547147433531062,-0.3559521035569706,0.10628654372052554,-0.4939476188554592,-0.12740355028361922,-0.7927424756074872,-0.8269724224201577,0.16012715928965496,0.09211988464562958,0.13575865629144257,Hello
0.016388527440110986,0.00019266809432813447,0.05331466896625052,0.7274337281178846,-0.32412375703135166,-0.05327002166891825,0.4683743192433933,0.4463321078474594,-0.4081514847289913,0.29059691085114114,-0.4014063930469026,-0.15405061617914872,-0.07685914995811874,-0.7696534063295813,-0.9804062829228094,-0.17307556520639863,-0.7111013968340225,0.16523470480356237,-0.6536933710637819,-0.5560993077806916,0.4781623830583627,0.028446757351827674,-0.1696363679944413,-0.55083598643524,-0.511959313498285,0.09332490800789599,-0.7483795301982049,0.2074414511520404,-0.4877161429231682,-0.0816488253486577,-0.542520549453957,0.8979795612009159,-0.2565993141004285,-0.39724218234008307,0.2055394899694224,-0.503755228828465,-0.2025200032572413,-0.8097274370284787,-0.7696555277725512,0.20615575158235008,0.06944857722418454,0.15109320111488658,Hello
-0.0139593137034016,-0.0031784506291240694,0.1457365460925586,0.685632912383805,-0.3138606784103544,-0.02813889561949142,0.5087117908715868,0.40131218733644475,-0.4157375519821054,0.2877118633693622,-0.4142412169448715,-0.15433179975139075,-0.09340573239003645,-0.7918309821768332,-0.965874206785617,-0.1873849573912563,-0.6301936047488025,0.19749591716320195,-0.6710665949180167,-0.5225299556021831,0.39901496404793135,-0.058105237193415885,-0.20664773985896878,-0.5246281778884493,-0.5219978078930637,0.20373757800971642,-0.6930643133689761,0.23276404652344868,-0.48431864838411315,-0.05891948577201417,-0.46750788229130325,0.8948987210958916,-0.2077488893481309,-0.4017321678257601,0.13739685726770343,-0.4807118895904777,-0.13245862598543184,-0.7671342074660635,-0.7848776151540824,0.05919366891580387,0.12601208835364988,0.14203431025935417,Hello
-0.0005612626933769225,-0.011655553592666575,0.10012962728162797,0.7591478160993452,-0.3446591982898999,-0.02995812215871836,0.4469884990871678,0.35698414778865,-0.44378058490492744,0.3253331245634987,-0.3937212738209421,-0.12864346888354963,-0.09030001548027806,-0.7652573234820754,-0.9964316664593711,-0.17354939664048874,-0.639962826515137,0.22166646876526375,-0.582208219727571,-0.5391384852075709,0.4367303793000574,-0.006387739884458468,-0.1895735388151358,-0.5923175602204053,-0.4628195903920158,0.08725804265572316,-0.7450013658901892,0.22173131897810833,-0.5064444259956233,-0.07672495390691508,-0.5399499951512969,0.881941064738578,-0.22438085906736763,-0.4289322471954633,0.16309437992989534,-0.4480465869520756,-0.17483817350592062,-0.8240290537290619,-0.8257585873161273,0.11920823492246634,0.13121931031570952,0.13037744025460685,Hello
-0.007935445239318323,-0.0601158709322026,0.08546878658832437,0.6935442703900554,-0.3196748893472018,-0.033848382633708665,0.5169579589985659,0.35910808075874456,-0.5155644328418533,0.3049768067346268,-0.3682996897368991,-0.10686764089828532,-0.1057631066274792,-0.7954917576644855,-0.9529735407035632,-0.21571345897184102,-0.6496843791912809,0.21420183364585532,-0.5860693236468438,-0.4775977994562705,0.43795941208917294,-0.05376115580517625,-0.18954513040342383,-0.6189335978302473,-0.47876897540637464,0.09732664885652352,-0.7404686695789955,0.23063752526058554,-0.5073444263370905,-0.03385518799800974,-0.48313534319513746,0.8752632438832315,-0.23425386482362187,-0.39976386774764816,0.16806995781695225,-0.5021875975521994,-0.1463548722471091,-0.8102590912353753,-0.8430604445267047,0.12282759216408734,0.09204843885141728,0.16242389983917277,Hello
0.007876839870057748,0.005807697341026331,0.09193318454708674,0.7266008685836777,-0.3097589227573249,-0.045266343360429305,0.4840990716053952,0.38088993300397045,-0.49814358291552135,0.29543294552642685,-0.3796325810992265,-0.11624956941922066,-0.08309096454798286,-0.7436587504413377,-0.9745274908738394,-0.18058760175853908,-0.682504669134998,0.18955554319004503,-0.599402486378676,-0.5242710675085384,0.42200354480338,-0.05199792497949363,-0.1887620622719661,-0.5478251182157003,-0.5012432259577091,0.04071969340579949,-0.7412621231257052,0.18944550632214913,-0.4979160342950439,-0.07191951758226803,-0.4967390074133738,0.9191162795515122,-0.21461468039016474,-0.3954053574750927,0.16198322419822525,-0.5103386846142954,-0.09543802395224335,-0.8034202389681392,-0.7825698983052719,0.11524961096452761,0.05972230207727513,0.1607289141585418,Hello
0.011292285782925498,-0.02706154663072531,0.040316353243806745,0.7644850657681026,-0.35715522504121144,0.007110497825224486,0.4491195790839703,0.4175244505005694,-0.43483762243969803,0.31755694332448625,-0.4386384452456505,-0.14891981866863727,-0.11082531382384635,-0.8108082957689684,-0.9549624882400788,-0.2019034799748545,-0.670833109732168,0.16920724763260114,-0.6947456306356695,-0.5661184335016078,0.49856539572219744,-0.014954118397010573,-0.18935571242969584,-0.5737480455598218,-0.4572536046893415,0.12601869545517294,-0.760170402100223,0.25949652993964,-0.46121038890238725,-0.04594053624650585,-0.46998728297839154,0.8761307532482095,-0.20423118624922976,-0.3866651642511762,0.1326957885486925,-0.4933817442677794,-0.12355568871699181,-0.7546767058272198,-0.8398575290921253,0.10337956998315907,0.11127789029485256,0.13771885547347149,Hello
0.005200249931112246,0.007318595937255008,0.05971017804300342,0.775417925393722,-0.3694999876094871,-0.06702460151586179,0.47304055831893493,0.3490770283976929,-0.4302547003001906,0.3493054253638565,-0.4216884305333458,-0.13711500431490792,-0.14985783204089537,-0.7992335143367085,-0.9884431100124006,-0.196038525883394,-0.6255257984218544,0.21576846069261027,-0.6512193595799212,-0.5529924572706427,0.4411335855287135,-0.004287775878313291,-0.1413616804406128,-0.5963141464384099,-0.48225330681001305,0.07187778623247815,-0.7317666134141672,0.2400576303329639,-0.4530517928679515,-0.06976463872701956,-0.4927369808403287,0.8800949932848521,-0.24947131037713505,-0.34173342661257433,0.09508717906338143,-0.47063147371400066,-0.06590319099796224,-0.8009433150352755,-0.8083854878725532,0.13668196527141946,0.10092331460488482,0.17737767865808685,Hello
-0.06635585733988521,0.04600301103888976,0.02368753110854322,0.7227224523586271,-0.33435020086415146,-0.024513092679332823,0.42819447056689397,0.4122378727147762,-0.3642497794686229,0.25856610025423166,-0.4166238401539128,-0.1638954968203667,-0.09927627289992691,-0.7801682387730516,-0.9964318258740118,-0.17187090443457473,-0.6098446689783652,0.19331061511903758,-0.5962828826073648,-0.5991857893597378,0.39749384176926966,-0.024320058697539965,-0.14425442018158507,-0.555192920220004,-0.4673193223893975,0.10958386416261726,-0.7622582496600492,0.24420233889023488,-0.4562018364959223,-0.08104881800273629,-0.4972428195754684,0.8835186004069514,-0.2375186154094522,-0.40640356670219224,0.20630866355191865,-0.4835844621032523,-0.13736158213548808,-0.8205735645411302,-0.7803585576775102,0.14196860275918918,0.08685387390811428,0.1758313453859813,Hello
0.04258809013540912,-0.018012706972161154,0.01041004714122909,0.7609474329307672,-0.34201176302799174,-0.018450922797571358,0.4170350865920513,0.4251506128812972,-0.4613142260456519,0.32138424396401166,-0.42188683314713166,-0.17265421406836778,-0.12426397847352139,-0.7601531183868232,-0.9740103850092255,-0.16897468356653242,-0.6046818947365029,0.15211048051952497,-0.5693592436227515,-0.5572569224979065,0.3992234116241161,-0.07840165580612098,-0.19445151276097503,-0.53821181732584,-0.4617540550850289,0.15493976990733704,-0.7682812883425044,0.22570421066419225,-0.5202436316980181,-0.05657715153899484,-0.45653493343976437,0.8629193997069583,-0.3025434390270484,-0.39845114385952274,0.15641916642892847,-0.46404484843202143,-0.08953791182018679,-0.8332789207615469,-0.7822778336589948,0.18318055333007152,0.05297743753756155,0.14578177919536026,Hello
-0.015125394930230145,-0.002445680193049377,0.07683654018819766,0.716105165312253,-0.34174411063003995,-0.04114511824781368,0.4435208229575223,0.36579793886576234,-0.4045978696785334,0.26499749933725625,-0.4023256501549483,-0.1301582927008499,-0.16382709094943587,-0.8010696116655939,-0.9413639365112614,-0.2159420389148974,-0.6779072401412491,0.21289955566841343,-0.5943739055933324,-0.5679337672049377,0.4082616272330607,0.0041788488170039426,-0.13661091112373663,-0.5364955791601199,-0.4553680371967522,0.08535715035068885,-0.7496593498376547,0.2417423022575466,-0.470119881738964,-0.025438150229350996,-0.4636280523665992,0.8304498444645954,-0.1928585947965468,-0.4343614070828499,0.13179787171835264,-0.46866768489332156,-0.06674135288133248,-0.7078497536919146,-0.7844826250484228,0.14190942939412063,0.12237023451217356,0.16282188719400603,Hello
-0.009620028766715751,0.05385634067736966,0.07330836845778964,0.7456543149084014,-0.30149514069355776,-0.029522092454020744,0.5013064161374947,0.3798550971359102,-0.4417281207856094,0.2664566934028651,-0.4091299882636179,-0.12066793638110501,-0.09831970310116141,-0.7305078990950981,-0.9773550991675539,-0.1664448233129316,-0.696726138556147,0.1874247377966245,-0.5970094881448369,-0.5349145373013084,0.4173679246438845,-0.04064022458969329,-0.23431411343808828,-0.576572196707772,-0.4312160865681093,0.12686127248311363,-0.7097260459995214,0.2275600897150027,-0.48245993360677925,-0.08729574220194729,-0.4621767025366073,0.8881714418490716,-0.20965645788845036,-0.42020063354344495,0.07871672228078587,-0.4432591097282615,-0.14097650125510353,-0.8270305832933691,-0.7818799494650884,0.13564494875815838,0.1381331565791557,0.15470240290509185,Hello
0.020507079696014327,-0.04097867133601603,0.10276456524363958,0.7385595381726752,-0.3325511824325777,-0.03786803675218688,0.4228511441364568,0.41063227707673805,-0.4558602134126906,0.2588812118167099,-0.4679858007687614,-0.11065538023677068,-0.13093079089650164,-0.7347308407980292,-0.9932612624942515,-0.23772781170849536,-0.6974708454704273,0.2361120774710647,-0.6225525662099103,-0.5768362195183209,0.43098747984939356,-0.02343876494892494,-0.15525593656059017,-0.522406343786786,-0.46872064084737547,0.06982369141745548,-0.737149972474656,0.23387529429706047,-0.5115845961519428,-0.09620063546459516,-0.4728279186961868,0.8740826829702764,-0.22343311346588676,-0.42717444830441964,0.13640498845075016,-0.5039006854089215,-0.0999054252411078,-0.7700898303303628,-0.8580699526896511,0.11952000214995998,0.061439187405054684,0.116691506385584,Hello
-0.0025031390937108257,-0.0434893565909559,0.038750451288288176,0.7006033010732146,-0.3152548483732233,-0.0400893606613669,0.45448607452328876,0.4036773188964998,-0.4413794707048464,0.2913116670822343,-0.3721114624732686,-0.10382219993275799,-0.1510403261935459,-0.755850699559149,-0.9528453219679348,-0.2209549716432855,-0.6394117829593217,0.24517568642323312,-0.6515519650591427,-0.5879126852540307,0.456716777079115,-0.03034738770918185,-0.1722336127804783,-0.5556436441915589,-0.44620670384585853,0.06981095815058415,-0.6933264864423142,0.26115457887240706,-0.4895535506876654,-0.06879041651215975,-0.5290747802193551,0.890969896197925,-0.20725530007681003,-0.4062853187733969,0.17704761067303826,-0.4861960080102706,-0.10967319979804341,-0.8317372405328389,-0.8033908813487355,0.1421747002186472,0.1130943027189853,0.12510641655279017,Hello
-0.003944177870150034,0.024781415143245188,0.05330331856490105,0.6825247092134992,-0.268985351129029,-0.0007260684117398192,0.4373703202702378,0.41906392688967375,-0.4400683112837688,0.30736593685194774,-0.4134883013118199,-0.1510682654959581,-0.13556585905330987,-0.8014589036650119,-1.0046729760671198,-0.2114617392276203,-0.6659904609734482,0.17756492919753397,-0.5974140589004316,-0.515770215963525,0.40878533583270865,-0.031310112017889975,-0.17378734772857599,-0.5517012525559956,-0.45564892343622027,0.1318855945507083,-0.710278549060538,0.18893700642975494,-0.45659714643394633,-0.04086738289974162,-0.5060401382680408,0.876680388580818,-0.20391715354390227,-0.4106990028507984,0.17550635130990355,-0.40525751624229156,-0.15019095855390088,-0.8425786484666886,-0.793569758954362,0.16905220310951657,0.09940907384241399,0.17979004431742196,Hello
-0.04015817399169746,0.02078755869094833,0.04823042105928077,0.7823033594218785,-0.26169740766014804,-0.06516938840595485,0.459651487046149,0.42416032934171194,-0.4365929876609139,0.2980989838540488,-0.4215533725659524,-0.20162622617239812,-0.11246802146854509,-0.8014345053174494,-0.9919809032746757,-0.14319811287664252,-0.7016703191003452,0.22343388447329585,-0.6262445087817645,-0.5687804056784779,0.4498980899553613,-0.028290708196884576,-0.17165951112107808,-0.536815780867588,-0.46786683296920256,0.09123801996468413,-0.7573005334376917,0.20130456320020523,-0.3941989956063628,-0.03014572059564028,-0.523673786128924,0.8358685148150828,-0.2099610414766796,-0.38800164434207857,0.15978352493644413,-0.4838223648874833,-0.13037500537493843,-0.7913109246472947,-0.8001075266337084,0.08082631677330622,0.09944107614050124,0.11065003138998153,Hello
0.005256342567255361,0.0895577700781023,0.0774306956462767,0.7213161316504876,-0.29381882319587405,-0.027689054156178033,0.4887410358369616,0.416578210528788,-0.3632827612223422,0.26553466733223846,-0.40810606287788104,-0.1718274653859146,-0.09538750969545053,-0.808303267440107,-0.989708223010835,-0.19535977040784414,-0.6347006106916262,0.22659136218912893,-0.6552471421652017,-0.5587395772936073,0.4048995374313348,-0.07624739435421132,-0.1952884125503951,-0.5751158043372483,-0.3851260868833372,0.12259391676073753,-0.7660745426635848,0.2091236589744456,-0.4520303295027426,-0.004832824831646126,-0.5307210545098221,0.8191445219632185,-0.16828806806708088,-0.39273116294229043,0.1172682279206322,-0.46013481849719934,-0.20568380974535774,-0.8010460451741606,-0.7928496816372157,0.17513343214186716,0.07591818648898092,0.13876283925989172,Hello
-0.02776273878178762,0.007661512670229512,0.03954585601115685,0.7184789970608529,-0.35134733009889846,-0.022635603517744705,0.5018917346231063,0.3913340756335955,-0.42383192831842764,0.25600357795300965,-0.4313053246224283,-0.14554216999772077,-0.033429096354818735,-0.8141016828687491,-0.9332619014401095,-0.15660130977673273,-0.6555560201372634,0.25179634339671053,-0.6067124566936044,-0.548712824753565,0.4245933134832836,-0.0017851805613924646,-0.1558838240233375,-0.5846316393084601,-0.4975049973116659,0.10351570287804693,-0.7487471745728871,0.22416114186111322,-0.44554868432510036,-0.08120515767034758,-0.4844262565820306,0.8772829355616417,-0.1989640968620758,-0.4718262682829557,0.1251160010339643,-0.46983518031248817,-0.09060900888204558,-0.8159043837972616,-0.8589808980037645,0.16599667133471635,0.08727419339298817,0.1005022246450801,Hello
-0.018730361691396722,-0.005535760729675486,0.04826390574590119,0.6645550405226874,-0.29456088234857764,-0.00392343953409275,0.49568386086359156,0.3642421226195734,-0.431023814185654,0.29926568093513223,-0.4043511934953674,-0.123985816824926,-0.13407810304907286,-0.7782828054031173,-0.9634688064642253,-0.14283240331630395,-0.6428399160772258,0.22270942949212208,-0.6153608220339294,-0.5180738262674978,0.43847981695259486,-0.0643248843391584,-0.14667680193390828,-0.5449242225074029,-0.47121890210755735,0.09522033297793933,-0.7158487512867349,0.23996242295760142,-0.47675306039668836,-0.058146847814457336,-0.43214283390539193,0.9076885480844364,-0.21869795559028363,-0.37618027084039307,0.11234129277109701,-0.4642358795824681,-0.07233218708285812,-0.8076886872338467,-0.8281133346810808,0.12784266129794045,0.0736460739374854,0.11264936717395985,Hello
-0.01111524295770087,-0.04216701057535926,0.06687479570053567,0.7577903374492589,-0.3487055536595992,0.0034088269367986493,0.49146196377923423,0.42929011030103964,-0.4447141047827926,0.32509707720401443,-0.45507304219408407,-0.11732860646137316,-0.10689770889191204,-0.7641451354959806,-1.012455056771428,-0.21335916824900508,-0.646058265724366,0.1705872887441305,-0.6039794321088365,-0.6014017348174102,0.45163215945380997,-0.07546794647700655,-0.1722089029072783,-0.5470923926741937,-0.47883073602659015,0.12706591901245845,-0.716932749740951,0.20990162341379173,-0.5129284688879108,-0.12636487876792124,-0.47265205372369257,0.8285981703765283,-0.2215566973449951,-0.41232303474588505,0.16369129314006906,-0.4852350560655683,-0.13649481116526416,-0.7791911892434266,-0.7926325759499848,0.1568900066712156,0.12041309275201284,0.09012506072157778,Hello
0.022703660399609457,0.018374063820408067,0.035905751824752655,0.7233996080254335,-0.32265208688402053,-0.046204594304506394,0.4861540001204624,0.4413136961872534,-0.3925260663370436,0.2600947445890738,-0.4036529254730432,-0.10416803190040613,-0.1004486334650419,-0.7480132593399451,-0.9168191052316595,-0.15579578659749752,-0.6564958544027156,0.23039038309339913,-0.6135289858789035,-0.5596705093250541,0.415644506002398,0.008410153731011956,-0.21333076101592405,-0.5198902889432303,-0.44293165776149174,0.0676259367558584,-0.713716538851215,0.16306608387002516,-0.4639065878606935,-0.040929163528074144,-0.5009122338122449,0.8792486843960574,-0.16579230031572575,-0.4195919893912757,0.11154978226522519,-0.43172378900699443,-0.06773376185892757,-0.80103644021664,-0.7723404257602576,0.1876496054216587,0.08406053808160553,0.1216330493567549,Hello
0.03692623539464205,0.05055042836125528,0.08329267148727822,0.7043275916305979,-0.26186103490420837,-0.058098817706813355,0.4660840676882628,0.40864282776700656,-0.3783542555457852,0.32508059968858266,-0.40986906017136737,-0.13013737558292524,-0.110747449026414,-0.763998486659969,-1.0530740209335117,-0.1954052967528009,-0.656735454224464,0.16450730636227132,-0.6062859213374634,-0.5665217372531864,0.47885120402327463,0.008698344722494401,-0.20275206811120888,-0.5703864520305746,-0.46014600844195463,0.09605533771512795,-0.7188952681201138,0.20331841703294617,-0.5165902884137503,-0.04880477130073582,-0.46425566761602904,0.8514127807275901,-0.19755636040535637,-0.4233669201383775,0.15091196701806264,-0.4515633707024987,-0.1276197545159628,-0.7875050830078414,-0.8181772061391355,0.14151133045288936,0.10015928213134684,0.11379487402158378,Hello
-0.005303224893473462,-0.0464585489659124,0.051671633267784435,0.7221757574345694,-0.329158260830053,-0.04941461414857778,0.4742852751276025,0.4127559382748998,-0.3987435559432528,0.27996836358656796,-0.458411050843899,-0.17529736385376152,-0.1266689767215658,-0.7913003116300195,-1.0002871005886063,-0.2253905729082038,-0.6776587370961932,0.20448052747427567,-0.6000247368967433,-0.5771102922168525,0.4137969984095069,-0.06629319629937061,-0.1897210761489073,-0.5913141797092982,-0.4407337470764669,0.0560291272418933,-0.7355349078145316,0.23510009927532613,-0.4771567928759494,0.01330490190167101,-0.47264755440564615,0.8454206156121296,-0.22728095074090654,-0.45770697826741114,0.14089901739802038,-0.5011653727908951,-0.09914966930804656,-0.8176335186099415,-0.8061872942963657,0.12833859271360018,0.158500605613357,0.12655494143425358,Hello
0.05497671130437605,0.024424552863547996,0.08086824750210916,0.7417840166551851,-0.3096589493087041,-0.09999986815282272,0.4677716992988837,0.42372743186784756,-0.42644598367145164,0.2573056249879087,-0.4238871586995488,-0.09291286599880369,-0.0746461376196764,-0.7826027923765051,-0.9486437402909399,-0.1975022835917485,-0.715091259876769,0.1713037492269699,-0.5709889578165643,-0.568607393078482,0.4188854136925594,-0.0474873929221977,-0.1316538033504738,-0.5170825532227119,-0.39136417447025884,0.1048337656879151,-0.7158772829785448,0.18056760261695015,-0.43836379558207633,-0.10251949455578194,-0.4766382882298045,0.8426231776884046,-0.24208302813039523,-0.42953746119490854,0.12508075205664865,-0.49234737217534175,-0.14305944142260374,-0.7761472930186663,-0.8358302006143838,0.15402157076614828,0.1428738396269238,0.12079633348238906,Hello
-0.021537566722428056,-0.006915738755407524,0.10179800193286888,0.7365452511642603,-0.33740929709341955,-0.027653391236813225,0.44306943662831366,0.4188134780456063,-0.41272084893617544,0.29022706625784944,-0.44747259913564164,-0.17063645915497214,-0.09600836899534067,-0.7438732570208523,-0.9963064510135464,-0.17275547187416243,-0.7265859228300295,0.18149919695114053,-0.6188073888579373,-0.5876781031330578,0.3980917418301221,-0.058525633728017876,-0.18001211918787283,-0.571481191235765,-0.525074518473452,0.045984117420864654,-0.7429519729766729,0.23979747668118043,-0.5650969736473817,-0.08247801330229279,-0.498928990838206,0.9171923868636433,-0.23596767767962026,-0.3929299187211897,0.1475547240795471,-0.5400906854750884,-0.1035651610758993,-0.7946854152083868,-0.7874362576322707,0.26519245914882206,0.04381167687279941,0.1879331239106242,Hello
-0.008623425582010666,0.008619867132090278,0.06504087832301031,0.7179949322337182,-0.3385678561023544,-0.03228442870526414,0.430622990223256,0.4208900677579709,-0.4374649003137861,0.26555924022080524,-0.4358154109220991,-0.10632155498059125,-0.12811294169620469,-0.7699890635492356,-0.9991159068741468,-0.16376941748299836,-0.6434098801082614,0.25449599386974886,-0.6231425392367868,-0.5403279564808656,0.4291289592599783,0.0003839064219391397,-0.2103428726659259,-0.5435111612972553,-0.46376850035720335,0.1076794766866617,-0.7219934431075065,0.2336340909923742,-0.4861586996592833,-0.06104471252262809,-0.4357980134158178,0.9051057440858464,-0.19834238555332745,-0.41808577404413366,0.11663978503007347,-0.4475146743337398,-0.10032997379895758,-0.7569671900995459,-0.8208037356015851,0.14051886829492186,0.05715054018199403,0.12441809123596476,Hello
0.029897115317383417,-0.013994861376845937,0.08562063953807228,0.7250069290557252,-0.3117511574085448,-0.07660043246692444,0.4786944846124234,0.3086386136052962,-0.430585952912088,0.25054712308056176,-0.3861351896858202,-0.12071381090353309,-0.09805275962673554,-0.7351124852807428,-1.0056547142274277,-0.13408617704324022,-0.636009365344156,0.19194107025428814,-0.5838070164563219,-0.5935764059959519,0.40145150822797976,-0.0567499387311423,-0.20464723227958448,-0.5975580499663813,-0.42123508946084315,0.10183948998882168,-0.7141708685902514,0.20895633810716346,-0.53728992738208,-0.05938438726600122,-0.5405092044052766,0.8734832321348258,-0.26546647449321864,-0.3448013082864933,0.17065789154216485,-0.47300107734272795,-0.08870017724521136,-0.8265367896960475,-0.7863799354624055,0.15339964096729367,0.11425566749776715,0.17436282942099396,Hello
0.021974763083394067,0.008661709884750698,0.01675962259519869,0.7019206333772756,-0.32515413626306333,-0.03936851954415488,0.44223208938318864,0.4707229929996705,-0.3794872465096213,0.3175248700037905,-0.4201539193437123,-0.15040230058350298,-0.14061044288638505,-0.7784182565399583,-0.9694546423984001,-0.2237598902451557,-0.6539498197546205,0.19437995740611405,-0.675109847608132,-0.5861991509469879,0.4137787670711606,0.018138382686254423,-0.17208130730165128,-0.6059257677565705,-0.4433464927911738,0.06318600233176566,-0.6922652860243454,0.2119331395450375,-0.4854809140277997,-0.02771220859147818,-0.5217564622002109,0.8336287079640001,-0.2419250031186145,-0.37326822273283805,0.09773662761261792,-0.5611383590241894,-0.1401461433271214,-0.7845950863747478,-0.7666764643303434,0.13351048709317032,0.09399226684427699,0.17080924644546336,Hello
-0.05609225099086262,-0.011655623255490277,0.07211896237979931,0.7441985838742106,-0.3367670690509181,-0.04113646042127918,0.4014883805210167,0.37862524036230244,-0.41137380679059443,0.2699924993643756,-0.42054549853453677,-0.13062985646238748,-0.12232936511145093,-0.775628758965627,-1.0060691955612209,-0.19270541137158836,-0.6456686271842909,0.20374691769990955,-0.6354715589587283,-0.553661108494879,0.4476252267929085,-0.09999048539127563,-0.15400567908898707,-0.5759489628440059,-0.44516288347649596,0.14552252970927348,-0.7658962285578717,0.20478364902674748,-0.4913282892418957,-0.09099871365147673,-0.43109345786757913,0.8498390907025861,-0.24108342671284033,-0.39828791731532825,0.10725252409464053,-0.4880441124335603,-0.11708777973734616,-0.8111331225035507,-0.8054859225895067,0.13152536458228115,0.06090095578233405,0.1458400207579681,Hello
0.05264799214941725,0.0005520489235031438,0.07316416919947406,0.7515037048891653,-0.35955278315159256,0.008905748971433751,0.4822080650160904,0.44732839970499116,-0.44697005803294815,0.3540031780687507,-0.3990603603611812,-0.12744482891089767,-0.10503215545512354,-0.7881985306377577,-0.9411712688484664,-0.18229627688526553,-0.722987203379582,0.16552213501964647,-0.6234509934375927,-0.5510876311286361,0.42448927840681305,-0.001923123340141393,-0.24731095695882274,-0.561553682588419,-0.5124669582353175,0.1323964908644417,-0.7275797790742178,0.23865517826029742,-0.5085883171833175,-0.02910216006801135,-0.4518898152209178,0.8930485826077466,-0.22830254073413758,-0.3870238697045636,0.12211023283730273,-0.450507021310251,-0.07712695074513379,-0.7690289935726998,-0.8245723909167306,0.15824784747392537,0.06754081874499762,0.1533639337530612,Hello
0.013518102385876165,-0.05609449018596492,0.031552730364676665,0.7222278553333465,-0.3304986606694164,-0.07845399883501858,0.4878075630039719,0.40591690100053324,-0.43080714212658405,0.27678757538726506,-0.3908538113897278,-0.09437381809381958,-0.12655973360111408,-0.7991076796101688,-0.9624509886403226,-0.19724795437311654,-0.6681570282918645,0.22122732342259666,-0.675156303497029,-0.5208385308780228,0.4283673488036902,-0.050837041370816696,-0.19145492566430747,-0.5669884400329582,-0.5098636205770506,0.1544532688235137,-0.7235062486728392,0.23935694301299512,-0.45412533524840326,-0.09812098174455289,-0.4689373981716265,0.8675130207904261,-0.19901390007173952,-0.4682364108739624,0.14034418086968511,-0.4942583107543912,-0.11364348905582675,-0.7870459847510294,-0.823913093667169,0.12604011203045096,0.10301510400103717,0.1092929575983347,Hello
0.025259510863563806,-0.011076216013423384,-0.02080340089760166,0.7194773605370053,-0.35262918288051076,-0.09110796523628278,0.4390154019767292,0.401654946887307,-0.38511984331978155,0.30885685460796536,-0.4405101268286969,-0.13035890563134736,-0.12582559839228774,-0.8015806831704185,-1.011818098649672,-0.23906193718325852,-0.6756728234687508,0.20377933356846048,-0.620774330972257,-0.5728666084620235,0.3978145512529065,-0.02024486128340223,-0.22829185863606155,-0.5425804832682695,-0.4879940920415046,0.08703206487932559,-0.7687495733594281,0.21102481469300477,-0.4534124546112852,-0.052017265364425185,-0.45378889178184234,0.8912065298954079,-0.2575271181841454,-0.4143432649932443,0.11991103600339931,-0.43625644395970115,-0.16251503696764075,-0.7743363796904021,-0.7758957007192452,0.2022939340072149,0.09404446727887214,0.15756188920519582,Hello
0.06844955509616528,-0.0185292503080109,0.020355038256076784,0.6743217212184266,-0.3000915073893517,-0.09866419701421192,0.4649686295352687,0.4114920883434867,-0.41942380206233104,0.31222466631754114,-0.4156463295081991,-0.10567005708706664,-0.1406223805078819,-0.8010525262492801,-1.0003670019608073,-0.16160131862482865,-0.6369631546201155,0.21257448845041177,-0.5823708108651124,-0.5957288266448942,0.47620365642034407,0.00720491161741646,-0.16670924112029162,-0.512407353420442,-0.5076262777040361,0.09387167791203709,-0.7468051214614163,0.24771125881229417,-0.514176050553689,-0.04476125353761931,-0.442025470822782,0.8963983405199099,-0.21590449261838932,-0.43405578849044,0.11791148089316225,-0.4386851239219724,-0.10323090745769145,-0.8023178959534017,-0.815221603195485,0.08663109176239098,0.07420949249722389,0.19353479703198265,Hello
-0.038413667130074,0.005684394636632419,0.09662956487790353,0.6930743421955907,-0.3159315540117591,-0.014032224647134765,0.4765131807806239,0.48442478440232095,-0.4750370459335743,0.3312231762885323,-0.4274990773041186,-0.12087842684136818,-0.0988136745347406,-0.8027373580088241,-0.9703173268289024,-0.24224411652265557,-0.6458776872548256,0.2079824828505723,-0.5987158158125172,-0.5286440508709883,0.4372155282801013,-0.034049564440003004,-0.21520995113750277,-0.5872279435930453,-0.422325542868383,0.15269518417109598,-0.7318893307303194,0.22744696151717209,-0.5098102596154376,-0.03230340265972054,-0.46317905043193003,0.9337787766113024,-0.2507667156436265,-0.4157598252339641,0.15026038755269036,-0.45677900494909923,-0.13308140670128038,-0.8273361430856865,-0.7762420909548011,0.16903938883209974,0.07884684204084531,0.17685550845095582,Hello
0.03510596127589811,0.004028894917433787,0.06879418155332867,0.7473437553691368,-0.3473239603628794,-0.041268746397531954,0.41156669478513097,0.424666362097406,-0.4718238648404842,0.34456391524488594,-0.4322186280012182,-0.15038604094440375,-0.13088490626825314,-0.7893838383131865,-0.9346312782482414,-0.2611413326767593,-0.6256661506893219,0.20917843330390776,-0.6540862703075268,-0.5926469724150799,0.476478723890056,-0.06685745343223322,-0.22337841635554279,-0.5317418844126319,-0.4477709951851255,0.08146735470382467,-0.7182472683788191,0.19529429859036557,-0.44964718641294643,-0.03564497907154987,-0.46718136917802505,0.8863920853548004,-0.17158137958221314,-0.4044289984417708,0.10786078611429917,-0.4626894736959032,-0.06402996608873801,-0.831590095167651,-0.8135281998233279,0.15989870909877585,0.10471791958758488,0.10672311700647151,Hello
0.03365573568691412,0.06960122166051778,0.07229018945276479,0.7035999735435795,-0.36794168400679583,-0.03443041133581899,0.5092545214228941,0.4126277251271793,-0.4250511833947941,0.28178317083833676,-0.45507993416376735,-0.11899349169672196,-0.0846397404441504,-0.8271145656962462,-0.929492049257262,-0.16928493635388692,-0.6219872729175937,0.15877389641630307,-0.6588503455342735,-0.5648566799166217,0.44127046588066576,0.015398577653857617,-0.16759553362321006,-0.5731417589879347,-0.48871865770367967,0.14650513918149113,-0.7536871804134792,0.2749209357427435,-0.49120336785381985,-0.01976864583920837,-0.46277361644090503,0.8714323888341161,-0.23999891448301816,-0.4146468245838,0.15616651064818032,-0.47385899619434085,-0.14442571981691257,-0.8061162526816044,-0.8003270059309338,0.08354330512328792,0.12008010850141801,0.10680058767628674,Hello
-0.03459997209617235,-0.050620330413321306,0.01258947074601087,0.6900585971422908,-0.34274349698410633,0.01642808335334263,0.46036181084655026,0.40370519592035886,-0.4129646265720386,0.3033932759784914,-0.4246383290040045,-0.17989484439444575,-0.06852506263734162,-0.7265267727863877,-1.027666979426363,-0.21722793070729834,-0.6723694225432777,0.1701015950235508,-0.6026966542681343,-0.5822357666958012,0.49113861510800805,-0.0027757892036434084,-0.18240068011869756,-0.5350517327839818,-0.4247505687429836,0.09268669735816934,-0.7492325349772166,0.2284111709886633,-0.45682274463068623,-0.06331429605814134,-0.5304514496084133,0.8514575201988647,-0.2266362092360657,-0.4066895563931925,0.20249327518061744,-0.5177533293528424,-0.11144370031977517,-0.7564739171222268,-0.7345408244598244,0.13527340526021345,0.12107794863936305,0.15328503513375036,Hello
0.0058644519465987244,-0.0029653560371791813,0.07948550736704896,0.654754639679069,-0.3010107835533127,-0.0383843536625954,0.46946395422005843,0.45977855860390465,-0.445227088730945,0.287369040720065,-0.36256842611608264,-0.16899787063196414,-0.12855634757381415,-0.7851534347984497,-0.951965184138796,-0.18027299776010755,-0.7027538726865353,0.18307267197704083,-0.6360962538681766,-0.5627042319802942,0.4389622428327048,-0.025946074357312124,-0.24205825365911607,-0.5339430910567481,-0.45035051609380417,0.15114108342773383,-0.7114200678222375,0.25910656783164676,-0.46867546902212076,-0.027099335331661437,-0.46747403606215,0.8726047961241028,-0.1562439817148279,-0.3777484745950208,0.16052934250705558,-0.5144628235770224,-0.16526060609875753,-0.7923658459078198,-0.7983186808894611,0.12898165100548278,0.11056454604611886,0.18385103225909882,Hello
0.02086207423650896,-0.03423025529258215,0.06306098086775927,0.7065730278100827,-0.33310386574744844,-0.054578160741343695,0.46180883364528624,0.36071863157311607,-0.42880870861277415,0.28264309128659665,-0.5101984858822928,-0.08244687075141854,-0.07938979945921781,-0.7920316938432741,-0.9766226471104645,-0.2216567034002338,-0.6131034259376416,0.2559563897140499,-0.6131748090244145,-0.5296816812980425,0.43144553644182765,-0.07859401020022921,-0.20113260210657372,-0.561903481680415,-0.4715640130360062,0.10304552367686555,-0.7274880043662312,0.22364052416361005,-0.48110407365070007,-0.0993042600096419,-0.5046520396165215,0.8370047255463908,-0.19508255683764833,-0.4675889965186273,0.17792472017643096,-0.4345832091629871,-0.13567679518433007,-0.8792414230068943,-0.813523633681527,0.1454798031170677,0.07601711845988965,0.12073567260354366,Hello
0.045905855965900536,0.019947814869052227,0.038669322250704574,0.6827940471477966,-0.33128338778348476,-0.04857339415296756,0.4910241767443059,0.38231319135528813,-0.40963408090637266,0.35751594159382283,-0.3978499945088968,-0.1454786867063916,-0.11754740321731681,-0.7914428661209203,-0.9417679912291183,-0.20532647635924606,-0.662618431001968,0.2005736659272891,-0.6329291466561562,-0.6015615670601259,0.43587616818234,-0.040322366189612796,-0.1737706869545669,-0.5818693298767488,-0.42130294250931144,0.08330190856356129,-0.6733848091204209,0.17363778380472603,-0.46962872642891784,-0.053223187541945174,-0.5070082671809099,0.8882740716532203,-0.18603146323542957,-0.4709241534440395,0.15839935410164763,-0.5509718156907747,-0.15558132168054767,-0.7522723194250471,-0.8201377778242699,0.1121889290234631,0.1003969331882166,0.1982294145626975,Hello
-0.05495046741618078,-0.03153929734918033,0.11132919617743636,0.7864530925417915,-0.32457580498390015,-0.07934127184825368,0.5390135061776812,0.4462059644847938,-0.40461065853436146,0.27508924992389333,-0.42378590540736577,-0.14884683391781336,-0.10212734994725065,-0.7372126289515841,-0.9508047073685605,-0.2188283552902497,-0.6226802187713814,0.20843169307125117,-0.5972636469960427,-0.5163913748452448,0.3928395255884034,-0.03956701439514517,-0.20472153757844047,-0.6128971034445374,-0.4475262821455553,0.18495181854744935,-0.7799483499761303,0.22509846076808976,-0.4634555403133814,-0.06379376196805844,-0.4865353967181556,0.8365657626140152,-0.21743342104002944,-0.42712250757389536,0.0776193587275666,-0.44033592446546044,-0.09785980297959014,-0.799597481066543,-0.7958120761763372,0.1796348683371991,0.11306525476109953,0.16331275106063037,Hello
-0.008924466026215504,0.0393595121572184,0.07602981746002808,0.7365435805438357,-0.3595747009165526,-0.03356101514340315,0.45117955359857287,0.3792242109364631,-0.4494403370167121,0.2674742724350392,-0.35857188309171584,-0.10409585962681633,-0.054441864021390146,-0.817429522682191,-0.9750496061053557,-0.2253123017368298,-0.6848459585878794,0.17149391936835928,-0.5806881006785634,-0.5722744909666556,0.4582383130846304,-0.02036862034629575,-0.11966873847452034,-0.6102446473777655,-0.42015058428009894,0.14399834811193846,-0.7539473827817688,0.2562808791937687,-0.4725874794748377,-0.07431039581634612,-0.5078596197518433,0.8539689699739144,-0.1629226604546566,-0.40439910369469306,0.16678090992286698,-0.499900672530899,-0.15000696596150057,-0.7686877660945771,-0.8431716031690543,0.13494891491857414,0.10735588738992402,0.1395334024729925,Hello
-0.005372798550484688,0.011874593432877691,0.08719191835658192,0.7527611485994394,-0.3510469825152264,-0.050694343710318335,0.5119810869797146,0.42521210835953405,-0.4661648517116604,0.310005717402582,-0.481661782663469,-0.14262798442465735,-0.055119878583338666,-0.8091794536135938,-1.00221690996743,-0.16358617953352117,-0.7102591577282569,0.18005507797430537,-0.5999823867443577,-0.5794161760542849,0.4191078334574808,-0.01616667572450025,-0.17613151853156717,-0.5578567687947117,-0.46810124985180407,0.1207069554579853,-0.7284579980439504,0.23980104739734742,-0.4975797891191639,-0.07296317724913011,-0.5128402889192438,0.8744920252172028,-0.2487470492370997,-0.43784098176827735,0.15107684431258483,-0.46979149780514257,-0.10312516552639424,-0.8140810774593285,-0.7904427314174056,0.16392925512394216,0.1196782792927049,0.11142261393372668,Hello
0.0044809044681356665,0.01092420888163984,0.06662159968928583,0.668127692484527,-0.3166581795359872,0.024206240409462842,0.4653370230606969,0.37653037979665827,-0.4137786113758865,0.3088326667060131,-0.38653297021973226,-0.18177207616373506,-0.0901114815084682,-0.7630300102579802,-0.9814516147108989,-0.17634645344305624,-0.6330913878240167,0.22520719027171004,-0.652166200234022,-0.5357828550209383,0.4242462749228344,-0.03630602409348582,-0.1865819913076132,-0.5703686103475215,-0.4221763565604909,0.10709358320444028,-0.7583324014924527,0.214260983420482,-0.4773109868613103,-0.030609664488832365,-0.46504871459421837,0.8500261951549786,-0.1498613258278676,-0.3964763289340782,0.18157873201689365,-0.48072512408818924,-0.11061060023368793,-0.7759632552365233,-0.7661384754698806,0.17912637711707902,0.1325009750599464,0.12673962248196768,Hello
-0.01715238125868184,0.009978225309725926,0.09440008785227966,0.7240404012123614,-0.28951770928376,0.0014088115921309652,0.4486485735512038,0.3732650716184295,-0.42919031993438855,0.30868970043769184,-0.4380520355952362,-0.1034699511204541,-0.09933088324016444,-0.7795592606483019,-1.0202645043187384,-0.22598154747353216,-0.6555448347635133,0.13505986008621146,-0.5874964985824881,-0.5651322159547725,0.523479722161652,0.030745240484532026,-0.19422137311508952,-0.5690514307595133,-0.428060136053642,0.16070030029745777,-0.7738868893640382,0.17247561513893328,-0.501332872532256,-0.05000398052252795,-0.46823534742745543,0.9076353971669054,-0.2604079491791936,-0.47390390415248385,0.16905743573598755,-0.5010195792698294,-0.18716601350651055,-0.796795397993294,-0.778889046175948,0.14374361399209395,0.09259961347228238,0.13141135745341376,Hello
-0.011117482872023486,-0.04044141335820501,0.04496582537233462,0.746360419386074,-0.3118225120138966,-0.03712789659344981,0.446283746667805,0.3929275978682479,-0.49029101956051413,0.3048156203085776,-0.3794492939478177,-0.1882599954477316,-0.12963071928525063,-0.7708694687342202,-0.939601939569858,-0.19995381146971145,-0.6847426221499444,0.13997003459837404,-0.6147724769925671,-0.4991253194192905,0.4345076869327502,-0.03916061640946269,-0.17911543171465444,-0.5661940808020318,-0.48231801264150675,0.1343035194702478,-0.717973171947605,0.22659527665758358,-0.5119328091839721,-0.028380870059701108,-0.46320047278269005,0.8589546283963708,-0.19436227771777623,-0.41934671341497376,0.11985690510159208,-0.498964784605281,-0.17974343416749414,-0.7870010389595292,-0.8576186631726588,0.1105520130177594,0.04406742478540106,0.13361013363406415,Hello
-0.004509613808156162,-0.009800886395590921,0.03512891484193029,0.6955550096325603,-0.3075417723487944,-0.05868624872370905,0.4856289507694907,0.37181523214859125,-0.419547185884096,0.33855966151149786,-0.4047300511704412,-0.15640844603296283,-0.10433691997504016,-0.7879626273314305,-0.9769508130618407,-0.19627540454516207,-0.6689051684485292,0.2054005294630818,-0.6476763818592688,-0.5908639654333022,0.38453065645887363,-0.08650038016906259,-0.22529638180427838,-0.5610774454794499,-0.4847112069384594,0.1250135559268495,-0.7237046051783809,0.16701175269643226,-0.46302256083897386,-0.043162148649992585,-0.512957435387729,0.8881479998042396,-0.2501119704505103,-0.4014894769609675,0.10538205766827423,-0.5299668846569097,-0.13809589326324048,-0.8048591787603205,-0.8146147076309465,0.11188441120905548,0.09433809319382294,0.14427106699521297,Hello
-0.0013467909036761095,0.005475030917976402,0.04630278966842059,0.7658735596771443,-0.35675806835183504,-0.027542881859852857,0.5115949339122052,0.4127999355147848,-0.4310547949791734,0.2836124089921266,-0.391232395650837,-0.18672527924431861,-0.1411566168971073,-0.7926694050602758,-0.9400576058773226,-0.17511404389948007,-0.6930164850272749,0.1897284977093094,-0.6363053151946991,-0.5816812703906089,0.45555361983051335,-0.07964454091185645,-0.1405144753656328,-0.5410144299780351,-0.4252017313555919,0.09571693663915888,-0.7292442392133309,0.18307232466383253,-0.4984117005776286,-0.05267646258844935,-0.4442596632892415,0.8423275490133163,-0.23538220143779232,-0.4089585648703932,0.10144333381114864,-0.45843321382812036,-0.14833108752712967,-0.8070090209073861,-0.8162427979798647,0.12372517278414205,0.10612371549334042,0.12972393706075028,Hello
-0.011155736468359967,-0.021853848650410283,0.07599198580553623,0.780330540290428,-0.3172762512700178,-0.012286144325120547,0.4344315433688025,0.40310553591113096,-0.45790011773636047,0.2551535725660589,-0.4444961674059958,-0.10827905145406125,-0.0835524142256286,-0.7734525304338922,-1.0231682353993805,-0.19239549252234506,-0.6549241120049154,0.20430381575821446,-0.6731894283762326,-0.587097136064199,0.42426460014934847,-0.022403519748435588,-0.2546617356706624,-0.5707250399479695,-0.4536361183773343,0.13509348165540302,-0.7039602901138347,0.24354401866383804,-0.5066700435666825,-0.1247261721314431,-0.4949331378545254,0.9055912082736467,-0.18261338750250142,-0.383103115194484,0.15619723456097523,-0.4647845016292934,-0.14329493997767484,-0.805049119178684,-0.7526122310477183,0.11912858778197599,0.1547784287790526,0.1265313797830292,Hello
0.03976296327285235,-0.04220445028492614,0.08398337171698705,0.7086189181572309,-0.36393088401291723,-0.035613669500126045,0.5064223547812854,0.37302444957451303,-0.4699495469809805,0.2967059774619673,-0.42493808504554015,-0.12758644265983346,-0.08356505194478334,-0.782525127533699,-0.9215221191588546,-0.1797800306446482,-0.6743679074521745,0.1506907080977717,-0.6257554064812952,-0.570479208985937,0.4549960769622541,-0.024617738311945664,-0.22415897468664253,-0.5606936890912426,-0.43778164632183125,0.15544606278155162,-0.6981208986185359,0.2488922787289182,-0.48086924852716967,-0.05583674785504039,-0.4456564081214986,0.8355589315930004,-0.23490020314474302,-0.42759665072610475,0.15469160343870691,-0.43926702581134874,-0.14452060617648363,-0.8728564413961586,-0.8150509391732425,0.17480953991625447,0.12246396214625345,0.14903781185210824,Hello
-0.008399799056234392,-0.03837092208659359,0.08186507533078159,0.7056935679346208,-0.2559499662537779,-0.02505447452181894,0.45871875204678786,0.3800311353106591,-0.4277673943656361,0.2922762627313635,-0.3888100119163261,-0.13844354639414705,-0.13400184125297382,-0.7240294515408507,-0.9757079686570759,-0.16344188270164006,-0.6822219074953103,0.2099311977031922,-0.6085423211375144,-0.6170770793864874,0.48664518638762916,0.00022708679372512863,-0.20069376052204363,-0.5989294128972494,-0.4475007330595963,0.11220605298234854,-0.7140759491840608,0.23181420098539657,-0.46748459868644676,-0.024066937035989687,-0.46609845898882396,0.8440525885500917,-0.1835401377468608,-0.35520115135876895,0.23787871191228574,-0.5098785120780603,-0.11932491718034316,-0.863610271467745,-0.786089842131132,0.1309593190107291,0.16403843890250563,0.11295377531723348,Hello
-0.05067549113901785,-0.01413791222107559,0.00714161254553345,0.7532550058708788,-0.3834253596428812,-0.04131596333695965,0.4138038465277205,0.38876375859621864,-0.3756777234930925,0.3102807571350898,-0.4482198333311727,-0.14497213615464094,-0.11151238292438458,-0.766563761720222,-1.0181929695011074,-0.16873005476528705,-0.7451068612200508,0.18014119229994222,-0.6325238361453566,-0.5413877958414657,0.426865858654116,-0.08065913864963989,-0.21832769481217446,-0.5599009203971516,-0.4602996017296396,0.09223139871084424,-0.7391710313263171,0.24695191901435254,-0.498202605551701,-0.07012884533861607,-0.41804345750026706,0.8328317744108722,-0.2799723052754741,-0.3809118983194594,0.1229577180381001,-0.485720816913151,-0.15004606891878483,-0.8089413145951008,-0.7547281734596181,0.17146918171427586,0.13220177041436637,0.09370541274401158,Hello
-0.03453461209658608,-0.0851723597845628,0.042124821049564956,0.7594231178272293,-0.30596447278274047,-0.048815088661018136,0.47546919261186477,0.37770612645505575,-0.41883630169517494,0.32243766877643437,-0.47079162880453884,-0.13504660085134798,-0.08407984295707796,-0.7931956807644253,-0.9561662002390651,-0.10206743964653037,-0.6671053960615743,0.21083694037101622,-0.640017333381652,-0.5549500657455413,0.43999508182327907,-0.03264697682584715,-0.2193687606289297,-0.5596704675438102,-0.4140617033121738,0.12306419493535245,-0.6958864019688025,0.21895651999919505,-0.46017482118291325,-0.0591080728712481,-0.5116688770333003,0.8850978836613561,-0.25416792323144366,-0.4234059965099613,0.1489968590956944,-0.46725636287946865,-0.16228835152716528,-0.7695277372365892,-0.7855241284734941,0.12626347488740575,0.060207521164281796,0.131845087045348,Hello
-0.013378311415834804,0.003394213711590684,0.05551274584738058,0.6704983164133093,-0.33312327640422634,-0.0513382641045038,0.49514803186662815,0.3774267024939864,-0.3746188279660515,0.24211210387246324,-0.38298000024814594,-0.15076560061281158,-0.0862653429154113,-0.7783486275737622,-0.9430005525219185,-0.1981279319172913,-0.6969337250273019,0.2416528574889884,-0.6212800402482744,-0.5537408464148765,0.46322949049515383,-0.06945090429678433,-0.17091317410848628,-0.5835581633774605,-0.46189266214303404,0.1117734909614453,-0.7697526734843658,0.20270176781496083,-0.4421396415932304,-0.04090037236020001,-0.48502074246250043,0.8828359572727766,-0.23324429849732808,-0.3637220866885781,0.13730643254309827,-0.4692184283168269,-0.09223047325058947,-0.8244684549174526,-0.7559206412876015,0.10149148566343097,0.15522432899114103,0.1250119568992317,Hello
-0.0072809624347584525,-0.05670030513548829,0.052762404160716786,0.699527826304853,-0.3397022586163958,-0.046289019746120805,0.5048719495575935,0.4046007932743367,-0.41574876856519505,0.2665957387266491,-0.44873764787030657,-0.09007428093592908,-0.13410892012861536,-0.7310564245338053,-0.9844790545691086,-0.18643843489640183,-0.6318641574650696,0.23719450152901622,-0.6211999976801829,-0.572034892229249,0.42450931961814353,-0.028353521186987737,-0.16203879043157135,-0.5657344249137493,-0.43936099253300825,0.15875591396804486,-0.7133067292730142,0.23541646477971723,-0.5282391531183266,-0.14640801212261578,-0.4714902832657783,0.8726975265789637,-0.23986050357567662,-0.3971136821378272,0.14150489800101596,-0.4423402835618554,-0.12402805152708207,-0.8235550089241804,-0.7729793296537296,0.1408913957073462,0.12213116556792628,0.12186990323200693,Hello
-0.01949480656492309,0.0025250469055708843,0.06679110498835812,0.7451168332966646,-0.3295322408544839,-0.09726048428556633,0.4631549846157547,0.4221872467466324,-0.43390035054452164,0.2920698183165795,-0.39272373000504657,-0.1653952283042361,-0.15833698563300497,-0.785561605681289,-0.9917124371401447,-0.21549446257330457,-0.6692364659489282,0.21378289828826003,-0.6181542777188447,-0.5511781684430157,0.48058916402927265,-0.04877861288067821,-0.18042744199832392,-0.5811377215615477,-0.48331837307031206,0.09205789239738355,-0.7391087747866083,0.23685115302598764,-0.41219955476460185,-0.08896741110601909,-0.49564031431114725,0.8736485631240525,-0.21254305786694194,-0.39651306390477403,0.18183988369536672,-0.5489654531969286,-0.1982192736807216,-0.8160236555323799,-0.7697653111961971,0.1004358870075644,0.016106094866944337,0.1533276066043672,Hello
0.007309716711081432,-0.03270625220398289,0.03684005766041967,0.7016297106466193,-0.3181568087309734,-0.060959149057944625,0.490960118692672,0.31273389284518616,-0.45068462412106247,0.26567970156468446,-0.43000524553339947,-0.16017746424117257,-0.08811757568884498,-0.8365227752453259,-0.9758224743127599,-0.1697569802843558,-0.6082756891751089,0.18458474973805228,-0.6081418627412347,-0.6145034844004738,0.3544282469444192,-0.013149015760500291,-0.18894470984710612,-0.530505939989621,-0.49912966814279536,0.12520218618577922,-0.6686814824246421,0.23865804735029186,-0.4743743831978931,-0.06722942559301338,-0.5302679988564607,0.9162094415887003,-0.24274275252238633,-0.38928509057192706,0.09642598067978558,-0.5115574810161058,-0.08355875559818435,-0.8115663790408107,-0.759086052541232,0.14505840818397675,0.05107813186902133,0.16295425240974257,Hello
-0.017696769532668234,0.020960664405511302,0.06716257170825003,0.6844284753973734,-0.31654402529407455,0.02371700349212956,0.49092779487884014,0.396647160142154,-0.3927187661085215,0.30578137434810926,-0.41602899827434087,-0.1767847866512415,-0.10503744831203003,-0.7496793696030158,-1.0022690831656833,-0.14377219834329852,-0.6667262929963212,0.1724046435247003,-0.5879466585642029,-0.568991427695751,0.4489723796983932,-0.047245006001707404,-0.19057268534356112,-0.551054514553545,-0.4492006697460027,0.049739168586364485,-0.7583833298437894,0.25394917864329836,-0.486635926032671,-0.08319804710088653,-0.5238987756004077,0.8431501638791145,-0.2850709825270928,-0.40745800982446356,0.1253638824594918,-0.5051713278104318,-0.12865508032989,-0.7902281914464933,-0.73988837885621,0.10204882536883586,0.1411164963567727,0.1653852712482431,Hello
-0.023372782181301014,0.0060970786375809305,0.052677248201919116,0.7362926796482216,-0.2761989378530551,-0.02400150379351503,0.4913964523204096,0.38546341313367866,-0.4695007681149585,0.2932072740758037,-0.3861167805363072,-0.18985106718415784,-0.1437055701310188,-0.7769546400085021,-1.0067268621481005,-0.21028277639416335,-0.6766830697238128,0.15806920674515204,-0.6470992762583013,-0.5392847631199835,0.386965839606881,-0.08642841106879642,-0.20767865042368083,-0.5439026556082783,-0.4638352357136096,0.09566768965644809,-0.7234152537154895,0.17369565611378432,-0.46783065875237356,-0.05598305707563456,-0.495420809365555,0.9057199888712824,-0.25824190629682553,-0.37058231846581047,0.14795181984478073,-0.4862702687772176,-0.12720758663590076,-0.8043652533464036,-0.7660758299299768,0.11510495413160188,0.08345948788335911,0.16728131117996534,Hello
-0.01786604805551578,0.027015992319947748,0.11738932517230885,0.7186681714274105,-0.30103199845793244,-0.07678045921265017,0.49878020006544066,0.4043554123119209,-0.410787919702422,0.2800941582309541,-0.47214752764923984,-0.12893846954398328,-0.17395498366010162,-0.7902631868628002,-0.9489517626100834,-0.18075014090451588,-0.6055248329282731,0.22979100344830972,-0.6374925725215775,-0.5595681992280597,0.42476581199747687,-0.0859575499343351,-0.2169898685321946,-0.5826841478929695,-0.519014196559381,0.11102992604746592,-0.7322181729805489,0.17588006206022666,-0.4705454424073046,-0.04600992567701509,-0.4763305207767367,0.8658202082611208,-0.2066737587756787,-0.38401297744911683,0.15253911696851385,-0.5009120585939152,-0.11831335460951599,-0.765282890847311,-0.8205831885808602,0.2103435081297052,0.09056613703819552,0.13716443481799503,Hello
-0.020174567880190085,0.006698125077607826,0.01413959490298932,0.7143407682711579,-0.3542365042656486,-0.038109540335685685,0.5059716223886735,0.4177528783457544,-0.49612884899299525,0.36072340997985236,-0.41345662696359864,-0.16733100570125845,-0.10733905151598976,-0.7754569774204434,-0.9971926801112294,-0.18056957296044468,-0.6821992809005767,0.18690686909015583,-0.6384639949444628,-0.6033677393157924,0.4305620271802715,-0.020933263938461146,-0.17333139315537285,-0.5412635631045167,-0.44819737517325686,0.09362335705340953,-0.6995561017080221,0.18534135290431583,-0.509691969840999,-0.09641211016044121,-0.4507398733685041,0.9038259089415922,-0.2097978662168845,-0.37226169230706363,0.11693852640456355,-0.46571583748504297,-0.13036661042634634,-0.775740847255528,-0.8061410437990743,0.13585704130342985,0.12256232061458676,0.16247729943352793,Hello
-0.020050355845404048,-0.001832270140571283,0.034653026672797994,0.6557801917108713,-0.3154590793127797,-0.02390253008481546,0.48400020539600813,0.3398858411996869,-0.4355045510695227,0.2329108875904835,-0.38122399195259915,-0.17661766895001102,-0.07439078080192109,-0.7523665827849998,-1.0042049291787645,-0.2204906215187393,-0.6534640057803773,0.17370800775536438,-0.614801081607064,-0.5748724283478104,0.37275218063984095,-0.10540628760768506,-0.1819773735828261,-0.5827080530734925,-0.47452027598112684,0.13048103717273019,-0.6895427493419843,0.2178905374587196,-0.4928897895729204,-0.05248181702432737,-0.5238496222336706,0.8822368451598208,-0.20786044417356972,-0.3840126820108887,0.08521442880184925,-0.4990143491751406,-0.1529592751595554,-0.7981507017397991,-0.7882619794294687,0.1923066401791117,0.09148610064671486,0.12126504946851452,Hello
0.03449016056636241,0.008897308155909152,0.1044357910176868,0.7393838623259547,-0.3561863668165897,-0.0821635414157886,0.42959283365163853,0.4182342477750721,-0.3893211634746182,0.3549421846336074,-0.39702186521252747,-0.10915087416041885,-0.12945337906532853,-0.8154351465978399,-0.951684838630156,-0.17397665041352495,-0.6607517810417407,0.21065887328984623,-0.608180056398064,-0.5218730948279959,0.46503650061831864,-0.022165636463740875,-0.16340381486077615,-0.5504394441108305,-0.47176267343474143,0.13230206224731084,-0.7665808697067356,0.2576836256684504,-0.5185075165586056,-0.05891200941390189,-0.5084961738954681,0.8921439230096228,-0.22543478010607162,-0.4522622670083175,0.15593799880747755,-0.4935113143858537,-0.10017697595045034,-0.8011075397100432,-0.7908216872608671,0.11867825930527592,0.0886550981149362,0.12243306533475841,Hello
0.025701074407276668,0.05032131263416467,0.04225109312976129,0.7630274665753899,-0.38656319078696266,-0.07799537280522309,0.44737484743780315,0.35779743204909625,-0.4724867198608559,0.3118512877561499,-0.42873705611406054,-0.13265386955831515,-0.09133870850207258,-0.7727741623003481,-0.9574543233181714,-0.18859304156797504,-0.6995849139211399,0.2307721542954804,-0.635548984855244,-0.5884554895864756,0.420849396799678,-0.06587657461284668,-0.20130081249734696,-0.5555397030366698,-0.44747732929631906,0.08267022000714776,-0.73937717882942,0.2582968692426812,-0.4677798248336063,-0.005234156837287632,-0.44773770993043754,0.9098710455741881,-0.2660530798419084,-0.3815037777144149,0.14172380582601588,-0.49270314518701985,-0.12157091735887555,-0.772790964333731,-0.787659369092382,0.12105111391547048,0.12860883246553567,0.11706459815551203,Hello
0.006500493568928586,-0.009100502024314026,0.0598402581299788,0.7537093114868748,-0.35267867984966855,0.016186161455853575,0.4215056190445715,0.3804426622346722,-0.41387271146897625,0.31699074538507527,-0.42532929679937587,-0.14575775257651472,-0.09973638652588948,-0.7876747564192546,-0.9353917808646354,-0.1613265995537589,-0.6377903817417985,0.17005302716974402,-0.6202572736039813,-0.5694015790852239,0.396018891803126,-0.02768732151557828,-0.2049072737710585,-0.5461992057880667,-0.4900333283605328,0.16117634038517126,-0.7516359973987196,0.23264594921558696,-0.45891604905398253,-0.08460532092374726,-0.45756749583969486,0.8386667455833774,-0.18085349235275755,-0.4039951103144448,0.1254246676378568,-0.48514914425369543,-0.10234379949306983,-0.8186809691275886,-0.8251650475051916,0.14075923002822013,0.07102620167465801,0.1908085416560454,Hello
-0.016991837736441695,0.024948503585412108,0.07269034819148075,0.7011860007212005,-0.3216515095315735,-0.018649607393131977,0.4704903610708172,0.4341660811078487,-0.3943336063837726,0.32702876603176584,-0.4361047283504146,-0.17643130491991305,-0.13046051724660182,-0.7748554438755225,-0.9608136171967119,-0.2516542151235204,-0.66421850832032,0.20378040563055205,-0.6262019485612768,-0.5216493854531264,0.4388403353013361,0.0008135102084756221,-0.19525671664817099,-0.537736995908366,-0.4088755896378773,0.14895592547809647,-0.7575102654438197,0.21845659677330245,-0.49302676952911845,-0.05280847196545405,-0.46255094849224737,0.8503754732966178,-0.22238186791072623,-0.46501740822810167,0.18657536005097988,-0.4915449183011732,-0.1249354593795165,-0.8104368017917173,-0.7683034895721058,0.062280134713810914,0.10583675478797978,0.13301766169286,Hello
-0.013609091627750484,0.05178679636906897,0.03978636191637444,0.7538759075527294,-0.3107852845940091,-0.004324113196388937,0.45612252858008123,0.3763836257586051,-0.3920969709429065,0.31222095964191926,-0.4686631455825274,-0.16021518192036655,-0.10046140947027615,-0.7556097454491265,-0.9975641381984712,-0.27393475267521517,-0.6482784166998565,0.16242810817253725,-0.6783957848154826,-0.645357378373127,0.4506063588797422,-0.034633723521802294,-0.19554759245903156,-0.5241905897946909,-0.43880784098301073,0.15809412328157413,-0.7665280818059675,0.22503036038095497,-0.531173229614065,-0.0743675779734079,-0.4906000307556837,0.894340662635282,-0.2230501068939774,-0.3857173741150201,0.16442021387109002,-0.4115258307593781,-0.13607027723343515,-0.8293779913920668,-0.795301808363016,0.12333692714154597,0.15079388811085315,0.12769568324943398,Hello
-0.01696729103621971,-0.014139471634533538,0.0879587683861968,0.725989612738715,-0.3407228728591031,0.007790866756251513,0.45045310590355386,0.39943967495330773,-0.40540988361892155,0.25052126707950373,-0.40790721014004694,-0.1756892617508819,-0.0873694056606979,-0.8096222024530935,-0.9564041476472167,-0.15333208099186557,-0.6381320165029833,0.2065772283179996,-0.6248146491597012,-0.5776801879136482,0.4703179737983231,-0.05947710363898058,-0.21988988324476388,-0.5459002526325889,-0.48181168556929777,0.08110321707593282,-0.7680541455060507,0.21157958391575835,-0.4851532790825194,-0.06019335618792292,-0.4546023678136989,0.8913491912273637,-0.23014318991482974,-0.41036545855480916,0.1586217339443787,-0.4379965861930153,-0.1228219515903554,-0.8152212359983877,-0.8324702968550747,0.1040491700233655,0.12632315521906276,0.15353158012697765,Hello
0.017320905753199847,-0.0038597833905616766,0.1086142880588001,0.716198467398115,-0.29281479113897546,-0.04333197762214071,0.4578876781830262,0.4161486019518507,-0.41268998460670864,0.31017050317002376,-0.41987667252053873,-0.14517282393797334,-0.040401729299604824,-0.745214972739639,-0.9555024117531172,-0.18315309823460532,-0.6337603962540674,0.21457757216260007,-0.6170894782885892,-0.5694945303815803,0.4237594129439293,-0.13360501911029296,-0.18245987585873474,-0.5805156030868845,-0.41014748152521635,0.11018544412426927,-0.7604149202270065,0.22457047447573034,-0.5140554609174997,-0.05328388554636988,-0.4744131342124988,0.9042774424506379,-0.2481434770790713,-0.4033993453765732,0.10236635601412414,-0.45512884762313094,-0.11104524216164775,-0.7862731597412483,-0.8026357458818001,0.159848514679396,0.15446523830701495,0.12763939670653052,Hello
0.004159355511302535,-0.03258378897544229,0.040358416834097605,0.7336564210284587,-0.2883548618541344,-0.04985811550000159,0.46906070524404264,0.38616613539718664,-0.4410217682925582,0.3083104640632806,-0.467232754537584,-0.1056078441864666,-0.1320155580296018,-0.7590855675323799,-1.0152871765244988,-0.1664418690643204,-0.6438167740375326,0.21056379103103343,-0.647708476525804,-0.5529011549356605,0.39069524753177826,-0.04607514468683685,-0.15789550800900423,-0.5419602628714515,-0.4574720931974899,0.08036092472223139,-0.7053783862757319,0.22664831623051462,-0.5522812963125372,-0.04400721322824834,-0.4838685401587741,0.911615790956882,-0.2572751388935185,-0.4997207026592976,0.15168952562727875,-0.4674267807804132,-0.17733152640304498,-0.8305022967480736,-0.7200277845109112,0.13823700953111817,0.12826383434904354,0.11667242959673943,Hello
-0.0627090869655947,-0.005107747403877165,0.058438108873464414,0.7187256750756084,-0.3249120933203834,-0.03424164262308532,0.47163469258579216,0.360452507693897,-0.4103935244203703,0.24098016773234326,-0.4838257489007507,-0.12186061664542139,-0.09684228092165727,-0.7824645330477452,-1.0190506737453346,-0.2077444012009292,-0.6718575147025626,0.15116090981363312,-0.6400464806125072,-0.5408176904783024,0.46900609400248644,-0.0510752896137078,-0.16608325040818106,-0.6232831228011978,-0.4381440442402945,0.0854866695580922,-0.7155256491397186,0.21863430655238258,-0.44305940807210953,-0.09371917746794142,-0.4643133662158284,0.867157029618494,-0.22916618766852426,-0.40993520505819386,0.11794681674209981,-0.4765966600580725,-0.12849082423850605,-0.7939101029198735,-0.8001491624517224,0.17134516444409936,0.1340403235391781,0.10467352476295691,Hello
0.02606317501772313,-0.03559009281329563,0.08404192232617963,0.7493141857767456,-0.3788123750050667,-0.03938031337657213,0.4620833177225969,0.37560973499425665,-0.3844534982462583,0.2798509461728934,-0.4465063330557662,-0.14176518328631563,-0.09148519669676548,-0.784992129675828,-0.942196102232605,-0.17057780312178425,-0.7293214518639104,0.18315371996564628,-0.6347308838523612,-0.5460067720207201,0.34744242138258663,0.03797804422758038,-0.1728471181908377,-0.5613950165660431,-0.4224805499811285,0.17991474358429538,-0.6986236183033055,0.2545312719937225,-0.4787511276316931,-0.07173188061875233,-0.4974154184628304,0.8507588937659536,-0.24502744631921927,-0.44493626719370705,0.1410408663563725,-0.526713718397664,-0.1208838818505401,-0.8022372286133457,-0.7982762578709076,0.1317413808551325,0.19864087616317216,0.1769957014232003,Hello
-0.037336275002541684,0.006986042622806947,0.048166061393927866,0.7002876304344371,-0.36167503038890964,-0.029203190049676798,0.4556967940713192,0.427407473453074,-0.3951656017313153,0.34067875194835945,-0.4478866281644478,-0.12977506316570814,-0.09307926258644895,-0.7949680173486431,-1.0003403773244688,-0.13822145300742777,-0.6571502360000059,0.21811676139220865,-0.6425379012266481,-0.5969661346192686,0.4091034398390466,-0.0422128886556512,-0.22070450124218446,-0.5661566649430853,-0.5085827371157579,0.07600369932582046,-0.7046186801926514,0.2441805947079107,-0.49442813132723057,-0.09801903729005247,-0.5139636616884637,0.8643442061391505,-0.2050814685788756,-0.37657221752308784,0.12842105781246413,-0.5107784638604159,-0.11857606843886141,-0.8258533594908509,-0.8182318959883443,0.1871636106688434,0.13114852791473008,0.1409314537853345,Hello
-0.03815757003338168,0.006341897024119767,0.09828596440567336,0.7194530122626934,-0.28093944555559014,-0.0033873320869082096,0.5260501860877106,0.4075299865282585,-0.40735731717304813,0.34188693904194867,-0.4088932070701554,-0.1590730547201748,-0.12550917418155383,-0.773586023482312,-1.015904061261069,-0.19080484044163273,-0.6310786987250598,0.13330011333589808,-0.5718411578179748,-0.526716374062508,0.41239399459889564,-0.022190522197796998,-0.18868346923047422,-0.5289616096304133,-0.42844708719060465,0.06760300030442637,-0.7071281452370324,0.21989804349027645,-0.48018685125008154,-0.08933126504683835,-0.43069744306905833,0.9067441081144672,-0.24661015824742336,-0.44445790647072453,0.13174683094758774,-0.4631386116981332,-0.11940520225646473,-0.7635533256290281,-0.7789867251570828,0.17649239872831948,0.11614072707607018,0.09451326251146124,Hello
-0.005870955934407043,0.031802692197259966,0.06486055782630819,0.7458147332943719,-0.3310353177125756,-0.07306404622870977,0.47243787920202307,0.40764411602329753,-0.44464969975107177,0.2923899830463159,-0.4504989224418042,-0.11045868395954556,-0.120886561813359,-0.7371600057417387,-0.9313247830864553,-0.18893845192235928,-0.694228574248388,0.1364607925388564,-0.662036733062614,-0.6016026453705626,0.4675410218976551,-0.035017509417142906,-0.17708976531490436,-0.6324739509516275,-0.49386657435022074,0.13621751529330525,-0.7161427942694801,0.22165072073900596,-0.4657265576076209,-0.018412173833669436,-0.4897728290487949,0.877623347597132,-0.2186391157662952,-0.3326562992051978,0.08033632194435243,-0.4556770006372081,-0.1300554450376233,-0.7841441585865501,-0.82240549344235,0.14593637702997878,0.12767738244172191,0.22957953044910617,Hello
0.024241085682062142,-0.025441967940915258,0.053693455221366475,0.7171195989841439,-0.37534216343409205,-0.05207239652349753,0.49812307357805874,0.360145729160014,-0.3935245886357107,0.3140945650245461,-0.4443420248413558,-0.14828192060660386,-0.06410323485648699,-0.7587362376903481,-0.9769237089557381,-0.19363757248953647,-0.6616768401584177,0.1836848221325874,-0.6810181060433806,-0.4991222633075609,0.430846683049792,-0.026547829080275174,-0.19051513353397126,-0.5879148247053114,-0.463505315902166,0.0616232791340873,-0.6564334226993586,0.189031519146902,-0.51363081688104,-0.0806938841493359,-0.44449928339711203,0.8759775234952695,-0.2615010972091482,-0.36678943744069736,0.16524702868048763,-0.4600206423643788,-0.1051393503397262,-0.7293164533546019,-0.7371314699714249,0.12680386766563342,0.15505161484209162,0.14768727011055796,Hello
0.014972874484132481,-0.05076812494929986,0.06129467272040169,0.7063373145255626,-0.29663110380839236,-0.010037275760370265,0.413903610592917,0.3977116468121898,-0.3913232230234009,0.2938609515226126,-0.40044311583215375,-0.13350106745765591,-0.10180308212713919,-0.7888821214375731,-1.0136846427267538,-0.2201529774034578,-0.642694536838308,0.199621476536423,-0.622030988210027,-0.5731043018932734,0.4170312677093874,-0.007084893199307107,-0.1988352234937048,-0.6060932620826208,-0.4356180282074977,0.10345882208397512,-0.7238041416749744,0.2742942282915592,-0.4832886450861398,-0.05881059782418212,-0.5185092598816331,0.8689521699468611,-0.20613124197197633,-0.4510808002786548,0.1493423626703945,-0.47314995890152817,-0.12537275390722824,-0.7700325434123282,-0.7926511613770526,0.1917474849064256,0.07652737958993597,0.1402699614343414,Hello
0.0025340035916984224,-0.032077634812652404,0.09509509574478796,0.800462221411244,-0.32198305048970655,-0.027019058124241407,0.4786737553978662,0.3769651526351026,-0.47960187650128894,0.278288115899155,-0.46407377661077664,-0.0929129691446949,-0.11550617990341515,-0.7911202519669392,-0.9505126038590483,-0.2201596060663836,-0.686981033412104,0.20107989694831516,-0.5870125511291059,-0.5453370492685392,0.4336366873492864,-0.0361487149768708,-0.17677082537186076,-0.5598117335296962,-0.48882674971701096,0.11098749864891118,-0.7569566774084903,0.22849935538659857,-0.4970912666102718,0.008695340665741957,-0.4843383866552347,0.8334150665295422,-0.22844242964854208,-0.3888388258942809,0.1935179282614989,-0.49385726307903394,-0.1740842167955606,-0.776642200029146,-0.8441022779994978,0.13432066471050771,0.09860645049242724,0.1341032208187877,Hello
0.020674933712230066,-0.02050902846859163,0.05819436811704475,0.7302939116471778,-0.316984929529628,-0.03923487553121673,0.48921837438008375,0.42368787802157004,-0.41320004469769944,0.3130688860972925,-0.469781720184619,-0.142529200511498,-0.09766766264566971,-0.7588744362584107,-0.9979577418296963,-0.20627825122736632,-0.6811981325304755,0.21513014586759682,-0.586859189224084,-0.5726114038423509,0.45342580248262143,-0.03478785275901346,-0.1925064743525371,-0.5722028475781128,-0.4355292405356382,0.11937245650352873,-0.6564712548115286,0.20050013980965414,-0.4671287773047253,-0.08336213831208926,-0.5092201647523427,0.8752162394063407,-0.22029644894602327,-0.3168743816116148,0.13779263540642714,-0.5100790529654129,-0.11842105605001985,-0.8633865114984665,-0.8054430203006363,0.1478860864245871,0.1301730765461134,0.16540089190062635,Hello
-0.015107088567231523,-0.00451842043889799,0.04342262076372745,0.6968801455914287,-0.31217602487377255,-0.08037725723035238,0.4636993941062505,0.3685174739353408,-0.40848857257852067,0.3535042233700106,-0.46136266466632464,-0.1996265859733955,-0.11579949564622,-0.7802717382167914,-0.9706274393999637,-0.1998966884377373,-0.6699942912367305,0.21006304118707458,-0.5866626940924651,-0.6190390637331513,0.41511874990286607,-0.032077983215719384,-0.21631718417598608,-0.5139262317305547,-0.476989877880565,0.10836634138969815,-0.708065354735689,0.20832833543551704,-0.5380690197997571,-0.08034574382523987,-0.4522583384648722,0.8654353997138358,-0.2498100523720037,-0.3766494219783359,0.13339376299623162,-0.4914785154903789,-0.12212769488495213,-0.7780248040835118,-0.7312329108705319,0.17222241118545498,0.14113026404940737,0.12101323844815529,Hello
-0.03077604317908429,0.0018699404885736887,0.06962134313983546,0.6983666399947216,-0.326731704152312,-0.03019016272088049,0.4869500029739488,0.41350132833384606,-0.4162501262631052,0.28425106061391425,-0.43773204398168997,-0.1800045734262847,-0.058509637910165134,-0.7803391611569453,-0.9839328102765281,-0.2143708354242807,-0.5759053752021341,0.16683788790416965,-0.6307410586399924,-0.547912495535021,0.44419332204613826,-0.009754285377480767,-0.13454964580458612,-0.5506765910197524,-0.4896085054727029,0.10189676824626319,-0.7155110464655412,0.2881136603447486,-0.5246059927183535,-0.031408812860987054,-0.47774412405629085,0.9006771695742743,-0.2274768648273123,-0.42969256716720733,0.16584319325896316,-0.45654076026770374,-0.09744966860265976,-0.8015464494334344,-0.8206789775221037,0.10064171810501703,0.13091626310193924,0.14890890889111053,Hello
-0.028973478985918778,-0.016157210198898726,0.05240348132350436,0.686232489276187,-0.3460033401533456,-0.07618460147664505,0.4637638307667683,0.37621176778243104,-0.4737892157932309,0.3601390273091004,-0.3847388032513478,-0.167406614132068,-0.10388024718610968,-0.7682187194008854,-0.9414546429594782,-0.21106522378050932,-0.6312119087524947,0.18260056974464847,-0.6579514929968686,-0.538663503844168,0.4649096857974828,0.03914502217196925,-0.2247696589903704,-0.5448937301311501,-0.4702216187875089,0.13310588331563758,-0.7688607041778952,0.18818378582861695,-0.5059480730606191,-0.06511718664770134,-0.502373993138834,0.8953138838347925,-0.1936101847804969,-0.3864322620260569,0.19188063906674924,-0.4636988921972121,-0.16311827888505642,-0.7602460149659253,-0.8208390038906882,0.17471788294629936,0.15354709155441024,0.14989286473970292,Hello
-0.04488476439493949,-0.027546364995293744,0.10608857968860164,0.725648341666375,-0.31908566220692663,-0.019404958287546136,0.49702788698581607,0.4067366871038817,-0.43123911930384246,0.2900812670200452,-0.3965780604234844,-0.12742894555443463,-0.11977188910425167,-0.74827930270573,-0.9810582420565761,-0.21205693821073876,-0.6867442332390679,0.16967550378156354,-0.6260479213699208,-0.523375872273517,0.40203407764289467,-0.0328379742034082,-0.2084785814064864,-0.5736705919217169,-0.5032288178332605,0.10298897512522051,-0.7305571790351065,0.24227551742064474,-0.4759734009679634,-0.10343787176630523,-0.4506156078213771,0.8818513447240498,-0.21846521781290976,-0.40469505886497176,0.1277842864602566,-0.4696396208884106,-0.11234372449699394,-0.8535541811124421,-0.8188471419428912,0.1397569188436246,0.1140201832285854,0.17199155459560472,Hello
-0.02315222443790347,-0.01493885540453526,0.051030222362651076,0.7066761945325233,-0.33188846310855946,-0.01904562417281528,0.444523136262476,0.411207124586905,-0.47603613506777853,0.2826211804987498,-0.4321997041887643,-0.09379024129904648,-0.12029695822829861,-0.8467799762990518,-1.03715388580852,-0.18548618539030653,-0.6455619865982702,0.2103014045996741,-0.6128485176977806,-0.5255198126984328,0.409999196451696,-0.01164493035314653,-0.23773834758845652,-0.5930097556717158,-0.5121388233216574,0.10135976297982287,-0.7261338541589479,0.22948992386636946,-0.4808153277790105,-0.09531270794209572,-0.48884878047507985,0.8306188534592175,-0.18352015407426683,-0.4135283704503576,0.12865042630561246,-0.4285054812275499,-0.1638787735813283,-0.8349149237930344,-0.8355709265685652,0.1453691865047478,0.11928401394688498,0.15838248846132597,Hello
0.07715985952484906,-0.06748297362602292,0.08466831335578008,0.7140081050584925,-0.3390653227218548,-0.06076285462007074,0.44887511099916716,0.44890843777042144,-0.3997101483568114,0.30015719974873717,-0.3817845526076147,-0.1894119004454347,-0.15197404302564577,-0.8460817040613648,-0.9981696548063812,-0.18165611717956437,-0.6608893549339975,0.20351798620265293,-0.6602073258037927,-0.5362929583451822,0.4333757586209799,-0.016500618589971334,-0.24556076636536556,-0.55651659491964,-0.4935605386712287,0.09768542442337579,-0.7087150706818662,0.22879968728725128,-0.5082180277590042,-0.06729791333221133,-0.5290876145999927,0.9100502753943388,-0.23057554391312188,-0.3708630899357578,0.1275210592640419,-0.49188097073306986,-0.1495369811739868,-0.7748620924212831,-0.8239672515423626,0.16674319092818757,0.09486149312767835,0.07691332542104234,Hello
-0.01710942203359398,-0.03537324643088544,0.0674233273925177,0.6950097901654249,-0.2936936152337531,-0.04490196658304523,0.4708103212806442,0.41804945686594536,-0.3960618601449526,0.2988583578389264,-0.4454510341687034,-0.1972551199698323,-0.13263438179677337,-0.799259039494963,-0.9739754950129136,-0.19686147941484777,-0.6433371231104247,0.18064823073273584,-0.6195868558773985,-0.5248679773276962,0.43644168949245893,-0.04029337328460822,-0.20683623429571932,-0.584858262585023,-0.48344597906226133,0.09337491602642965,-0.7020760424786283,0.2194102309608058,-0.5231650204470615,-0.014441029225950378,-0.4735425994083285,0.8333339515019949,-0.23767249114545907,-0.401092996778565,0.1944547726758445,-0.5094170648286385,-0.09733015599417302,-0.7591627175629051,-0.8215439459747454,0.13907991938992528,0.07524578763654395,0.1300883901853818,Hello
-0.001097699230287935,0.019789499942471114,0.09911174981266098,0.7082791402970101,-0.38049262018197144,-0.04280703415074168,0.4849443270224656,0.40585522336286917,-0.4347792655924998,0.303203883381934,-0.3768516809316573,-0.13258400641759316,-0.12325394183581051,-0.7957486066084041,-0.9822827893330145,-0.13740487412578778,-0.6694741335577534,0.19844389853523528,-0.6323450279998993,-0.5274180999003439,0.4849820507161502,-0.024973855551009637,-0.18629471392410124,-0.5647578356883467,-0.5294567851372752,0.13195964792846115,-0.7207210251610824,0.23891714061939562,-0.5040156941881357,-0.07901981438705663,-0.4954723032377786,0.906190943039581,-0.23577981842632714,-0.34193977860012365,0.15624288244737433,-0.5144441708807443,-0.13046776637241012,-0.8206975640367679,-0.8685157909171091,0.19538945615914596,0.12742934132435718,0.15218844395477032,Hello
0.004962109808991127,-0.04146052706077313,0.05189773149538447,0.7559754454791799,-0.3530094691486667,-0.11812277025997882,0.4693250208899786,0.39411996611149175,-0.4209121656747872,0.32131687969745204,-0.40318685081528843,-0.13627293732915077,-0.0761869474431167,-0.8263117655199236,-0.9620497641683609,-0.16771092208059868,-0.7011619808543746,0.15395161061038484,-0.6402538846660782,-0.5802338438990616,0.44878951697888286,-0.05692841054468413,-0.21446835658610014,-0.5842103327844105,-0.42436861144907656,0.1099964232312252,-0.730123548401665,0.22276671413854232,-0.4439100183358289,-0.08996125981584113,-0.44367630641448025,0.881857142485035,-0.22922960478749477,-0.3293925733253891,0.11164782518296532,-0.48678426386788254,-0.16358431474977142,-0.7725734512559903,-0.7520086488129579,0.19750301139787144,0.1430535276521372,0.13026361038391196,Hello
-0.010957229324695394,-0.05013509317482195,0.12748245173750136,0.7447913645801135,-0.33623157540127613,-0.00232798410284539,0.44695526562060633,0.4105713537589981,-0.4301579421959535,0.31862163458842496,-0.42422223135780834,-0.18756386821980514,-0.10978559790561684,-0.7492767478392633,-0.9780637107783021,-0.16325361933303437,-0.6953409968421891,0.19824990507276097,-0.6366109345244676,-0.5379781754204616,0.42713167994166984,-0.017790036743852912,-0.15614658825292804,-0.5451127634299321,-0.4497340284448936,0.07965875424457447,-0.7248296009609647,0.21007416703909887,-0.49299374706675136,-0.0787221325402514,-0.5125393223861507,0.8168220958433702,-0.24446131477806735,-0.3986182047056928,0.1028716985140985,-0.47570322398672366,-0.06960332484552248,-0.7704556137145082,-0.7533780715488925,0.15913916426371405,0.14136035974735045,0.11447328250375732,Hello
-0.019330208010659527,-0.08217420618412417,0.10199060990331654,0.7769317416302561,-0.3380681856156097,-0.04978824196437147,0.4535223377126775,0.40985229927664263,-0.39123109180813126,0.24717816117558472,-0.41003186926295715,-0.1523361846380428,-0.1086510573267173,-0.7669728520452954,-0.9828332917658672,-0.18961467858288036,-0.6703913672986066,0.22814721492450496,-0.6053128220679853,-0.553770094491482,0.3880583814410415,-0.04984963933034591,-0.16181782622748878,-0.564730423489856,-0.43814163738602874,0.16260047600974564,-0.6935878355646932,0.22886162923056613,-0.49800150347149635,-0.1440925958994208,-0.48819310281686895,0.8657618786428845,-0.21270603749637307,-0.4090367450726582,0.13370545809381937,-0.529555658996089,-0.1548104124493534,-0.7868477791480587,-0.7512070878885274,0.14447956644336357,0.11616939726498075,0.1647665691263751,Hello
-0.024326818086007493,0.011004421298563268,0.04419154249208282,0.7566667553903899,-0.3169307768166396,-0.033216136353011225,0.4526602432008487,0.41958366352064147,-0.362437680530298,0.26922396952916977,-0.4325077954116504,-0.13708780726142566,-0.08846070272584348,-0.7975290606542083,-1.0621781273069648,-0.1457313881557862,-0.6411599286844432,0.14674930295625657,-0.6361026846251969,-0.513342127737783,0.4696208256275459,-0.01033304635358295,-0.1940612740564599,-0.5633716981191984,-0.4618553556274867,0.14345231549798176,-0.751021289835811,0.20189288945304773,-0.4523635907605441,-0.06881695168309072,-0.44178753447906915,0.8553968873079736,-0.2260603741383991,-0.43209197780873615,0.1435378903196302,-0.5205300991908364,-0.1412403802035003,-0.8442349263199189,-0.7818666198267705,0.16890300814852183,0.054427183143226705,0.17620879678280812,Hello
0.07492245379259561,0.0013801916020902284,0.047172817875308234,0.8154519399657509,-0.3610419232042669,-0.04156649676638147,0.4815268693023641,0.4387271213458903,-0.4141868989134248,0.2845023035183624,-0.4508505562938634,-0.1542906860938525,-0.1422607099140723,-0.7793079125019837,-0.9941131039984972,-0.23132820677939947,-0.6263207386207204,0.18410755316798533,-0.6559197250210697,-0.565435374658229,0.4282380800528397,-0.09088624880132229,-0.17882847102389113,-0.5972760477442817,-0.40659671719797924,0.12532393736221867,-0.7367430173442372,0.20371184599005338,-0.4858208595925333,-0.049102385770245185,-0.48390637900023936,0.8690274893032842,-0.22266591460369747,-0.4225353562005262,0.13302083207163207,-0.5387474642480224,-0.09739959064928039,-0.7921833769624226,-0.8258879921435112,0.20436737739638944,0.10894555946952865,0.10510791725853504,Hello
0.02570212264411375,0.011941446495277874,0.07824364524657415,0.7179493540961118,-0.3079579965418506,-0.05002243947908725,0.49281644467278163,0.3412243591119987,-0.43799527205660416,0.3511259733262618,-0.4453270488442337,-0.16215118041126403,-0.12549172923921723,-0.8171868561721835,-1.04343564188953,-0.19342466493641533,-0.6598993295495178,0.19746257681469695,-0.6222219777302469,-0.5590963744980912,0.45687217722033285,-0.04420563261182779,-0.2060003783502821,-0.5742950852302163,-0.44054717868099963,0.15196592835621411,-0.743590329816033,0.2290348927104404,-0.47252110510754575,-0.09726344821960857,-0.4825290401262958,0.8315720377971271,-0.2774885324404163,-0.3934171960266499,0.13180076763699972,-0.4701052788522358,-0.1271482268851019,-0.8304393118319894,-0.8040419458814384,0.11041228880528661,0.14806423579779907,0.09551311407199203,Hello
-0.00587355812905744,-0.03126814764141745,0.08351888088287143,0.7207790810972144,-0.3370328698438279,-0.016573644420907783,0.47702111887373294,0.4138720261103969,-0.4544188462627524,0.25731681207419077,-0.41909878632102066,-0.15360142215131037,-0.09325984891209965,-0.7831399256754007,-0.9710349584256437,-0.23520854887894427,-0.6073220040835398,0.19411046931989556,-0.5969480117616343,-0.5854703507301916,0.4354272301403302,-0.07757758993969364,-0.17521586588987387,-0.5765405432151487,-0.4570518663556359,0.13054434290381955,-0.7617222269775661,0.20553212718118996,-0.4689520999330216,-0.004539463781341471,-0.48728402518252784,0.8932763370551079,-0.22762616742398875,-0.3461522204207286,0.09090035986796553,-0.47333505974079165,-0.17537769858171323,-0.8763444574881769,-0.7937604552289738,0.15159026184015603,0.09778995692549101,0.13300640171659836,Hello
0.09294898302213772,-0.007745254140943032,0.08170997651954982,0.7112410776472431,-0.3126158910039735,-0.049316701024122944,0.46382264664151446,0.45293964869832765,-0.3896635192716983,0.3035637198139929,-0.4914413832605437,-0.1548663081840455,-0.030962062153565464,-0.7876625220947154,-0.9440906914410728,-0.14324880092212894,-0.6574061947962883,0.17378307991481196,-0.6909349908252969,-0.5398627043653342,0.4017442529891035,-0.03320773347732052,-0.22627251122534492,-0.5738184468976798,-0.4569160098266713,0.11766292943124557,-0.7581906832615302,0.26197420756241446,-0.5005786719075836,-0.11772019183134123,-0.4864122577415873,0.8765735127881837,-0.21959934033308157,-0.3635556161528652,0.1362235447748474,-0.47976227981193553,-0.1597069090118442,-0.7765307052854385,-0.7971550449001652,0.1348044961369074,0.049194824253793144,0.17952459026944356,Hello
-0.036830398933681716,-0.01773834028109117,0.07715658101432767,0.694825284377159,-0.3662781616027859,-0.10588811825347436,0.49776810971057545,0.38201710539052824,-0.3371609653930286,0.26963066842308975,-0.4499585558850923,-0.16099782059503048,-0.1047588494315633,-0.7948487722590835,-0.9588172521826072,-0.21586472468036658,-0.7054228638258749,0.1450912866885833,-0.6845828459099261,-0.5759296712078545,0.4171575237020133,-0.057435357858446785,-0.15147572712204915,-0.5290204143953297,-0.46797167109703797,0.05578748860415775,-0.7417471708826093,0.20807223728206203,-0.5023858772339663,-0.08841767513469123,-0.5027454420144276,0.8639460050404572,-0.24348325629270104,-0.3981699130046498,0.15412807135406903,-0.5034930436963471,-0.08847941779464041,-0.8305491794272939,-0.8512183352369684,0.15882867009668383,0.08181282102532686,0.14583096854051258,Hello
-0.07211005803301591,0.041773678244492025,0.08657504792325964,0.6857077257607694,-0.3658361819705802,0.007998286350471409,0.4540168040184676,0.3733471472703392,-0.49296063099170695,0.28893797422396933,-0.4291466136272973,-0.12257123858338387,-0.15402524193125225,-0.8263512758627425,-0.9636583395593883,-0.156305170843895,-0.711109682805504,0.23148315145984877,-0.6167493656272056,-0.5276334404513634,0.42408032222828146,-0.1141605845585898,-0.19333692250714518,-0.5340570061234357,-0.48473996204621433,0.09796617293269307,-0.7300300227474871,0.13908146270351943,-0.43253140110250027,-0.09452737841465911,-0.4679694921684994,0.8729412194329437,-0.18668845163745354,-0.3922379045905751,0.13626928173129396,-0.5029791438564508,-0.10267585653338725,-0.8573505494907139,-0.7833076042142315,0.11443398540908609,0.14390357491645625,0.1410312106976718,Hello
0.01932371303550326,0.0024596644147415812,0.013834932827817677,0.7049001473337994,-0.30130118812685014,-0.037170016251659097,0.5115678982825765,0.41047092962343307,-0.45398012488830825,0.27557939626039696,-0.4192275034665276,-0.2134573534664716,-0.06184963251702843,-0.7674902700041975,-0.9403761806912164,-0.233925191204982,-0.6266381574613098,0.26598269620168896,-0.6575019715331297,-0.5372455467764898,0.4262202314144287,-0.08482526248139861,-0.17399138188210792,-0.5408532245384533,-0.47596137805376826,0.14458261760757332,-0.7747489198446336,0.18122419470608456,-0.478573906497962,-0.06672454967857573,-0.5046387597954065,0.8998300865965465,-0.20849019390175588,-0.37867541613539707,0.13962291681635516,-0.45809628304152217,-0.13998088666575126,-0.7395327496694776,-0.8270606899261679,0.21056425083948163,0.10738170347043931,0.09492689773072865,Hello
0.04104238051465803,0.0037770416518487704,0.09193996863345472,0.7674376997919373,-0.31133420163084086,-0.05993691611683885,0.5054096024534839,0.39839535795595576,-0.4044033336089759,0.23484940317827213,-0.40890557367192915,-0.16319360624081933,-0.06245359997036206,-0.7620500516588513,-0.9699914862272037,-0.1719177731802003,-0.693928337858269,0.24773542958669814,-0.5581345083193031,-0.5486001953071563,0.47389904013101913,-0.0555666929941273,-0.21269130802441344,-0.5646335782217061,-0.4448793503226659,0.09778552156262302,-0.7086129719299031,0.2352585635617763,-0.5126210316243562,-0.05192231749419224,-0.4572357078670377,0.8806863330451016,-0.18983758023038358,-0.4409417020683261,0.15735552254087876,-0.5112821122727756,-0.16003381832184405,-0.8200752353842091,-0.8309461223297356,0.13096545339349813,0.0999105557364214,0.16130685900773248,Hello
-0.009634771161171073,-0.04756877120308778,0.10060828107690238,0.7056093182272083,-0.32323448106833047,-0.02877359556423307,0.48212651367548987,0.43119807915796216,-0.4106089738654457,0.2736220330011027,-0.3569581599624748,-0.13820602758632144,-0.11647309588436316,-0.751824909403857,-0.9697036902247804,-0.17453022719252714,-0.5892095923139469,0.19078408602320512,-0.6274084476923322,-0.556890245263229,0.4583324111412411,-0.08368826793966326,-0.24774457778195916,-0.5834747788021781,-0.5069452702454815,0.09686018157414748,-0.7096710267570789,0.19934441319300597,-0.5254766256690648,-0.06540599316628344,-0.45726525060422823,0.8246930503618916,-0.19981005137905483,-0.3799004021512678,0.17193956294162205,-0.4396192846347218,-0.06055095983506294,-0.811830071830647,-0.7993971694201726,0.1349121749582915,0.10639437040043138,0.1821784250868803,Hello
-0.040350434517920065,-0.025831490164967264,0.10772167377718442,0.7613231174427222,-0.33236681765970394,-0.016537630738832822,0.4863746763981674,0.44338093100234754,-0.42274378035242527,0.3302302838081934,-0.3430546678674461,-0.12609305683504443,-0.11057304411187267,-0.7590692625388948,-0.988145644348799,-0.11486804181496499,-0.6585729811410881,0.19084972926409113,-0.6429462910224113,-0.5274709948754097,0.45220255545864213,-0.05341287817637408,-0.17148436068399134,-0.6111179997299594,-0.4523784642215082,0.12318781256221747,-0.673526123354181,0.2029423150177132,-0.5210224072296943,-0.09434894684549514,-0.5232386101521309,0.9156419742501594,-0.17795784447751326,-0.3948130909249527,0.17995585824747765,-0.47215493966346533,-0.12946472700587439,-0.8111384389436883,-0.8119960465638353,0.10097128126646134,0.11426270796597723,0.13498220711136963,Hello
0.022360821722336274,0.002805704893158291,0.06152513463497482,0.7045862313354306,-0.3193082711505388,-0.020022573847969558,0.44183803139089056,0.4009969053427401,-0.4179877796213439,0.277919376883468,-0.4399507143294647,-0.137117706023482,-0.14605551963449667,-0.7702449606380424,-1.0040478498124585,-0.15462146218971046,-0.5938402799103185,0.17321502481980194,-0.6018493850005701,-0.5821898577700634,0.4574155582877436,-0.07644999930650773,-0.17436029828483263,-0.5920509896902544,-0.46413711914665395,0.07867436374549742,-0.7000755035140851,0.20095746846638626,-0.46611290058566973,-0.07780904886561386,-0.48657572629664925,0.8799749307393938,-0.2472717634779998,-0.398108574857191,0.18922704680755553,-0.4995165346558538,-0.09145707327663607,-0.756204381367442,-0.8271689664933496,0.10375368980301572,0.11539389206291,0.11976999873478475,Hello
0.05605809657489007,0.001044226214994966,0.0423402634409922,0.6963072369053082,-0.2887757194824667,-0.05930520999498001,0.47745306510721924,0.42704677508569233,-0.4395068187251534,0.29808345552981114,-0.4228120774769003,-0.12353629614098567,-0.09433055902040821,-0.7873460840331691,-0.975277746757787,-0.1976604433264116,-0.7083034844795508,0.20676575459280042,-0.5611098680468182,-0.5868991748443347,0.40299604178572884,-0.06461408018326353,-0.16704014767597034,-0.5524067570576805,-0.4626837122461966,0.08206455015074769,-0.7219747138917599,0.17912821527949974,-0.4783690313598998,-0.04134037643510585,-0.5206775292416937,0.8295667052125,-0.17703388657738856,-0.4227723774485551,0.17739544525523784,-0.48079362103680734,-0.13147002208309125,-0.7879949293871761,-0.8292042825249015,0.15138024226060165,0.09489038261303427,0.09657742111564,Hello
0.010124462241791973,-0.007899234206337485,0.06169550082870634,0.6944171939332348,-0.2737308572223075,-0.015868265180870932,0.5050628776485657,0.38920935165906745,-0.4768545548523311,0.3580488418667013,-0.4241479504224007,-0.16650002536707004,-0.09954884185122456,-0.7457290484554252,-0.9778787352852465,-0.14814981794252574,-0.6314851141164615,0.16674629324879478,-0.6380893240415946,-0.5316614857252098,0.3448085561594968,-0.04297591782890095,-0.23170283708640416,-0.5801579347265795,-0.466892184144579,0.0988577906626914,-0.7413138552043359,0.19315256961070945,-0.413914490361064,-0.011462247892903357,-0.5180035297503719,0.9230057560564969,-0.23640098804241994,-0.40054396406346626,0.14141879108001573,-0.49596615031849134,-0.09709580726666701,-0.7973707144547757,-0.8169808595190855,0.10826764464171809,0.07952721464618344,0.08695082094972803,Hello
0.00036670645245508393,-0.035899967768531875,0.05843943030649133,0.7718250778439706,-0.28549388106754403,-0.04313799759553295,0.4735256593391119,0.45476892921494816,-0.4093563845564671,0.28962712659572026,-0.46509556869583824,-0.13221983494152614,-0.0871731759082321,-0.7996922178309335,-0.9684511359485416,-0.19741427182815782,-0.6694960842479376,0.12440306714398659,-0.6245290629832944,-0.5313065215513612,0.4072448564068132,-0.0369164559874918,-0.21145642223842162,-0.5550480703947905,-0.4644232773997881,0.08142787577945643,-0.6847694736110038,0.2539348395055403,-0.5008190312834698,-0.052552458735210555,-0.46701919505807193,0.8948112905677251,-0.27524470020808667,-0.3742213920324387,0.12622604098915124,-0.48690852908411036,-0.04747492500704542,-0.7920911089504451,-0.8142739910859236,0.0812464967730551,0.14802798907614773,0.09583593429353288,Hello
-0.030103167104985104,-0.009940568972635476,0.10889859943305635,0.7539192218356323,-0.3262079935503994,-0.03292092886328979,0.4581266303372732,0.4025623034192784,-0.42277896582388436,0.32852441726245657,-0.3932996815090562,-0.12921671002029908,-0.12292331581210104,-0.7584880032638204,-0.979946272588774,-0.21896450404210094,-0.6760737460292956,0.20157353838438627,-0.5905691473618679,-0.5658934457883175,0.38991097173662176,-0.03678999653504671,-0.18537421983596744,-0.5602861918164912,-0.43033143599506996,0.1401728192026136,-0.7425723438124077,0.20758257535810556,-0.5138777896942888,-0.04652163790932959,-0.4396769518925519,0.8660897956801222,-0.23165994026998415,-0.36041611155644826,0.15848374547337343,-0.46308661993684075,-0.16233887275406322,-0.7807854682936929,-0.830558407037801,0.11338472237768353,0.0959319177547557,0.11861844271433024,Hello
-0.006647990831551179,-0.04322944903574756,0.09517073487607774,0.7645526110711524,-0.379893142479416,-0.012815956602457913,0.4518223422287576,0.4240819588418015,-0.4270324629472209,0.3003245873144459,-0.42786795466486127,-0.10767215535946384,-0.14924052946146882,-0.762507461933474,-0.944147313655996,-0.16501687056449463,-0.594234144842265,0.18316932598911556,-0.5891564761940044,-0.5635703196838454,0.46318911536439,-0.03872291690559237,-0.2004141744935381,-0.5266791545674249,-0.4726744396442708,0.06722334923289995,-0.7402514241361725,0.24463786749722985,-0.4409106658180118,-0.06415222675884852,-0.44359564312566263,0.834797005873062,-0.23771492727277144,-0.4130768417780406,0.1398802270527476,-0.4736508594333665,-0.10588404885308564,-0.8144915155171901,-0.7985134562139146,0.14605164124601072,0.07855836794102256,0.13278222374534787,Hello
