x0,y0,x1,y1,x2,y2,x3,y3,x4,y4,x5,y5,x6,y6,x7,y7,x8,y8,x9,y9,x10,y10,x11,y11,x12,y12,x13,y13,x14,y14,x15,y15,x16,y16,x17,y17,x18,y18,x19,y19,x20,y20,label
0.02444192164865045,-0.009168961643570409,-0.36681269208381573,-0.3937255753775398,0.43286059769687213,-0.37781616715993344,0.07112287208164977,-0.28138023196268097,0.11490372357048201,-0.371306982556598,0.02631778524224834,-0.13130936542787727,0.6128140141807726,-0.3761553804760299,-0.16233773274468752,-0.45101882042370506,0.20259201853374986,-0.26261796417356703,-0.017697212275302528,-0.5542575513082001,0.389258079656139,-0.1762035865368765,0.06831279101805814,-0.6992386911397178,0.9390068759852052,-0.12314170686840877,0.11183445914913488,-0.16213622499002342,0.12856716188164166,-0.18115280473682785,0.26016817808547427,-0.37630002781122907,0.20094842610885966,-0.7213006949012432,0.7004081533493004,-0.5534735800930326,-0.12724301608333474,-0.4207443743194035,-0.010454602320192602,-0.3665871039419215,0.37213787616797234,-0.13335272269495263,Help
-0.007302194243853585,0.003457196009160549,-0.32936224110760937,-0.386579449668109,0.5066318895984353,-0.3732415984394619,0.11022758737273365,-0.33302581862248976,0.09448396575966053,-0.3276964975512515,-0.03407981475091262,-0.11502471624226934,0.5788180864209836,-0.4452825091436091,-0.10386826186174683,-0.5165682008416328,0.15573065232384084,-0.22580336148573524,-0.020956412759643148,-0.6148399049620987,0.3007879163307831,-0.12305480882045103,0.07740075427057626,-0.6339502640342051,1.0324775159441397,-0.19915820842446214,0.2223785906742919,-0.16800571051909938,0.15190812404078097,-0.18818988453685237,0.17980736028378802,-0.30334743817867976,0.23118723025810592,-0.7436946853090003,0.6587691493258848,-0.5914581811698619,-0.1384512648256978,-0.47569942103932705,-0.022268957227666936,-0.3947999656887399,0.36005407905098114,-0.13237756959720895,Help
0.04288558975577976,-0.009092781590751782,-0.3631871569520224,-0.3841558311921165,0.5022185082105167,-0.4133664138969645,0.1177331644025858,-0.32616443532480405,0.09318863598440955,-0.327854556916865,0.09235666537580733,-0.1340936721355414,0.5504013076569205,-0.38509812343459787,-0.13223008408011494,-0.4816967920736191,0.17169241906827187,-0.2982191356340824,-0.013123281056840911,-0.5868135014136989,0.35825676807259244,-0.1724512131211305,0.05909390971495198,-0.6452259638065364,0.9968895375196062,-0.22127507210729475,0.11683395939823474,-0.18671918427336845,0.19262750257375172,-0.158431694111552,0.2222160443025845,-0.38657429299458895,0.19179187273936504,-0.7186852641183056,0.7303221546007742,-0.5932282977963469,-0.055213088430426153,-0.45815786804432235,-0.0631546173012108,-0.41877013678072855,0.4073803097242484,-0.08637600378443189,Help
-0.02346538361857902,-0.013816980892786726,-0.4033698742200383,-0.4603111423180162,0.5071465713484332,-0.38824309907466437,0.11515649018938098,-0.38459232604477706,0.17623787656459267,-0.38086142938224443,0.06541779096387827,-0.15604710662954832,0.5388754514178743,-0.39562523744757133,-0.10604940284865313,-0.49150575114716316,0.1816304250409701,-0.2880972039859072,-0.020976942373007852,-0.5503964984211596,0.3370308630485829,-0.15014452434753836,0.02573608950738441,-0.7259283237732028,0.9155700425472042,-0.16436481922469945,0.17211118181426321,-0.1434335918779931,0.1899918789468953,-0.23317426509107836,0.21670779868891257,-0.34644554589836485,0.18740991067054388,-0.7199119085391613,0.6766731940645895,-0.5939768562626819,-0.10601755929489355,-0.44221832008615264,0.013502100469288125,-0.398090731065374,0.3317869437900256,-0.16218902185979975,Help
-0.01045398574085941,0.0298200836510654,-0.3695684868667071,-0.411546393473434,0.4481343176722555,-0.37136923046864195,0.09528328608846315,-0.3455914656981157,0.1714446684161888,-0.35049782730928114,0.0005613767879287732,-0.16549557156278075,0.5426618936028981,-0.440748689580973,-0.09640525696126243,-0.49487731549531255,0.1717562933502228,-0.275383885754189,0.02534338912240352,-0.46853141708525403,0.3217231408100296,-0.14172370341466378,0.06685499301671571,-0.6941849371131658,0.9570359740917569,-0.22143989414447268,0.11321353855644153,-0.15658289984818233,0.16519794572694266,-0.24652947406375098,0.26085486006042025,-0.3527058469000829,0.2237445606288244,-0.7020357902318705,0.6212454700880331,-0.6612167067151387,-0.1312248447915725,-0.44179958272200176,0.012336546915645417,-0.3854337107736497,0.4057170712235996,-0.17880404314631693,Help
0.02895793153141344,0.021629674602927584,-0.4288474702565992,-0.3662834116666414,0.4883979751681249,-0.3831723730474741,0.08889496733631204,-0.3043332195422165,0.09146360623256677,-0.3407979666895419,0.07402722249664413,-0.14163528731737324,0.6040924150891527,-0.3974206167282033,-0.09624488108212165,-0.5419588313043346,0.23032665036976385,-0.29091829851167106,0.0038484724467802572,-0.5836523804635186,0.31151101843730056,-0.1286522595505504,0.09475905413504104,-0.7245328586833567,1.0147122531954507,-0.15754143966606257,0.11914285425686048,-0.1207806728069234,0.13708245122561058,-0.1879238660428635,0.2618791921652302,-0.3771649969672364,0.19125894315717024,-0.7059971797805018,0.6599934498796605,-0.5693543913355225,-0.11649149704116357,-0.416100128036778,0.018435927210277495,-0.36144699650418727,0.3952869350050706,-0.1735344395417413,Help
0.01574377726503965,-0.02635496372908514,-0.4067428963070041,-0.40811313729301363,0.4584653648155866,-0.3712151765983299,0.13927791450002444,-0.3996694170228189,0.10219009992242617,-0.4095543273983002,0.035530119921597283,-0.09875499437614185,0.5373225641611238,-0.4220592483547429,-0.07685636358585818,-0.5652909226221506,0.20390090708505365,-0.27051023909958294,-0.02924139083958134,-0.569630129057171,0.3763673256889046,-0.18924423577127159,0.0642845638164444,-0.6705711716541337,0.9336680050871857,-0.216487799633443,0.14283610051726037,-0.19534005165518792,0.15632042693647724,-0.17967656845182817,0.26699655339185574,-0.36183954173250255,0.21569715642097842,-0.7431621956243813,0.6280480101631385,-0.5365360453216053,-0.12937941709139975,-0.462373720313357,-0.06821984736751449,-0.3529144791906943,0.3614672808408426,-0.14667034352722985,Help
-0.004776051347599188,0.030388286540093436,-0.3736863419329409,-0.3356403335394858,0.48960703763676117,-0.3630801651547796,0.13899904644629693,-0.3436840495376168,0.10943004652911897,-0.35580180938376366,0.06471196015560218,-0.12958784591600242,0.5495813730849951,-0.367280321786941,-0.053763227218162006,-0.47051412783377927,0.22267754087091537,-0.27306281664111204,-0.0058416529744188365,-0.5136536436681297,0.3031906825335712,-0.16688258422846408,0.11606961557984383,-0.7156472968835419,0.9417641871440695,-0.14305140731087304,0.18318435327162041,-0.15577649329514362,0.1794168574336769,-0.18233642372768452,0.2559675796567421,-0.3041637997041117,0.19050135437105228,-0.6482206841271917,0.6386674184081351,-0.5949168301230874,-0.12083243329135186,-0.45560060639606215,-0.020550741104649245,-0.37264770375514933,0.3874333216792053,-0.07394548610690121,Help
0.013934024091706791,0.03450410411038848,-0.36631761952469405,-0.3556202788908867,0.5575476989827763,-0.37900115423425074,0.08506208024561729,-0.3590547806131907,0.13549720520588773,-0.35206578618324086,0.07036175225091515,-0.09860433403530536,0.5448007545941537,-0.4234524243707927,-0.10382751155232547,-0.44049558671984224,0.19739260844233955,-0.23814047181583245,0.00398888717848488,-0.5649411497925934,0.31483272814023144,-0.17474843399809326,0.06017387404170319,-0.6990545081112061,1.018246330343305,-0.20315055705052404,0.12319980503545977,-0.11046278524973774,0.1672469231406114,-0.16457483484202454,0.2610487981847729,-0.38565880199378266,0.22040888367188208,-0.6941158909322639,0.7123571983337655,-0.6147030656097823,-0.1066668994871496,-0.4218656874513663,-0.008041574283858927,-0.42880602526227735,0.3750315076414111,-0.18185296881795024,Help
0.01075002213590764,-0.06385947373555559,-0.4238480519423809,-0.3814054854112646,0.4691890667592908,-0.4245694503724965,0.15296721934143115,-0.3327618434100232,0.15320188197574638,-0.37074798941038517,0.12979785903638408,-0.13054568028900043,0.5969260735872721,-0.4062074523377262,-0.16549697123763474,-0.4816597450718187,0.17623762712316182,-0.28572124473209526,-0.054564698850239096,-0.5545501582181176,0.3405731169801705,-0.22643477935349582,0.09552611630050042,-0.701229270424383,0.9420456635917955,-0.16065885797650045,0.14657291713965356,-0.13225512731118907,0.19392674796244438,-0.16922612364797643,0.2429272150930659,-0.33707662560947405,0.17093843282251012,-0.7388066398069957,0.6839029516569813,-0.5986610427365722,-0.10863364381936422,-0.39036496501655393,-0.01937452734643181,-0.38471656503870877,0.3537169309371164,-0.12613685345578238,Help
0.01049483738040264,0.027023253953716735,-0.3856743120238696,-0.41969645599217015,0.5093583423894984,-0.38736731806264335,0.08765530692338389,-0.30339400789784066,0.07608565905772534,-0.3422321846428477,0.011452637139438102,-0.055836608977640784,0.4982532152993068,-0.36979895157854636,-0.11831069019058968,-0.5071432845394243,0.17235664997353975,-0.235224580130184,-0.05403013560612374,-0.578282860680625,0.3495688284761176,-0.2035351694766018,0.046405599929023766,-0.5951737225851504,0.9529576991860623,-0.1544567707672658,0.1297029334607929,-0.15346874627074236,0.20041885079093824,-0.13531198650404663,0.2415014986380873,-0.2918914692635126,0.1656642736492346,-0.7062028497366138,0.6729639859438703,-0.6279854510917218,-0.11821684091080802,-0.41820095512403993,-0.028921860408242173,-0.31193986384126643,0.34654770607265845,-0.10367631743102507,Help
0.025693794394463593,-0.00041586403512814063,-0.3942567185292307,-0.42900960651621767,0.470055201438639,-0.4485059466219171,0.08473788793518601,-0.3870649253907849,0.16741542620506436,-0.3472068554691137,0.07298822118534781,-0.09474530592594815,0.5496002358065003,-0.36054606117085475,-0.13418453906220448,-0.49294511778325056,0.1892065151142306,-0.2938178672606023,0.06599954634807882,-0.5529522560422403,0.33434036603999884,-0.11460853991686616,0.09138113271509304,-0.6852519906280399,0.985901971266682,-0.23401531044849774,0.13058748318670796,-0.15322379412988787,0.19410496524433832,-0.13254571605941246,0.24389408169577081,-0.3931766038290842,0.21504628351006036,-0.6701467817591402,0.6925530151630289,-0.599235417618964,-0.07830909170513703,-0.3201790457609458,-0.012503659681145312,-0.42451968357231623,0.3541178647940798,-0.12029477146611636,Help
-0.048144129326941884,0.0050820922473620855,-0.35689034740418685,-0.359908294710085,0.5249000660967633,-0.3689961644109761,0.049961480393728844,-0.3149590360884379,0.14820457769154025,-0.35808239592840985,-0.0024976655649805654,-0.1357134817478184,0.5095865240204535,-0.4648167243199416,-0.1159491139326962,-0.5200798710875453,0.24555391768757426,-0.2592447484880557,0.011914474139781153,-0.6008821996663646,0.31417799494258497,-0.14940794458608436,0.03668785426655622,-0.699060351754076,0.9754595609364346,-0.1959080940834052,0.20293501371326764,-0.1573933120517114,0.19517349696129083,-0.15299104532918295,0.26588790476258395,-0.35404461794240416,0.17372197944242462,-0.7082249803590523,0.7003097964447462,-0.5605392618401478,-0.11685262753208672,-0.40001104926114883,-0.021795769005549616,-0.38415146632190517,0.35750071483401846,-0.1445084056424249,Help
0.040239902086490406,0.0027726344201770884,-0.36424197165709377,-0.44937848028220334,0.4763169031861524,-0.4021731552758711,0.08996754614586257,-0.34194066757876873,0.11416370740290324,-0.36336085158345277,0.05305408851395203,-0.1410828952068859,0.5326301536319797,-0.40204524265190383,-0.0803326764555506,-0.4884436322603897,0.14693669488198408,-0.24221144752760282,0.024328346143455158,-0.5263080347478972,0.3465064784357996,-0.13054717560264417,0.10713109396764525,-0.6541255273894039,0.9990008995572706,-0.15683158793235585,0.11483192363428543,-0.21380805818486512,0.18550113959236664,-0.1671202672700189,0.23119181183707282,-0.3267824283313269,0.12745846299325292,-0.7292726298263348,0.6510570116310136,-0.643415461046223,-0.06479874304335528,-0.4638223981610919,-0.03360843083359016,-0.3579281900708085,0.39108777658350635,-0.1723042923697803,Help
0.020474676277819095,0.008693534359746654,-0.2983093800503193,-0.39384373442241544,0.48135696578307835,-0.4206287668771119,0.09251454970049758,-0.3673637027939204,0.1681721405270905,-0.3652216297902661,0.0663664119386259,-0.06698283647277997,0.4738372828402515,-0.3660002581937176,-0.11419975203675234,-0.4830937562950486,0.14194265362705938,-0.27683532225837393,-0.012232743841808018,-0.48227129491562376,0.3601800819071781,-0.11434919322455761,0.058172434616943734,-0.7044004579475025,0.9585739395763709,-0.20353906626095902,0.08569798352709149,-0.19048768090140475,0.16397758539125643,-0.17444143379138027,0.2514616167348893,-0.3406844823673899,0.18289660941350122,-0.7306727547348834,0.6067049186793765,-0.611585665745293,-0.13881419239204454,-0.40906435765283405,0.011320392786451233,-0.3570104507931643,0.39441499836447896,-0.14306482353881253,Help
-0.0156586669642769,-0.022413082610011986,-0.4135254144117158,-0.37620633588922886,0.4803528892772351,-0.43232391697215544,0.09004710943785768,-0.3685998336228522,0.12832991066018667,-0.3337366917086397,0.03896931173151651,-0.17998626991571606,0.5389157970517079,-0.4090522881376447,-0.12260926631831802,-0.514969042438533,0.17331792270128218,-0.2521973568504483,-0.027643029959997067,-0.5414299880822788,0.3171856978282954,-0.1669124509581334,0.10533617141234833,-0.6696136689184705,1.0068064699520247,-0.15210771696003633,0.16305978194095125,-0.14088844024057157,0.1334078252109439,-0.16305607239965425,0.24202755958804073,-0.3012274856991639,0.211173736540889,-0.7321428178683961,0.6767895027332183,-0.5892959674897621,-0.09601073026686753,-0.4536116341824317,-0.0051577351572128245,-0.3920121232836095,0.38017990920231237,-0.16079060642890297,Help
-0.017551895141897984,0.035215260611001074,-0.3998468736638682,-0.43529457893572604,0.48404678269866697,-0.41809041941910785,0.08829099174128076,-0.33943835079362683,0.08188720040262172,-0.3959995942881694,0.11103186570709331,-0.09862601270313631,0.5221943065383782,-0.39182001878674294,-0.09884174508065348,-0.4663127748415548,0.162980069395805,-0.2248866592217317,-0.08805151628266283,-0.5854984728398405,0.3349968245748247,-0.14242587488288005,0.03657900409472708,-0.6786117314720389,0.963282880663123,-0.19719962734687335,0.1780246705421576,-0.1414719757079987,0.15087637025215386,-0.20089823242013816,0.2351739115758711,-0.35236039746134595,0.16360741592954778,-0.6820101888606107,0.6760273732285987,-0.5821438541970064,-0.14763683812978354,-0.38802763857967876,-0.1005632937815803,-0.3601459192494814,0.3997357684107675,-0.15203108709357674,Help
0.03818730651742271,-0.001892926588630393,-0.36642749581384004,-0.3957760832823381,0.581191467769466,-0.35460069092103913,0.13587578673055226,-0.3699747645279115,0.13134687087411762,-0.39015445005615185,0.07407232363786839,-0.10819625520016089,0.5108555567180586,-0.40193273363217374,-0.14134418348174152,-0.49160872080413553,0.1410224307885492,-0.253356961304094,-0.004384024678144811,-0.555400788683321,0.3183540345075594,-0.14621659423538994,0.08484795134857193,-0.7196098293063865,0.9898177727648969,-0.1493646299495364,0.1644911654205087,-0.16700747621463985,0.19998030527401855,-0.1556057948764546,0.270117146717265,-0.41227595675564654,0.13674068657689206,-0.6830845876601036,0.6204473026924988,-0.5822802484216631,-0.12020216294240314,-0.45293203746907207,-0.005468736399935375,-0.37913657769346537,0.4350166958435357,-0.15780338761131457,Help
0.04320330360207521,0.010572687431529434,-0.38813110335994466,-0.3819845531789472,0.5025663755487528,-0.39385840931778776,0.12283071140238343,-0.3605002408612416,0.10226556235209766,-0.34297746202608276,0.04269081548998578,-0.11481275441967936,0.5529858549848038,-0.3964078207912146,-0.1587414535194743,-0.4575576448506162,0.17043021483652726,-0.2602611881895829,-0.013972740381105252,-0.5467129631171219,0.3530925632074221,-0.13617537070258556,0.08546785959467433,-0.6458645140381082,1.0085068245928699,-0.19370544112991525,0.11359442183990227,-0.11870616262452124,0.17365647887263835,-0.18337391096035072,0.1954073089095374,-0.34140381526679486,0.18781096870540312,-0.7586829102320851,0.6792038992413373,-0.6092721651142825,-0.028931223042773582,-0.44012719586391824,-0.02901402908029338,-0.41141086953259354,0.41004271191190356,-0.1502423253091805,Help
-0.021747424612964902,0.021208650297616274,-0.4097110349760589,-0.38720863051699617,0.53903621191316,-0.3779354731784766,0.13397880019696246,-0.31648882342265117,0.1783304169699984,-0.32946390844018714,0.0625990898875747,-0.08529352245312655,0.5180131593425221,-0.3810776634123092,-0.1460283385257648,-0.5071558800032108,0.07431788502520979,-0.24213870052389452,-0.04621428086944823,-0.5204748724694339,0.34178646084089315,-0.11859200402606505,0.0314245763846102,-0.6552427500951447,1.0451737784546407,-0.16596610552210156,0.17099192678297592,-0.16365217032280865,0.1650481166560908,-0.14634491737848979,0.20232662613040853,-0.36409066217378266,0.13021266651667454,-0.7343391534640532,0.6848670307341489,-0.5791646062066254,-0.10811326239537021,-0.41793433027933186,-0.07253416765028586,-0.39634445122208994,0.3512658680875881,-0.15883084219067412,Help
0.0179873588344126,-0.025815219795159314,-0.38644087241748565,-0.46857402427575007,0.4767705250038492,-0.42756883459493783,0.11721793856985403,-0.3711238713321496,0.13017544347620935,-0.37010130006303055,0.09957025141065362,-0.09749372505861079,0.48940207092960636,-0.4423131364578101,-0.11420541912048236,-0.5240406458960415,0.07774369737243135,-0.21369520088990607,-0.0052914000290354216,-0.5381799227208147,0.3118609911586036,-0.1394845777368159,0.042801662998159885,-0.6802486122034029,0.9543805913486465,-0.14340220100337797,0.10017435689975192,-0.13177158572933176,0.18195565491357163,-0.18386469841979478,0.2525192010933427,-0.3295575682108128,0.22434677268762193,-0.7038351714505947,0.6388847954194737,-0.5926575037802656,-0.055136876161563216,-0.3826160175358135,0.011304675229371178,-0.36129697220129087,0.39268991899884065,-0.1042964064399418,Help
-0.013698863571657156,-0.04065258197325018,-0.36623034189155146,-0.43048939450779533,0.45394359775381876,-0.4165420654611672,0.1894012684451753,-0.33850689090760033,0.1378964112005625,-0.40243161145088785,-0.0059035905443948905,-0.13698184376577077,0.587737074662738,-0.39433820715243323,-0.0979038066469206,-0.4739882262682001,0.1490542688855586,-0.21254262278571734,-0.045882348512863116,-0.5116222581476912,0.34334974720679123,-0.20598623549450348,0.04149218812677028,-0.7399424871960968,1.016896552107567,-0.18963291714413041,0.08043118332371385,-0.15746769416306694,0.1646732522014021,-0.21369486421053474,0.2978480885515315,-0.3483394324432608,0.17454142851739063,-0.7252122055741812,0.6202072939026089,-0.6334628744807626,-0.0710931697151819,-0.43726284619476374,-0.015296198086253677,-0.44649749709099473,0.3321636552067792,-0.12076467587899531,Help
0.011331352803415008,0.052601255961729466,-0.3280117569647265,-0.41288327607900926,0.4997828273565324,-0.40443181145062146,0.17648614526832418,-0.3081201890483037,0.1321297288354654,-0.3597488836944697,0.09275450683717823,-0.09502292905879117,0.591350047618578,-0.47017590892249506,-0.10202481154528842,-0.5116082533847035,0.21948608990834667,-0.20778962968922352,-0.025913046263158452,-0.5077402995612369,0.3835741181225062,-0.1500826807093294,0.13809048589774206,-0.6873345657900253,0.9755624596136635,-0.16291467686252808,0.13666773458793785,-0.16617990734080987,0.22307121279457903,-0.16860412299301694,0.19665857965321135,-0.3405384267906823,0.16245556321521817,-0.6872713274257644,0.6864913694521294,-0.5501843970482436,-0.08241470423765349,-0.3903390315914502,-0.036031131918490986,-0.36104798792824744,0.4307599549614531,-0.1597185487343409,Help
0.05399214875181294,-0.016480502736039914,-0.39385958426516254,-0.39707593360381943,0.5070715328989985,-0.36758120444436126,0.08598897808596867,-0.32955442701224696,0.10647253896522771,-0.4104283949228775,0.02154690875340046,-0.13493727545088113,0.5602390619170506,-0.3698000612426688,-0.16005785828651037,-0.4855863752180203,0.13149380470637972,-0.23530902803449838,-0.04558003796631009,-0.5853490994662662,0.3540706179831583,-0.16992255903046666,0.05445355418420539,-0.752994003836625,1.010394628966445,-0.16426359888498518,0.14744519185064667,-0.21456752885532945,0.21706925542309463,-0.18916859015035878,0.23390850993945292,-0.28219668673537224,0.1622352772635131,-0.6909631632718057,0.6824684458398206,-0.5826212417068367,-0.10118065698479907,-0.4117547032445162,-0.0078000113861433715,-0.38672513356824434,0.41704491000396665,-0.17843886829921624,Help
0.030643743120461295,0.024670268960626546,-0.34734847327378127,-0.37245256407526073,0.4828162385570825,-0.45100293043833556,0.11267307091773014,-0.3723264564586123,0.10508339981399095,-0.4030333174557326,0.035088652466068966,-0.13030897529171007,0.4732641122086624,-0.38335981379626016,-0.0492520036501059,-0.4779580916393733,0.16070703158348007,-0.25582398217520486,-0.039527696576592934,-0.5511079814095591,0.328970439700534,-0.17754633377906265,0.11441912439322127,-0.7310089582812268,1.0035480344195682,-0.19192678333958435,0.2043064109741796,-0.15851416263721005,0.16999101395755428,-0.17661190451256997,0.2487063142780634,-0.3858417292760502,0.16033828483325266,-0.7667777812203564,0.6379163710261192,-0.5915092130434257,-0.10063542178289876,-0.4824262509510842,-0.020074580205685595,-0.36826528428029853,0.3668190504793573,-0.1580727108485719,Help
-0.012364834351446415,-0.01622290064931666,-0.387402363686905,-0.4007472411471191,0.5548248672471978,-0.4172447056706847,0.10529757172932191,-0.3441415681111326,0.10641854307898406,-0.33281365313505745,-0.02171756297980914,-0.12834203958356685,0.5691406191960743,-0.41318930038638785,-0.1404868281557611,-0.482922504811099,0.19398504734142147,-0.24786252694846664,-0.050934731330584154,-0.5401231293510156,0.3180192035144873,-0.12995927441029897,0.10843023927048406,-0.7645616338805896,0.9853301123196098,-0.2409628726284872,0.22053511408210036,-0.18278383662854242,0.20317937732781288,-0.1702401943473819,0.2234165760208988,-0.379219599841481,0.23091474577981277,-0.6845513203392514,0.7239132005986689,-0.5926628074385083,-0.10100308462405438,-0.4310621070708508,-0.024570695207809856,-0.41642419077928355,0.3742267220083749,-0.1627364493218238,Help
0.013257267664926081,0.00510030656940629,-0.35966998560339164,-0.35570804871375783,0.48446268192216657,-0.3722318980779264,0.17638713463173217,-0.3033921178510242,0.1616342670633782,-0.3749613737063753,0.0562982898864179,-0.15195855323310484,0.5595586391354079,-0.3961326658063136,-0.11516010563556693,-0.46532936379697615,0.130561505606775,-0.20513570477010798,0.00015482010201086152,-0.5559282483151271,0.3256187948882092,-0.13789654440965599,0.10955800968669971,-0.6833460996492333,0.9863190151831176,-0.18834730019128224,0.20074217990325144,-0.17980659370276741,0.1799029521144796,-0.12527761893170522,0.25191943845085646,-0.31744624262479254,0.15600596887970125,-0.7193882377934562,0.710138699130549,-0.6146165989661456,-0.11417964445452562,-0.4153458031744478,-0.04563286465414918,-0.3975818863636194,0.37508551673541357,-0.13765859945037906,Help
0.03841056062511407,0.0462437158449676,-0.39398299307369067,-0.4026238913294399,0.5058216696678772,-0.34944328418955334,0.1363965596286786,-0.3338632278821057,0.14703545206921179,-0.34554766221067246,0.021577569450852947,-0.10662630069701852,0.5883660369321362,-0.41058717419554897,-0.11197826011382904,-0.5034207009300425,0.09737896541130066,-0.253563884987878,-0.017844362616611473,-0.5691840306519949,0.2954415740561892,-0.1787330746605633,0.08685810120885326,-0.6272185880185265,1.0234710883509037,-0.22922123466497493,0.17292027583872835,-0.18863497188893538,0.1633201681977884,-0.18303995649867358,0.2686911219381335,-0.3227804071326871,0.18040343844839637,-0.7156615843748414,0.6795335902744158,-0.577286571307512,-0.07435390205867853,-0.4615775193664681,-0.015357408920238682,-0.41720831408169784,0.3701781479087423,-0.14584431010566073,Help
-0.0014024836170810687,-0.02399228664331595,-0.41291914070988617,-0.46879507270591164,0.48165881578718905,-0.40786374133851744,0.0945637207650499,-0.3029141760449258,0.10125603050587353,-0.32325570477659615,0.09812431054746171,-0.17093727847588802,0.5473626508764445,-0.4163573658598086,-0.20321577773177033,-0.5394844450363143,0.19004283349276113,-0.19360561272358046,0.00018222374477979905,-0.5441002547501785,0.3294407110737984,-0.1018349934276704,0.12837964878351554,-0.7039996115956593,0.921998491314432,-0.25183647841819445,0.1869378862870013,-0.17015185683788828,0.18628543738681327,-0.22290021834823645,0.22491344605881658,-0.36042243284318165,0.18957952208771214,-0.7251872233120135,0.6344858920283017,-0.617863417271315,-0.07339097468301742,-0.4157028215130872,0.0024064750943069667,-0.4121337971312824,0.2830917117186257,-0.1547521806817728,Help
-0.025997116632764897,0.01047036805884238,-0.2697287355032081,-0.3851069663759169,0.567673025196639,-0.37787061730334576,0.09594526358198327,-0.33215314758624914,0.18045833409406412,-0.31087384935112305,0.03214887717809163,-0.10481475360122762,0.5017132007163411,-0.379626412393986,-0.06926101841857554,-0.49495122382078144,0.14677322864870307,-0.2433776617665915,-0.014374349595302675,-0.5513749139700792,0.3354421362528096,-0.15752932638119493,0.0938111205715785,-0.6643075078549798,0.9525049937094163,-0.21920857261481622,0.1396502240114104,-0.1466349868915013,0.18522990248977617,-0.1884752008632147,0.25535467134424544,-0.36148232401182634,0.20975896439351396,-0.7032377090925893,0.6561473323537778,-0.5873808443318455,-0.07018923147570835,-0.4401352623975835,-0.0038785196649447524,-0.3872813930189424,0.38451592679650737,-0.1586959997231098,Help
0.003310062994781274,0.03323469847250402,-0.39641065635104655,-0.44584410000421704,0.4468505534805254,-0.4300535840695349,0.13270154934594464,-0.38476642050583965,0.11810231576742694,-0.347212048141439,0.06190877003584181,-0.12397703387108114,0.5503189190591287,-0.4011521112426018,-0.12258888805669796,-0.5024702490038994,0.23385757332221574,-0.22990226318697937,0.047521406989166626,-0.5687181229131829,0.3275316846160866,-0.19227865382541323,0.03964546866209916,-0.6293369367500586,0.9663370594284881,-0.1313124155157246,0.10998058870181054,-0.200344171636855,0.1705512434423491,-0.17109318620991038,0.27520173221597444,-0.33803489591057023,0.17085491286646917,-0.7172289363401438,0.656033790383801,-0.6217660195530111,-0.13627956135948305,-0.39220984335818987,-0.07080317695217378,-0.3366468218816109,0.36141658951257744,-0.1622343096670027,Help
0.022192778720918075,0.04455649752441351,-0.3347714736655446,-0.39090638542366785,0.5182001251067894,-0.4464286354778452,0.09918693446452027,-0.369925731730621,0.16377833804618813,-0.37726506780847685,0.07477119492284566,-0.09633455619754745,0.518721999021565,-0.4219752174340174,-0.0770471286658106,-0.5194096869047944,0.17054077858537128,-0.27765782889471174,-0.03631668614367348,-0.555194087244667,0.3065946872138063,-0.18112828948663026,0.0725206728281096,-0.711736453473669,0.9576783614527806,-0.2170624488311175,0.1449442151322677,-0.14042905158266145,0.22598403916241971,-0.1909582311393484,0.3120184372424069,-0.38169915424736206,0.2158508262866261,-0.7348803557650639,0.6394779798812418,-0.6166690921967709,-0.11121410425090797,-0.40564719497018387,0.004137812022785077,-0.41348713326539915,0.3420166376553063,-0.1665582122761443,Help
-0.0033406320715653375,-0.006304668125726239,-0.39680571077575716,-0.39787383608256727,0.5534712846651938,-0.4100751720185838,0.10183649607305872,-0.3258007828201446,0.11027468735762902,-0.3456917927892148,0.02785271701601279,-0.05744667624488756,0.5549344562842443,-0.4229671596070302,-0.13352241037433057,-0.511559200025503,0.20797724026697312,-0.2922441205329569,-0.046936370649982795,-0.5706590456333306,0.3296100435200229,-0.16044817164651765,0.01919563778307245,-0.6983890117177977,0.9790115676281917,-0.2077337895724519,0.1678847211936372,-0.1411578477520473,0.17843657908116994,-0.16226444095401318,0.18267743352199245,-0.36419109159101315,0.2134890213395274,-0.725932559639979,0.6434878276855832,-0.5259957397123114,-0.05506835755556024,-0.4090191127267275,0.018209089230041844,-0.45194564534370485,0.3480798730617832,-0.15315778767043245,Help
-0.007079402966008386,-0.014698320629218874,-0.4448012356591537,-0.3943812083432078,0.5019038442635525,-0.34687674441582983,0.09119257276591582,-0.3686955246632727,0.0466396415307988,-0.37456773233848684,0.07644235165124914,-0.13076330033798816,0.6088945516627849,-0.41206431620841455,-0.1114518908615957,-0.5370382998617097,0.17541136063476528,-0.3135611841504992,-0.006087181885803306,-0.5320763836385055,0.37085942525282634,-0.18291394243014447,0.06874933627370891,-0.6694798344283386,0.9952665372736501,-0.2148498327741039,0.07552199983552305,-0.15833129170812227,0.17621318972375413,-0.18618080634837825,0.27042747435393455,-0.3529055945707912,0.14376851900375603,-0.7711730308174873,0.6317367800233471,-0.5225360386502357,-0.08795737004345121,-0.4173879898419418,-0.021408056929933722,-0.3925893710033856,0.4067222957814172,-0.15377692373234084,Help
0.01730761232052878,-0.010452838508747822,-0.31009574795861145,-0.38369329167711547,0.522960924855643,-0.4124660014041764,0.14658593408618736,-0.3519679526917164,0.13034022082771834,-0.3167092971221765,0.018125746516691424,-0.10631283253304458,0.5577313648620372,-0.38876633971070457,-0.12938519418305633,-0.4335572844200195,0.1279467937192991,-0.2104150286459443,0.009553847631551503,-0.4967825652374573,0.2824338695614964,-0.17837982550380513,0.10869076449963555,-0.7427055058488429,0.9338043210925284,-0.20354008812140315,0.1530412701808753,-0.12097334840519344,0.17523020262514097,-0.18742786300147124,0.25685081157336337,-0.3374701139273262,0.19658156525189815,-0.7185690483831411,0.6069530945597975,-0.6218548871664292,-0.06703254070341053,-0.4174342919618942,-0.025633892687571283,-0.35162252635374325,0.3378029173095759,-0.14581949548662812,Help
0.004132752155221117,-0.013241325098838875,-0.36527756222661534,-0.41159276484711754,0.44361392898155805,-0.3894893717071576,0.0749912969637787,-0.337622176176974,0.16826325083423616,-0.37419142315904186,0.01426450432025441,-0.116219898868356,0.5196320738641195,-0.38653120105578476,-0.12030132181593797,-0.4448523098943247,0.20168443814982706,-0.25877400543936047,-0.005429848497004931,-0.5656063212004532,0.3310993890776861,-0.16315790675762318,0.08692615152027759,-0.6434046829086463,1.005957534339475,-0.1612327564814977,0.17497245963927913,-0.1522024229446154,0.1466095952967437,-0.11815154297704006,0.3016414382434233,-0.3585743965255592,0.17222343313030455,-0.6948571125571394,0.6821300630328472,-0.6003847895558299,-0.1471414429290625,-0.41387532437869884,0.0005848670309067765,-0.3633929483637986,0.3821851994512706,-0.14719250592609517,Help
0.029820061185188346,0.00197545492697755,-0.38224813734460494,-0.4113815483658362,0.4332151494408848,-0.4004009628888854,0.1354949463054048,-0.33239713926569875,0.17265910129916845,-0.3736499746612314,0.06402839311098348,-0.08862805918303343,0.6148769173550976,-0.40002350640119966,-0.14718727475617305,-0.4707073448436035,0.22276657095856062,-0.26385805161171705,-0.0016656743780051816,-0.5169473872687003,0.3605926488418356,-0.14854812519290647,0.04297825997839195,-0.6888327176503413,0.9957561017400697,-0.16164417879730653,0.15729980796217843,-0.180137339610874,0.1974495697575448,-0.14337813652725045,0.258897415134905,-0.37664362186230793,0.17790218954527431,-0.6847948388522267,0.6241151437150079,-0.657121748164974,-0.06439818775711378,-0.4077039024505358,0.002243670961243612,-0.41747209201377417,0.3938322581846405,-0.13080159084818696,Help
-0.04752982733545191,0.04272850242821572,-0.36353994720510147,-0.41784446588684265,0.47425452803557777,-0.4553903653265005,0.13264194869810564,-0.3347349137125039,0.12121677213974001,-0.3274061710172101,0.00789322764950863,-0.13031343876323503,0.5190909594636639,-0.41273032052787545,-0.11383755863253567,-0.4832448017299213,0.1563855466863534,-0.2805022623595652,0.02368208795691567,-0.4814600231719108,0.3343792826791918,-0.17501829187773982,0.10819609665605515,-0.7297970443997877,0.9719548883825959,-0.20977436606044744,0.1124953900086926,-0.17714082760230979,0.15486301769783278,-0.16880105463507541,0.2483244284726445,-0.37019796013181755,0.17222896988897393,-0.720154931181712,0.6899010598109249,-0.5987792895251649,-0.08489962103785148,-0.40547197059455253,0.0011876917926626762,-0.3435322036945833,0.3381246898882671,-0.1532545446644513,Help
0.052898964008987075,-0.007719495017678024,-0.4527541576108388,-0.41205099719890115,0.48964240632003175,-0.47344710168646553,0.15485991990580317,-0.3640020038458437,0.13689606956535832,-0.3725401736010821,0.010758455643262756,-0.1445255085112692,0.516538722013649,-0.3717963138592197,-0.12028780503325692,-0.5118011729408143,0.13875648290179998,-0.21829708365913458,0.017027917639509955,-0.5182669119643674,0.34485380269735605,-0.14361997961099246,0.02745433818550929,-0.6937689050112654,0.9614822820233477,-0.24365621778959967,0.17899275909716822,-0.18961499900642495,0.21666643729611093,-0.1427282965367347,0.26421065274147315,-0.3331714862732627,0.1648849541245788,-0.6574939576058808,0.6668994409059336,-0.5852684569396782,-0.12911296326843358,-0.45098131792450097,-0.0016393488500768844,-0.37864217792679894,0.34802584530356706,-0.18221185303850002,Help
-0.038097692619826415,0.03588401151273321,-0.3866980613531655,-0.41612920327473957,0.5291044281779061,-0.42859822500812167,0.09303200593765301,-0.36565363478669644,0.17558123054471406,-0.30595922222328786,0.07195589498144912,-0.0889087227475794,0.5271805570208935,-0.3459466165276004,-0.1078307717594925,-0.47055189951076976,0.1636290021163783,-0.2622225679247467,0.022993147251685865,-0.5376175185334187,0.37362194635484247,-0.1446550357147625,0.038481476632093614,-0.7038946191962883,0.9850870453976791,-0.2076858610013582,0.11405761426337654,-0.13269758966104594,0.16444207794834637,-0.16503490612579544,0.2563931211390387,-0.3692026021857753,0.2268683545760522,-0.7467437149807391,0.6734544358847652,-0.5869428763019418,-0.11126831134735883,-0.4619537384993517,0.010166297441544344,-0.3628622626949246,0.3514393604229079,-0.11783443525907704,Help
0.011247230589023272,-0.03841836436083325,-0.39391831435080404,-0.3718135035577772,0.4948767059693958,-0.411862796537848,0.08908757397398546,-0.3580524438733383,0.11370479021340173,-0.39113961821963783,-0.0028439251521150677,-0.07820986588018303,0.5737102172848187,-0.44256413468893463,-0.11177232052334234,-0.5232123535257049,0.15894773358271086,-0.2645245877011281,-0.039733147007733824,-0.49372081640327925,0.3168709119824453,-0.17656279561912155,0.0410550298398749,-0.655081022517881,0.9324350181729527,-0.21176954201312398,0.19068614172555326,-0.16142051497472729,0.18654584022413512,-0.10521629475522401,0.2548995520309255,-0.3728035932669457,0.17488205888049954,-0.7472924314155177,0.703283789177813,-0.5770895559671378,-0.07590824876230773,-0.3866568422447111,-0.02838455254218556,-0.4135101683652292,0.370155022941403,-0.16524188359889405,Help
0.0049487062622707405,0.03396290642504068,-0.3733446362951383,-0.4014620942072324,0.4827788519284333,-0.3708518809903983,0.09480837888051602,-0.40848401777916865,0.14116524189099428,-0.3361256946015204,0.06280022556214007,-0.131617179336247,0.5105408441608934,-0.3895315451813192,-0.11161729080221215,-0.4999189862740118,0.22146865056932064,-0.28258559313035836,0.02635299009762631,-0.5528557117794486,0.2750135682166048,-0.15769096049668804,0.09271735502276957,-0.6973459821940827,0.937754731886589,-0.19382629047394348,0.12156628530545609,-0.15398566858201782,0.20399017455508006,-0.20086880079197825,0.22633499178900107,-0.32885873447295005,0.15757904223782124,-0.7456942062194405,0.6302449440234544,-0.5837652491044957,-0.10036594167591047,-0.4435677410125634,-0.01580566723051256,-0.3393536112803086,0.34248461157309773,-0.19761132974555137,Help
0.013652267271611113,-0.003312034917047654,-0.38960119951811634,-0.38639953978381736,0.510770974755198,-0.461182048759932,0.09526391342922008,-0.27306514299397,0.1445413235836786,-0.34547761809184574,0.08459582657832834,-0.1118981997162148,0.5684917319092241,-0.38282460981961275,-0.0996904144876696,-0.5058055665627841,0.1719565179504947,-0.2718324372341217,-0.026513691399202805,-0.5888639556885459,0.3063619627845425,-0.1607842421248617,0.03562130978188405,-0.7015448493322889,0.9770803088210753,-0.17682298418012707,0.17575917557779452,-0.18265363175599994,0.22084131859111045,-0.14102235620077025,0.2626319284007888,-0.34694853454725966,0.19291799584284625,-0.6776179276246093,0.7023130677701203,-0.55427800564173,-0.1084008683051243,-0.40639734515123377,0.02434816608430196,-0.40387906385245426,0.36215391066909525,-0.13857795158483355,Help
0.026987962139382194,0.027455164521558682,-0.37522637024960137,-0.45122023053585586,0.4929797387440133,-0.42248319228338127,0.07014376456995805,-0.38050677675188715,0.1368306063450997,-0.324929606412776,0.05057583370647131,-0.10606884483282765,0.5800780552728132,-0.45070011840723545,-0.10025636674224422,-0.4964929009738266,0.18377647404446892,-0.26868610755703287,-0.05143623924899212,-0.5495939617969997,0.37955642222276487,-0.12648757773086994,0.048701689619383585,-0.7266234922893721,0.9315360696128072,-0.14940787096454394,0.11862898787813243,-0.1785055030045048,0.220424513855379,-0.2175977322239048,0.29227704872672233,-0.3591672220429333,0.14888687112962784,-0.7206499899590681,0.6439277745352977,-0.5811018135260678,-0.12908464627806773,-0.48039562642876343,-0.022575105146629266,-0.4258639343735587,0.377836012800294,-0.17467296144373762,Help
-0.014640384095162577,0.005477634126430086,-0.3746742086646914,-0.39844903841443324,0.506002835386667,-0.4296717191554684,0.11290992449042349,-0.4424757438551195,0.13445917516020858,-0.3747851511520055,0.019905505315044862,-0.10293868180331087,0.5797721344220275,-0.41864700356269713,-0.14420609409750396,-0.4911944495711006,0.1267265502801161,-0.2739930314209846,0.009773944313317413,-0.5519438520311992,0.2736966736043461,-0.20622463028549584,0.06879504350418959,-0.660522613932403,0.9334694443649563,-0.17539947629516311,0.18719176174689883,-0.11210433097589753,0.19072486286884802,-0.15397661072296082,0.18351358061362624,-0.28856543198627854,0.16607966419390638,-0.7412335968973519,0.6579494939441534,-0.5489762050676763,-0.04339929183512796,-0.4192840997169168,0.013984296063750075,-0.38387146134439737,0.34057255209009885,-0.09475674135158918,Help
-0.018663824410691667,0.04606592320115647,-0.3293442070205908,-0.38754085898574836,0.5404634631027648,-0.32796332716795706,0.10958454982023538,-0.3668544534823686,0.0711110809920387,-0.29842025957785256,0.03621853795183051,-0.0783591587591544,0.522353546081191,-0.3582185019073678,-0.13686518714471477,-0.5318967814527822,0.1605395573508944,-0.2701348613337675,-0.009009126972361281,-0.5553510767413435,0.3489117543592887,-0.16104552505967262,0.043979251594222175,-0.7039011476468159,1.0433462520646715,-0.1821357265532503,0.08776859023861591,-0.1843463710182791,0.183694161047328,-0.11381869812202369,0.27837007491916754,-0.37920954352061564,0.25589504319396356,-0.714164273088645,0.7029955723095904,-0.6289766624152363,-0.18158556611896132,-0.465299304812243,-0.11346823340023075,-0.32180490298737524,0.37814240384723685,-0.16679837202867884,Help
0.013578720899403627,0.005680021085404975,-0.3496724450452436,-0.36967600487037655,0.4768965858243838,-0.4213288873465588,0.13967510714032225,-0.31852064659334167,0.1300612503533732,-0.30043410158033707,0.03627433453353443,-0.13940600362126465,0.5571339499316735,-0.4246146068421338,-0.1009961636659055,-0.5211354551194451,0.15478748179155033,-0.1974563777037434,-0.03906574123862802,-0.5777747752460867,0.365201046183926,-0.18384613937571462,0.04314417582037429,-0.6690974975946639,1.0101504308399396,-0.15227656278762614,0.12486480155559271,-0.15085984042507308,0.16680493408672634,-0.18735035756485402,0.28360549691123915,-0.3680446403019458,0.19169050846741942,-0.7085620780676816,0.633483046687187,-0.5653436218325497,-0.09283224645106579,-0.4826350784573048,-0.007635595777239285,-0.4083567858299611,0.4046186754730232,-0.18242104657866065,Help
-0.010694309058886322,0.010860736529653973,-0.3666702380894071,-0.38307319920304544,0.4400415608348556,-0.3453762780575079,0.13059619047281287,-0.3017990835398488,0.1532663811867301,-0.3661090306744116,0.010883051892049182,-0.12931685990966763,0.5922781070923527,-0.36280333768503736,-0.13444965879336307,-0.5806943360303273,0.16041405825035335,-0.2628126769487919,-0.034391298897409155,-0.5379530528706258,0.35636705990238093,-0.12260589445412809,0.07730374692884734,-0.7404174522676127,0.971762096142942,-0.11976816101358269,0.1585079585662816,-0.15770551356134074,0.19157275826626746,-0.15671929988435535,0.17601574800989286,-0.35874373793349024,0.18220758563294934,-0.6747846001669984,0.667035864816011,-0.6437217490912975,-0.09673799857628183,-0.44716109954847455,-0.05246179834680211,-0.41019235420645994,0.38798154317057987,-0.10129621428243585,Help
0.014487898355327601,0.01896069670851064,-0.35410908872852326,-0.40292213159865053,0.506502139464017,-0.46749697217561187,0.11817450124830972,-0.3739383809685432,0.16192625328605703,-0.37017538639726605,0.050337440867418905,-0.15756242069982068,0.575096133776861,-0.3855466275265146,-0.09915322292003727,-0.5205358930093266,0.14358555493136302,-0.24747360667154122,-0.04773307284363919,-0.5407624400452476,0.2652533044397294,-0.1669412175593116,0.11783507668758107,-0.6732097563700608,0.9870018980596705,-0.1293340584499177,0.07720284795816418,-0.19319943405829992,0.16875298492063004,-0.14343015156937336,0.27377880433931767,-0.377538209695637,0.2132830002510665,-0.725328905164252,0.7019548667468171,-0.625305688436901,-0.11334002123341921,-0.437751379562489,0.01572268203261183,-0.4008510193019476,0.3704329604102917,-0.12385470954534641,Help
0.016357754490783583,0.026608578224195146,-0.36196670360832334,-0.4185094143628595,0.47510325805437176,-0.39416353870730086,0.12232962499139623,-0.3470057793653287,0.1276152787386993,-0.41127834305792343,0.06942965675302434,-0.10697689580552369,0.5746473195127081,-0.40436165591251627,-0.16801358674590594,-0.5068985931234622,0.16079685258595441,-0.2318944911419104,-0.08900632687159951,-0.5525738434170998,0.3454909389965302,-0.1721595174255594,0.06617131301929176,-0.705205426484429,0.9601109001271291,-0.2011434500239979,0.12596069674819693,-0.1482315512565667,0.1587396237679904,-0.19626798877097287,0.3005469734476566,-0.32273580807143715,0.127498969767014,-0.7361725108401767,0.6728795671290234,-0.5846137554762945,-0.15435545923354121,-0.3882893953165225,0.008798503461089194,-0.37071053384375235,0.412408271002008,-0.12549035169811035,Help
0.013457426377555417,0.04673037815466727,-0.3352638594918321,-0.4312071706718105,0.5045900757752917,-0.4148617441122867,0.12996648723767307,-0.3282922247192812,0.08553515673605329,-0.3694160955800913,0.057366708926796066,-0.1254989702020313,0.5540325053781983,-0.3801895378246968,-0.11677945131717503,-0.48940722314301416,0.20829747263618614,-0.2399856928081616,-0.020873391845963443,-0.5825516103148086,0.3502114628643965,-0.14241038238535567,0.10244465573582857,-0.6849879749108343,0.9275100931197209,-0.23989448058490623,0.16935187943499924,-0.1858459085456013,0.19389121260636663,-0.16575370922446436,0.24250392341165294,-0.3544488469938049,0.1573826854354332,-0.7137027928115908,0.6480708749935101,-0.6054941030970105,-0.11935014460270923,-0.4298471581981538,0.011706974580853007,-0.3890613076811033,0.40241748637834734,-0.09292340293544345,Help
0.025648339531684484,0.016034056052055334,-0.3584954806291577,-0.3800011856329625,0.48827504257302146,-0.3653966127848133,0.13326502486785524,-0.3533858437532873,0.15391470251281705,-0.3630163270614332,0.04622503799101452,-0.1266962392841762,0.5495717725427126,-0.37447259267233934,-0.08919345922246125,-0.48554339352049325,0.18478405950125798,-0.21603068655924165,-0.031397109271323484,-0.587271829031474,0.36911457808808823,-0.16820822842803537,0.043222329024469194,-0.7402802638699701,0.9991365797186696,-0.23753443325662502,0.12477369229145516,-0.15109299677920493,0.2024458176453029,-0.18873181300608205,0.2434845136326984,-0.3777358442183428,0.16689246695245452,-0.7052430043400135,0.6505562776134484,-0.6016528586985094,-0.1535818737099614,-0.38905767515700806,-0.0006562313192276098,-0.36138042164984646,0.41041917601915023,-0.1638154377416094,Help
-0.01075183449084071,-0.056845031027466325,-0.27408775961059617,-0.41044950636398586,0.5167560574125817,-0.432078542493593,0.144733503478455,-0.2868629036303857,0.1252307536388934,-0.3960871721384483,0.04524510619101792,-0.17921311022092337,0.5434546060758202,-0.37973745695533895,-0.1169343887214578,-0.504669394084931,0.1826217937628679,-0.2360608448964318,-0.07669528741135313,-0.5511445400572041,0.40316023624960834,-0.19236536823655453,0.06136990773979434,-0.6281419475483826,1.015123342820051,-0.20429275494334023,0.15346551791088536,-0.16880345101420138,0.1583460259434017,-0.17140825178432753,0.2391101294582747,-0.3481755402838557,0.16089287516605902,-0.7515280081519405,0.6643672547755709,-0.5428728609478759,-0.10717458547355051,-0.43299417346913854,0.006664345036795371,-0.3899171711828239,0.4277474040294177,-0.13917642675409025,Help
0.0210149118947449,-0.022638131471798186,-0.35320776931356346,-0.397709142596152,0.48389903667535805,-0.40998644099862086,0.0957009457395935,-0.33412005001048606,0.14590734940062708,-0.3695756111295842,0.05802703609300777,-0.11354770481618967,0.5475469878536371,-0.4103798206150456,-0.11532248200920311,-0.41520399373973915,0.17614377924372965,-0.2348226815519871,-0.013757412376354744,-0.5616937336244796,0.3689003589214811,-0.16104979397990404,0.09558410919306287,-0.6964205411519271,0.9531989125494196,-0.17792896827297258,0.11414140583914406,-0.1526708938641584,0.14496342039031224,-0.17875092947372065,0.2045572225467283,-0.26683299814407635,0.13372558379830057,-0.7129350499327086,0.6999048062072425,-0.5632348302356285,-0.08410040959624028,-0.43256321174783646,0.024574439275750475,-0.357765850080897,0.3780754048104587,-0.13184162874344013,Help
-0.009117679428461176,-0.027289560774991152,-0.33118591764930183,-0.36659570709641864,0.45907094618423666,-0.399547263117915,0.11053915421539685,-0.34357030704208497,0.1289680224673603,-0.33735488339137487,0.026992478964781692,-0.13780067421758638,0.5816897993707647,-0.4182458133911678,-0.15375271999756435,-0.5106991057072581,0.15689316822218688,-0.20753270847314542,0.0008466658351044612,-0.5193836104266005,0.35467989179313464,-0.12392757071865439,0.04329000892737679,-0.6923523958705382,0.9523006287330343,-0.19520549543616939,0.16780460625024948,-0.16470260207028928,0.22013260464186057,-0.20342316232635163,0.26251626396341776,-0.38900709248223775,0.18616966466199927,-0.6910194594679063,0.6591706009726155,-0.5777926093706306,-0.1384326433064224,-0.47295705944708366,0.0007526595602745101,-0.3328472757826905,0.34182506807554763,-0.10239322607203404,Help
0.0013027022644923304,-0.04007074565079228,-0.4022456059542282,-0.4054884037036451,0.4734603517774112,-0.4343210974662764,0.06402067227240257,-0.36799220976767083,0.13285344635966642,-0.3659527498188544,0.03437185949438165,-0.10635364864346211,0.5757920087023561,-0.39254267582170443,-0.11950091953193978,-0.4683030472444413,0.13799924121301807,-0.26092917649157893,-0.032930758604208694,-0.5909178266788532,0.3174844576542003,-0.2145636712939729,0.12129781415467494,-0.7145167448630231,1.02958151206638,-0.1877483193484736,0.164227380486886,-0.18340409456518464,0.18702607083190195,-0.14966599935988198,0.267445685874296,-0.3283148067239275,0.17229438928561472,-0.7276402523193414,0.6177803882193139,-0.5786298371579311,-0.07716931192173113,-0.3745669097036543,-0.00680305007694435,-0.4081619759922196,0.3207935319819607,-0.10780904948273738,Help
-0.05388829700332606,-0.010218122332313001,-0.37502965175197267,-0.40804560103999515,0.4866682984162095,-0.39078928147250197,0.04238095284680883,-0.3421509526337719,0.060151908886376546,-0.3437941850480304,0.032755243545275634,-0.17712136622890712,0.5201650667849141,-0.42146873131026846,-0.08014067086360223,-0.49024607519175456,0.17712809861002432,-0.21874494127830035,-0.029782449173932336,-0.5311835900945957,0.3505965159406908,-0.19090896567419618,0.1081219800536812,-0.7290033846120545,1.0095190876080762,-0.23440304562722736,0.16531856016675744,-0.11288265427015151,0.1743988203765454,-0.17687135784512945,0.26582231342197604,-0.36143990210503446,0.23789273169907466,-0.7074636946608398,0.6560005927307203,-0.6105349733301098,-0.13762912736662503,-0.44187900970391686,-0.026478430924117474,-0.3997967550099199,0.3519611580565313,-0.07609381456466471,Help
-0.030902852294684695,0.004398977629385243,-0.3505248166208372,-0.3870587070369526,0.4838360081416601,-0.40215478531894855,0.12838827544634993,-0.33459498043052965,0.11927041106670747,-0.41261708439249317,0.03537128654938657,-0.14680676938343032,0.5245764206044856,-0.4033697739792201,-0.10509957507035388,-0.44273162490548973,0.1506725589123925,-0.23094282124666388,-0.017719319803062558,-0.5149292988063742,0.34736754411059984,-0.1825693236857033,0.012241091846049393,-0.6770564802199085,0.9661445581867291,-0.2183002668985763,0.10925412538621493,-0.163910835687042,0.22601941105245266,-0.1814408589307163,0.26521722277473025,-0.354625998932686,0.14466290791368822,-0.6911851218392882,0.6327649166565209,-0.5936776085754324,-0.11988628571159354,-0.3962540370642214,-0.04770275888848018,-0.3734414855709037,0.34651249406018336,-0.15439220784510144,Help
-0.10905600682620306,0.06276295714853726,-0.3517837389288764,-0.42898237148260954,0.45185454976514444,-0.40980317074990946,0.13634823675374827,-0.3993531776974234,0.12279164353090272,-0.31264147106688006,0.015390608140349878,-0.10999871330929693,0.6106905015642082,-0.38540192224400566,-0.11208394477568871,-0.48094611379699187,0.15476879022921583,-0.2151926517458152,-0.03887802122320401,-0.6125846771876471,0.31834158940451723,-0.1813169167634149,0.05549665235886345,-0.6941668529823526,1.0179207841178881,-0.16803207272012682,0.15517942114946914,-0.16882846295463455,0.1490224398073119,-0.2346159456895054,0.2509039137842541,-0.3277187723189484,0.18009435408945235,-0.7292750918282017,0.6795407429337684,-0.5968263735119697,-0.05906834750221556,-0.38606450983914364,0.012827012596340302,-0.3624355593786654,0.3330013938471007,-0.11916924041365991,Help
0.011289778729397256,0.0181927418517349,-0.35352216230927175,-0.3923790692690226,0.5666202145016221,-0.3972192782620868,0.14293197213404463,-0.35672032423779576,0.15075842362636302,-0.3375811305337866,0.06034178053344444,-0.06233285620091159,0.518062926015663,-0.4189830993847755,-0.10949025680954767,-0.46972100183973525,0.17217763591835492,-0.2156088192096014,-0.04674881666518724,-0.5880265836102244,0.33932453261882617,-0.1546302891505247,0.08021838433553294,-0.6872163999359288,0.971797494405037,-0.1911389816717701,0.1481469233660028,-0.1778895396101066,0.1746942186833489,-0.18128848866914235,0.27320906703855274,-0.3457373782909842,0.251046944751853,-0.7084083256062469,0.6490799538674822,-0.5142061462473473,-0.09723188193000433,-0.39334261649440766,0.0018048603817151648,-0.36647725192603003,0.3877760378212186,-0.17212158841851985,Help
0.011025871426842358,-0.03974583911550717,-0.37353133200603933,-0.4277304706013632,0.496318325990596,-0.3849099207433822,0.12927622743212033,-0.33397173274740305,0.1088344158561409,-0.37359083192131065,0.07702088305701854,-0.0803745641533746,0.5101877141476789,-0.45029430011010824,-0.13766834088639374,-0.46478897998329444,0.20324127118499793,-0.2819229467169535,-0.017678839924107508,-0.4987762889313652,0.34254002683994106,-0.109669782310121,0.09389426982727928,-0.713700292396771,0.9762986454188285,-0.18784822017130295,0.15040545816284745,-0.14125023201149955,0.19304872294131398,-0.2572667168728785,0.20812390524968877,-0.4171794358754395,0.18860532780645003,-0.7060148326605679,0.6741024267356636,-0.6230942555246778,-0.08941635310783472,-0.40155848520713633,-0.05361270113051431,-0.42914872884842864,0.37170246569383625,-0.08530558326683713,Help
0.05099228226595927,0.016902130813441572,-0.3902003470610656,-0.37935666711980703,0.47202149247086306,-0.41795891926374357,0.05052284576050489,-0.3395191639794461,0.10814315563561161,-0.36286781585490513,-0.019571732667727847,-0.10731546429469598,0.4716575721873266,-0.37172826353667227,-0.10020492236619984,-0.5045051505869995,0.18367634608196928,-0.28352381818482497,-0.02472685506775088,-0.5299660077717577,0.23725200504998936,-0.16573161165743952,0.0632531488206951,-0.6922831397423066,1.025711142910563,-0.2226078882677449,0.1286466792188504,-0.22621617140391015,0.22609677961124608,-0.17656939283779904,0.23435684680136937,-0.3531324888954796,0.20243144543969974,-0.702808560039117,0.7450422043840547,-0.580708330841126,-0.12359803613650683,-0.4398870622269106,-0.027740997686863854,-0.43022269054385764,0.37290234250539195,-0.11555500828897038,Help
-0.018400908018697076,-0.024221401688523346,-0.3228220925248363,-0.4487564416030995,0.4235596691208152,-0.42952076647295073,0.06862886919543583,-0.3310038480067382,0.11621804109624566,-0.37235133859147546,0.0839970235286272,-0.13315031030708988,0.5678438894588447,-0.35902678715863273,-0.1295315343306622,-0.47403452177757255,0.1595402129036375,-0.2264586464396947,-0.07404279616348584,-0.6031745962793282,0.3183426510755048,-0.17898262513890692,0.04843119944188977,-0.6929801286833478,1.0035984940788283,-0.20112067187703642,0.12256561720351465,-0.17928550191742365,0.1577138216788532,-0.19720085362141648,0.1991186090351615,-0.34947366493952586,0.16628319938887842,-0.6842410999675606,0.6221837952155739,-0.6105889141446756,-0.05525345664167193,-0.4512346456141277,-0.0230542266772433,-0.42164290228972356,0.33125359089721496,-0.09263972198260755,Help
0.005131184779114417,0.0040103651471287,-0.41918993396715,-0.3951997052612155,0.520316878794949,-0.36044939633867334,0.13489184759734954,-0.37647519725773776,0.1364328786255226,-0.345733178426462,-0.004424309333283041,-0.14604865221666014,0.5712359267587787,-0.378085097834571,-0.16231915039889414,-0.4722945636661868,0.16965385225411544,-0.23075132166670384,-0.045933760239215894,-0.5344537240311408,0.35539554575729976,-0.16285492893078515,0.0644650491099849,-0.7058499800950733,1.0315472565843171,-0.19249901269983136,0.1196207267668918,-0.1902148780308992,0.18459129810731512,-0.1465807534061887,0.2074343080879549,-0.2961282083378847,0.19260462940845852,-0.6992357829555184,0.662689991662639,-0.5937486384727055,-0.11408916739925648,-0.3925124810301134,-0.016196086737960694,-0.3621560762501812,0.3586909905800672,-0.13318983562586842,Help
-0.024117610327182633,0.036495846976486106,-0.3933128641352368,-0.4157113302323044,0.4761454080414919,-0.40555224979374227,0.13651672379245283,-0.352090362871975,0.16885691202596503,-0.3903149798246653,0.05449032231766521,-0.13568384415158458,0.5572203905824195,-0.40484496294403194,-0.12051352073120672,-0.4604909584491562,0.14716449414785382,-0.23658613557637836,-0.04996691791644142,-0.5504286729207566,0.2942134226760277,-0.17219039525631602,0.061468181357600384,-0.6319548561902413,0.9850222042375341,-0.13925080504405718,0.1538911552729348,-0.18035262794890486,0.22696887575107252,-0.1560701598973325,0.22822746562598917,-0.3374408646441493,0.17456652808956172,-0.7729004880297395,0.6936848727553105,-0.5614783858239815,-0.05450241236166614,-0.4103820493353343,-0.023419931836835557,-0.36011789998360494,0.39720102724021156,-0.08991061598114525,Help
-0.0013388286919932644,-0.0049673691770278335,-0.38976677950641914,-0.3898380843027085,0.43914637036820925,-0.3716510869776523,0.1324769043651384,-0.3250385238561245,0.13118593320478808,-0.3197713798148277,0.07556880218218989,-0.13062258021347758,0.5269158356155461,-0.43075668553716795,-0.09932315940698475,-0.5261493750814606,0.19929651458700748,-0.2144923910545521,-0.053268608604711186,-0.5593756849633534,0.33057931196360346,-0.1257953860530238,0.11221277399308263,-0.736959102995991,0.9724526665979403,-0.19687135538686878,0.10526136087561083,-0.18329340119377854,0.19362124840357006,-0.17754105564472178,0.20117047838424815,-0.2653355274858608,0.19132970654291542,-0.7098786382414004,0.6326678870853306,-0.586505222634101,-0.11456708678267923,-0.47970206248265435,-0.048065892314792066,-0.36131980227474414,0.43002694578065764,-0.12804408932394656,Help
0.033092498348801014,-0.0046726592574962995,-0.3708968317340814,-0.3732325760758806,0.5354775390905183,-0.3559008073595606,0.08285095844762015,-0.34459939663933303,0.13536491664402173,-0.3735510661459861,0.061044724521851876,-0.08779296012213816,0.5746754996651297,-0.35379036656808316,-0.12574489253199742,-0.5370662023894414,0.17754178809994048,-0.19766725936937432,-0.04120739633481943,-0.5332038196136563,0.3509530562969103,-0.14657161944677555,0.06414021435609776,-0.7140972073815754,0.9135482259511235,-0.22224637571997924,0.13557233204885627,-0.1358174199919755,0.17769433820251046,-0.18475146012707952,0.22077955018386766,-0.3318538335708738,0.22409508557970817,-0.6813263904885769,0.6837901689700961,-0.6385947898847275,-0.12019090054674754,-0.3646272332345019,0.017700285643097162,-0.4312926793520042,0.37003870058466626,-0.12816609849540672,Help
-0.022864753890786595,-0.06927612064226546,-0.36533572556317034,-0.42959469463307776,0.46207896824259376,-0.40557411896145196,0.11083157326952037,-0.34286311375274625,0.10051947914207282,-0.3723670131297826,-0.003313702892698653,-0.10307909251116425,0.4589029447062407,-0.4130511735477374,-0.08828607477994377,-0.5279254280625068,0.1882876563892289,-0.21950960894129162,-0.1261351191111193,-0.5583501160328401,0.24380747969388278,-0.1558611342342422,0.06371733639534653,-0.7608706507872588,1.0397432389861367,-0.18031038029101965,0.12181075355974619,-0.12477871778970115,0.12691978345378221,-0.20605581956508456,0.1785254477323736,-0.2975266525299782,0.1933147617309501,-0.6934474084491459,0.6746357149948963,-0.5771133746589018,-0.10729834184455471,-0.4149187198199689,-0.01273012602767106,-0.40342533697204086,0.37030767332420433,-0.13085121427738755,Help
0.0033164735865639236,-0.04433316323259951,-0.4086500469719156,-0.37347670388697285,0.4763843990386322,-0.37739194775245105,0.08207825341749284,-0.38678500622927153,0.10173127773378147,-0.37243767936390265,0.029454789240851632,-0.07359225877903518,0.5499769061525993,-0.34889831257787307,-0.10372941476810985,-0.5685217319818563,0.19847599847326353,-0.29946813897901703,-0.01998211051985748,-0.5770497506554831,0.3943620135566566,-0.10912694304420975,0.04167785347373359,-0.690215061253567,0.9893360302132173,-0.16298843237321006,0.14815601389195762,-0.1994869475960827,0.15926142089705014,-0.16931514245083878,0.2845428228054113,-0.3387228726100769,0.16014192278833952,-0.693778278813307,0.6539961328109972,-0.567614167337634,-0.033830360711576246,-0.43381115122949865,0.008089925677431546,-0.4075293827660944,0.36833850326490547,-0.13817218286907484,Help
-0.005810509801331416,0.07389041066325071,-0.3774982391540148,-0.38835640074091854,0.4276916143354313,-0.38197381126244095,0.14910348847973212,-0.35841855020724717,0.05173251187852049,-0.36692028030558,0.04992451373094984,-0.09068801294987747,0.6049182981688784,-0.41576808065273807,-0.14155030310006078,-0.5311527414854053,0.1727371087904549,-0.23980096254036332,-0.04326778236707519,-0.5304487465537941,0.3440422048273063,-0.1510179301777671,0.03686003110246257,-0.7008502606744753,0.9091054291932644,-0.18181724259411738,0.14807169518463031,-0.1630857308819721,0.19591775053998853,-0.15760604396656835,0.2441976180230895,-0.3500979671312756,0.14121487808590494,-0.7307410815152835,0.6671198095878459,-0.6164020147706101,-0.083836149385258,-0.44280532252984306,-0.009469066776910093,-0.38167061310050243,0.39409474408895667,-0.11203531625438884,Help
0.020820978329038183,-0.063180186041494,-0.3324760024732695,-0.36014270017862665,0.4711304918854902,-0.38783430078334374,0.08811690030524126,-0.4010419851318402,0.10487771814346128,-0.3819648984246686,0.038763476278829534,-0.1411776871723862,0.5225884521019583,-0.4046966607835811,-0.13896846888355663,-0.4798394774677611,0.1872445698214301,-0.18276995791998368,0.006872277427506207,-0.5465161371757153,0.31147275362270066,-0.14350246031689384,0.07373035152227701,-0.7017937238801035,1.005510030026327,-0.23083379496051465,0.13994946145608195,-0.15206434683513448,0.17216065564528882,-0.1753833206624132,0.24337553760670216,-0.3766260456467906,0.21856139853401627,-0.7437705923022851,0.6751504577996386,-0.5819169705447681,-0.1380993302977034,-0.42085323246976986,-0.043247194296700646,-0.3434363085532841,0.337542928171358,-0.15867596430219683,Help
-0.03672675025066741,-0.04073096180602656,-0.3205639881871945,-0.3896787066870877,0.4898030231861506,-0.4146310170639369,0.14207020504056778,-0.3673173031108993,0.15084835493963594,-0.39193606553892935,0.030073767163113843,-0.08966179288866896,0.5705060274311484,-0.386442283117826,-0.1473518828629562,-0.5095470134159468,0.1715017125154623,-0.2796600191622211,0.014230762267681135,-0.6258676372440842,0.30671849706165644,-0.16760187595320877,-0.02138583721836669,-0.7282812051170193,1.000756773500003,-0.18798234542346948,0.19447553718349433,-0.12238330723811212,0.1937795714311701,-0.1597835410895137,0.24948704669983757,-0.4312104689625429,0.14150758518700776,-0.7102091970516327,0.6840864492397722,-0.585636313129095,-0.13641462229290413,-0.3949241716271073,0.028515091748279514,-0.3570278947962223,0.4013943961683585,-0.1558358254138942,Help
0.032278023681023976,0.0043727591798297175,-0.3529537810580032,-0.3949989916197233,0.48194960725192193,-0.4207337824171983,0.11237775080254334,-0.31298778140539096,0.11379490195034558,-0.33896030936251587,0.07152111833791415,-0.1213783863828015,0.5862552102150628,-0.41503287127045,-0.07057525351187341,-0.4831213979980328,0.1663187727259015,-0.280815631715048,-0.029545927440248893,-0.5599220143304005,0.2923317909652039,-0.15884334354864382,0.039818377321873766,-0.6688145781405702,1.0211865023955868,-0.2256983248089156,0.19865068837321492,-0.17259663164621059,0.1515375385248963,-0.14644804515328955,0.2341154790948191,-0.35401010870710303,0.17121602326042765,-0.7377316001005477,0.6873255889493992,-0.6029154495800649,-0.15274022702681178,-0.4065145563747142,-0.05212569964507224,-0.41976538798522023,0.40748460242996387,-0.17494924845154425,Help
-0.06949334570782471,0.01868584454884487,-0.37741634979809724,-0.41249160053860806,0.4761592086146283,-0.38798360999296744,0.09226027345207269,-0.2983071836929027,0.08275226170045091,-0.35241447974044654,0.06867262833568152,-0.13519981729720792,0.513879173748141,-0.37385124470962416,-0.1455874820107538,-0.5143451256667789,0.1934140191532993,-0.25313935329874765,-0.08081243056507079,-0.5013974545889625,0.31418035975933206,-0.16439759956430633,0.0716060002945773,-0.6676420272998115,1.0408312168624847,-0.2386928990022293,0.17206002278998564,-0.1464498097931544,0.17667323274682822,-0.14556247771504838,0.275537333971567,-0.39301689197576833,0.2358373657632149,-0.759992329738745,0.6315461895401788,-0.6021800377019622,-0.0518924578658227,-0.43229405899379375,-0.016916245815883902,-0.3422052246878256,0.36269687200368017,-0.17441215286315817,Help
-0.012517045057149435,0.04112375501417332,-0.3661744970020092,-0.3480421991327768,0.5077322682029989,-0.41427797625533375,0.11637413984311708,-0.36818717347413205,0.10698618519026977,-0.23138819970998756,0.07996773352039832,-0.08657732480200639,0.5258957976472336,-0.3572789491462965,-0.08287919133646425,-0.4396965687635288,0.2217881747314604,-0.29855426894784404,-0.06019330521429487,-0.583922863389477,0.3017624632227579,-0.1426113099393021,0.0469283691619118,-0.6242163749870581,1.03913848458619,-0.18908470234242958,0.20594124300670097,-0.12409606179745064,0.16726698329773396,-0.2294571488803019,0.2409700618936487,-0.37089667235851237,0.1895395393411649,-0.7105526135383582,0.667496207744319,-0.5786158652518644,-0.14601633167394476,-0.41070555177410095,-0.029146713704869764,-0.3791681168090519,0.40042871163761007,-0.1757910446718688,Help
-0.008438809580087081,-0.003556027020865925,-0.38372851606078257,-0.37896706202047586,0.4639825696511201,-0.4115957201467994,0.09354427672060278,-0.30982896758671163,0.11226585273736636,-0.35195936551425355,0.10868015125628622,-0.11465481708272415,0.5779530275074702,-0.354225848611935,-0.08504591258903996,-0.49664924692359413,0.1860579830494653,-0.2928029480989787,-0.05029941528069621,-0.5719494843745254,0.3972990461279595,-0.1766924162947718,0.03910817018693144,-0.7177119606174032,0.9987924409816636,-0.1846122127399919,0.1798842258330042,-0.14860231063233606,0.1393764846713297,-0.19339902165984618,0.2884689758907452,-0.35765695576346235,0.21897212512733039,-0.7177198905820602,0.6365759851286864,-0.6034242308232405,-0.13868216712792528,-0.4400129429732649,-0.009930457917402203,-0.3698194300938919,0.32400067658301546,-0.13958009170051083,Help
-0.017598472066792572,-0.01945244426876437,-0.364319908339671,-0.4224755030851409,0.5270583602605345,-0.35929185187599744,0.15029669952742591,-0.3574379357945847,0.0981642110621532,-0.3632998293591168,0.044898547230795983,-0.13067495934490753,0.5093191737064666,-0.405612010212771,-0.12798374289782657,-0.47549479633312136,0.1867479318251513,-0.22115759614223687,-0.0646769870925988,-0.5417774796947589,0.30825671133572086,-0.18892730719144635,0.05107440561632503,-0.6543331818058951,0.9708285375166262,-0.14192721472128503,0.16374781198781727,-0.180562814984074,0.21558963294024397,-0.1558187853961065,0.2195323317890694,-0.2957939293587427,0.19112873527938432,-0.7126655763850359,0.6399396978801736,-0.5589402594650071,-0.0941224104405952,-0.40416921469233497,-0.031184169420132635,-0.36014456564766045,0.39906082408776844,-0.15912239863867156,Help
-0.04250970419042973,0.01744119178016772,-0.4155008554018355,-0.4014014735693312,0.4721768672715151,-0.3583737518398616,0.1030565339861485,-0.30937244076976156,0.11161289277884208,-0.33576099708897195,0.11121924453448895,-0.1444516786231938,0.5533522787584026,-0.3219029986574269,-0.11386399458316471,-0.4942915593373725,0.1904497187000375,-0.25294916438207576,-0.07811490037331423,-0.5198406076803996,0.26999223010677526,-0.16481863040126407,0.10015524519948578,-0.6970906040692172,0.9611871933498086,-0.16251293736506156,0.12174801291717566,-0.2054068722024153,0.18902359969785024,-0.17466838751191277,0.2101989200168053,-0.33244943222631207,0.19727899875410704,-0.7240221126427696,0.6568657177935937,-0.5802146252329646,-0.0739298306688724,-0.4315301564044719,0.0036824256758847505,-0.3682115762924245,0.3980856350619137,-0.13787977551293393,Help
-0.027369765421990735,-0.013874974595999078,-0.35801484294021385,-0.3514080155530168,0.47107363171924593,-0.37079008485770726,0.10500015718886192,-0.3392765672532916,0.17250107858764063,-0.34283194979814724,0.012170020037155296,-0.1295845151865543,0.5822778474397162,-0.40011012985587396,-0.15032686297872827,-0.5207137807934735,0.18789955596084207,-0.22434928186838948,-0.026362461491732422,-0.47954981489748477,0.3548052534264002,-0.15961931295610082,0.039461291281806005,-0.7156408603491049,0.9920607277381519,-0.20355416586746058,0.19749376914171,-0.12475074652712091,0.19978017649796853,-0.20455057374824193,0.22734254726589842,-0.3138876826539252,0.16645238459293696,-0.679565210127015,0.6798437956683849,-0.5927748709488436,-0.13072565764949762,-0.4258736754069347,-0.010268790468112644,-0.35419141585592884,0.34513434826163175,-0.14694355675102136,Help
0.0013446939579685425,0.01988035073058494,-0.3955543770393466,-0.445459040691081,0.5058131749664357,-0.44047218161193036,0.15339124215202976,-0.3472684128543629,0.08061324364149948,-0.38017333382286506,0.06078270721146112,-0.1283912970988559,0.5451920995712058,-0.38216412016357026,-0.12192736945188096,-0.524256937738246,0.1578252303583517,-0.21173638621114058,0.02365380982379786,-0.614407014143836,0.36281151979847537,-0.14481044938605311,0.09165195309839083,-0.7029089790179626,0.9289501828386962,-0.17135619086063453,0.11905213868372574,-0.21038887355920227,0.14123613859884773,-0.15115327508707502,0.2516926874233465,-0.32808402776991796,0.20341662822168097,-0.7258574690821137,0.6634914707610183,-0.6096695333567155,-0.11595050644739913,-0.45206400224062415,-0.004243700298129529,-0.3529139603355098,0.3472080253860148,-0.10062096211319763,Help
0.0034056448943382512,0.007232369292174398,-0.4192833325018889,-0.4601798161914366,0.48991771129852474,-0.37124174442456903,0.09470043739981615,-0.29248781291238296,0.14908725533736233,-0.3930109647919998,0.05033445823098921,-0.03810239046050423,0.5073142870224843,-0.3885183729672757,-0.12554399597195265,-0.47493831871670655,0.20481295966905835,-0.26576870296625943,0.006669247615017561,-0.487173127097409,0.3320689246430581,-0.12876822024228826,0.04621924961868809,-0.6858165519389973,0.9766978353424935,-0.1649827767503005,0.183421734594915,-0.17202974608818047,0.2267968654450394,-0.12327926531268618,0.27291472573786757,-0.36703880437781006,0.16498950608459292,-0.7376009027853019,0.6940806600844869,-0.6306794537179202,-0.08933554363810418,-0.45547964053591555,0.00874815448089962,-0.3846509953230457,0.4117155731364392,-0.10481541412559976,Help
0.043051962360063346,0.04382456154867338,-0.3639915218940174,-0.44072573889720273,0.4540185287652129,-0.4575391640430074,0.08233187570632192,-0.3405259201987362,0.11024955068497799,-0.3711647953730558,0.06419046080322603,-0.12153222221417934,0.510936343094098,-0.40596348116163183,-0.14281637399343772,-0.5042688023536338,0.20707805921219702,-0.2622967494278036,0.026230606064234697,-0.5108601493174287,0.31270152326535977,-0.18564859385958707,0.06235584786718053,-0.6517944983080269,0.9672923609368801,-0.1616481455721942,0.1835346561962899,-0.19196087012553487,0.1605066474243941,-0.14780082759572485,0.2520645399317177,-0.37213985422246854,0.1727789571432024,-0.7153450487264232,0.6186600452286782,-0.5713571142987585,-0.12400143892961013,-0.5065578468151352,-0.016674358163643162,-0.4074147205717677,0.4223710820497247,-0.15662240210283693,Help
-0.03292930090735833,0.015237980098860477,-0.3881138679538908,-0.42934563294203154,0.5008792618998664,-0.4261477274002162,0.07112364096318113,-0.29081068986704556,0.14442413823775221,-0.3736870057905912,0.04930468192832592,-0.09723433372872191,0.5737913305948781,-0.4270457298741792,-0.1048772636112819,-0.5113463327305691,0.16112531294412819,-0.24936080428097124,-0.02709847772777782,-0.5317422219764907,0.34469327929619886,-0.19755995714827915,0.023197776512823072,-0.6974858317527124,1.0368568459969956,-0.21443860949510646,0.14103477523382466,-0.18483048142335234,0.16416684855040933,-0.1638334962423834,0.2895324317283401,-0.33787895642974053,0.15923844174397725,-0.6306325768205046,0.6679628746061759,-0.6116430361847027,-0.06727778202110671,-0.4371184786395067,0.0339291805352637,-0.4112868665339625,0.4146073279482855,-0.13302762154678707,Help
0.03873156698107301,0.057052971261046324,-0.4022786656293009,-0.3676887922817149,0.4433271032823721,-0.4263492388209761,0.09073956691539162,-0.32748153084453985,0.12802965241777867,-0.3707748097656453,0.053796056590054826,-0.0946715767934024,0.5646386508247161,-0.3715414660662749,-0.06126061500722918,-0.49678607861750623,0.1511620814155794,-0.23577550642936274,-0.06122576502413626,-0.5741703528889162,0.36006211091451473,-0.15603873211164493,0.027686698974045167,-0.7310884231708888,0.983459588505555,-0.1546339584110181,0.18113782984814286,-0.16541368552787156,0.24105546264593558,-0.17232529953774894,0.24335208474054823,-0.4285810857183282,0.16992348211195354,-0.6876690110973459,0.7125245180831332,-0.6192334465032578,-0.09577310338264294,-0.39163998913149356,-0.01562198451848261,-0.4536659965307794,0.37912511626787193,-0.1162161327534111,Help
-0.028422686850553765,-0.00762463592623161,-0.4029653281775262,-0.48306637336187513,0.516404352768764,-0.3950461641775848,0.16277210061031422,-0.31687096417269034,0.1164128832597694,-0.36825614704389253,0.06639431994248918,-0.08340376196953429,0.5542713260287359,-0.37119867677604435,-0.1247617214904865,-0.5260595138478326,0.164850472672673,-0.24802604358283287,-0.06294418237837626,-0.5939108914499664,0.34350227141693385,-0.16450558640822652,0.05895724555492627,-0.6971851111809584,1.0276161151766372,-0.15103801970820838,0.11016084582103221,-0.1847238970070701,0.20628830811213952,-0.1511226014464378,0.246265374572577,-0.3856860145750853,0.16286816920218364,-0.7287324891709894,0.673915507910915,-0.5432145928523222,-0.13024708030507823,-0.4538274175278494,-0.01921582341919788,-0.3542154133895407,0.3282999272778233,-0.09545002694898946,Help
-0.005160940863470085,-0.02202960006940121,-0.4163061255165281,-0.38476632370184577,0.4804590845578882,-0.389812543680894,0.08781749847882381,-0.3521635109574064,0.11244173871909073,-0.36877852040210646,0.029322428428109684,-0.15843569329282323,0.6264461994653736,-0.4452685985548543,-0.11041788918197619,-0.5493060422969832,0.10688332718096766,-0.25124679554935037,-0.021667092903148555,-0.5159642592014964,0.3420670877532022,-0.15680920242948754,0.0354444654028362,-0.6414239691629272,1.0098636255052476,-0.22628073885251113,0.14842036836852632,-0.16441853366886178,0.17041857037488164,-0.1460251739853312,0.27246110759291586,-0.35727257936031137,0.17491829321286026,-0.6682607082645747,0.6935908447482092,-0.5921555957959878,-0.15851694443383602,-0.4127263569120411,0.0049842748331704635,-0.4678032316569137,0.37926249973018517,-0.15155981107910996,Help
-0.006625628403886546,-0.02722142858289962,-0.3727461256257726,-0.36420219961902467,0.4722022654506688,-0.36596650139973375,0.09065191414277642,-0.3198279441501945,0.1270888517783914,-0.35519998237708184,0.04962359590230862,-0.09316150749897034,0.46756365356846274,-0.44696123053845593,-0.10334924444999302,-0.557451358061149,0.15087733961009064,-0.2558118155360179,-0.05174232466458455,-0.5745560710063811,0.3382281485273388,-0.12203603219371953,0.0351789912871421,-0.7036460770955547,0.9600602589239294,-0.26153224707637673,0.1515328102317325,-0.14069856823980192,0.2112874762925282,-0.1953036798527572,0.20995817198686628,-0.35090984199840763,0.20822258118378403,-0.7085839486952892,0.6742848170535549,-0.5600714796611523,-0.1318147700383555,-0.4296454627013831,0.03307993623847646,-0.3910719164978913,0.3336863073016472,-0.15913973436274673,Help
-0.028145395536637266,0.010714877571038119,-0.39517885702132666,-0.39783091931862724,0.4635122638589148,-0.45863506431547607,0.12404044431862238,-0.338136719483469,0.14257191058099808,-0.38595034381571797,0.026022663958602706,-0.10036625871776023,0.5901617942824049,-0.404031430849539,-0.10312410650883802,-0.5057928379770331,0.12048583462329637,-0.22515870773029664,0.00035430663638720203,-0.532486008170312,0.3246223193724585,-0.13440319787495758,0.09074532664642125,-0.6377895706612324,1.011653871263164,-0.1869762177690492,0.10803385885947611,-0.16407035168450446,0.18848550194853095,-0.14790979529998594,0.2881258692221733,-0.3544125237878616,0.24637398628118334,-0.7660080727458181,0.6781859341511908,-0.6182820192587601,-0.16685733325209848,-0.42909959139016696,-0.05967341006698828,-0.390010419745947,0.3727494937234781,-0.10550280919515942,Help
-0.045227554042918124,0.027253354969373172,-0.3653580334052695,-0.37509647229617676,0.47264168516420046,-0.4349010457664326,0.07831687092268874,-0.3813448535398891,0.14137360069735252,-0.32145306657431927,0.03246045241972739,-0.09353620552447309,0.4988879453624069,-0.39895683365940987,-0.09580478090013857,-0.539588950702568,0.1606782462101113,-0.23270407609035143,-0.11491123995308196,-0.5137456370745156,0.34069106379946246,-0.13081305143559352,0.0515508943489434,-0.7380760056568944,0.9980199768132494,-0.19136856428255375,0.14824492018517688,-0.1361118910586881,0.20365009628892966,-0.11154356604684668,0.25212474030867554,-0.3722943815598917,0.17769186517952823,-0.7007595609684425,0.6960813735471314,-0.6383374260364009,-0.10938454480605933,-0.3747601103900411,-0.023164495244435188,-0.35723722715888934,0.3864999420971245,-0.1103832332794885,Help
-0.02429281624799797,-0.02416205010196742,-0.36769229014999466,-0.45192860052167394,0.47750200221678457,-0.3873474084380592,0.16838091891765788,-0.330509084251781,0.14579603023592594,-0.33082645182926007,0.020469270552532302,-0.11736274434333616,0.6173535848605922,-0.4067401378062641,-0.08236873692678615,-0.4672330711290687,0.12245133884787623,-0.24486721199474037,-0.022495696370040882,-0.5439104652903548,0.30745730812899924,-0.18582246622447857,0.049652172724160795,-0.6893281811224597,1.0175476215517503,-0.13437152992829018,0.1891793919089026,-0.14293454429120137,0.15065797220406402,-0.18144757380921991,0.2538068950148605,-0.37053117956844345,0.20066054016262855,-0.691614878896972,0.6816943798543061,-0.5635723693565119,-0.13677840967282662,-0.39506149897842624,-0.03682759261796547,-0.41339566138424905,0.3876699003062358,-0.10258284460926848,Help
0.014640404591280295,0.000624120713176327,-0.3589958321306181,-0.40186913936244617,0.4518156935310725,-0.4322123125118767,0.11247707432496108,-0.34019492485679653,0.1273791474607649,-0.34547767883126285,0.0429446967344538,-0.09552088901506091,0.540253604086682,-0.34966570227363486,-0.11344024758845897,-0.4259235290984916,0.17735509801223284,-0.26059190542256483,-0.05388155982398789,-0.5970958861472986,0.30033741399084635,-0.17870307014203352,0.07577707333715163,-0.7021792923417393,0.9876058997003757,-0.1504315036487578,0.14464720597316164,-0.10636539966065256,0.14551385066287578,-0.17369819501078287,0.2313297257341412,-0.32346281024444795,0.11615062167580639,-0.756522920819935,0.6623852733038131,-0.5477850758629544,-0.10286541824031517,-0.46359278372911916,-0.05187322689506649,-0.3349778917196139,0.35307237231675714,-0.1673479526487308,Help
0.04432117681892581,0.030332910167609722,-0.33007865761565947,-0.4344632033124391,0.43984105118470346,-0.3909387134826481,0.12489563470137464,-0.3316525758187307,0.17138469417890292,-0.4177737399410077,0.07519984975831698,-0.1453090157966261,0.5702632667323007,-0.41861517227037015,-0.1402808132669677,-0.514442288652738,0.12342644425621004,-0.2529687221099144,-0.050078322256011366,-0.5302202819985595,0.34928236495371856,-0.10167016928003009,0.07492229723101865,-0.6707739981975315,1.0240010824785752,-0.20772073540085928,0.10263371013751628,-0.16273727884080488,0.1381091759966196,-0.09556252837177336,0.2911740622048389,-0.2866387184271108,0.1852177798866839,-0.6967122543335528,0.6518214150187627,-0.5678386633256367,-0.1461069696229661,-0.49933915578543553,-0.03967954769901658,-0.42883178707348196,0.41604421836543043,-0.08458872782282842,Help
-0.04208787217239333,0.03875146822563718,-0.3397588974086402,-0.4530552474460309,0.4738861944871857,-0.41233861982726483,0.13728171266798073,-0.3794540104570261,0.1240729973399484,-0.3863387623592488,0.0636092337209383,-0.11891402542284446,0.5285338359882636,-0.41076536840369116,-0.054780374405049,-0.5086521965278437,0.1355645937309933,-0.23667858323023944,-0.031203860618886352,-0.596266246851562,0.397025572578805,-0.16288924923471323,0.0525963891059458,-0.6815992706526908,1.033901591200006,-0.23928321431562824,0.15556103200482344,-0.10612193576084787,0.18465004049524117,-0.20624070793863944,0.22895720785365098,-0.34535153253345446,0.22326848805598587,-0.7234095374770825,0.690405231900315,-0.637387472304646,-0.15295222434928604,-0.43753038076174067,0.02718263254183828,-0.3831013436195494,0.38040075214764296,-0.13071666360803208,Help
0.03327623947760192,-0.018306620776135617,-0.34765189365901633,-0.43088842682011846,0.5450924000927571,-0.41894544129242994,0.0883701716168061,-0.32610053552523416,0.1294328290527026,-0.35595515505293224,0.056228412084153544,-0.14512203043642974,0.59299197497886,-0.3775602049580556,-0.07509316085223888,-0.5119951341175747,0.17929045662096205,-0.24826053643787765,0.006941958249847578,-0.5190017849706793,0.3358722066114745,-0.19785341482241137,0.117322329337417,-0.6697147081992295,0.9637449768820066,-0.17669459037205754,0.10194865006863155,-0.13707950859052537,0.13665182774467713,-0.17580572332064753,0.2548427469306371,-0.32039281706669537,0.18654071087982124,-0.6941805759362242,0.6647606707238555,-0.5952919860215677,-0.10707635575098548,-0.4287180977267634,-0.06655533640680264,-0.40821728761586135,0.37904966151399533,-0.14653268157989946,Help
-0.004674272465457197,-0.009700610083161462,-0.39420839869561786,-0.4207549307337534,0.4763892680834764,-0.3947794139472738,0.1266432010432561,-0.34800713865644783,0.09614951843896029,-0.40770318843832376,0.12733211444064071,-0.14630471538014347,0.529032457068544,-0.3888564620593108,-0.10503584110328194,-0.48051923666741475,0.15351323819354165,-0.24702484818573198,-0.025057810608971744,-0.5631731699518064,0.33744297477587126,-0.12065391446459262,0.06326646602172659,-0.6868607458192408,1.0140429191700202,-0.16005004372549397,0.19479954975111174,-0.221427007649044,0.2079417555681334,-0.15113328719746968,0.2209395415098726,-0.34401037088619285,0.21487802301952996,-0.7381042298191627,0.6788825508480263,-0.5681857972213088,-0.14177126013737903,-0.42731493087454664,-0.006929177815087248,-0.40905152797125116,0.345331820307838,-0.14311038953112112,Help
0.024049191507110757,0.01931202003576329,-0.39414282878925355,-0.386396910350994,0.460516027130139,-0.4432388021033323,0.10382754357774779,-0.3089015487823036,0.14671799267397406,-0.3658078814619561,0.03690783371165227,-0.12410312855569952,0.5478547542822993,-0.4364195957101037,-0.1263048797462913,-0.502612291285055,0.126262516525962,-0.27933503783184566,-0.014582916791606209,-0.553523873727338,0.32081782878692955,-0.17965770399325273,0.11123796749246284,-0.7115337076503132,0.9895458723415929,-0.20352692716227225,0.1483698353013573,-0.1550118083564455,0.13968048239681513,-0.1693791758841397,0.28323097291186594,-0.2987129516213981,0.17944395138913607,-0.7119790259280935,0.731945668835388,-0.5602786790452633,-0.12815921033909097,-0.4416158636277759,0.012738254739258475,-0.41549869670633444,0.40433821882081,-0.12903005256270764,Help
0.015531622920812173,-0.007702014104401599,-0.3871951910410556,-0.36210216197841494,0.47819210199853,-0.4072617604607451,0.11243773867277045,-0.3367999659483374,0.09611442230814941,-0.38270687206696763,0.030868036002202264,-0.08705185533400114,0.5180123300664787,-0.45703950686747047,-0.17487449627743698,-0.5402566114845334,0.20764089636495026,-0.25369539232039684,-0.011860647931981572,-0.5377145971119279,0.33176620007450064,-0.15455831976665305,0.09526826561933055,-0.6820144537805545,1.0239710125016432,-0.1702659561613624,0.12874756831777642,-0.1836541213307548,0.15896423587942335,-0.1326542479010136,0.235357584854104,-0.37551219233014715,0.1929377118205946,-0.7161444753357757,0.6744427333545969,-0.537631990376424,-0.0822485490835686,-0.422236043472135,-0.05821093064053984,-0.40016645772122156,0.39303779935700345,-0.17419028266509237,Help
0.06422910888991061,0.0004324968790664593,-0.36683499511737877,-0.4259613026932039,0.5004963531184058,-0.4296737623591962,0.17978862838220844,-0.3030700907903153,0.15656806946564422,-0.40747359741445455,0.05557139633311652,-0.07613767253178645,0.5623843690872077,-0.4344297442737421,-0.13536447204951202,-0.5097032915844416,0.1486916152448487,-0.20831822523360916,-0.08452851470089534,-0.5341316547358027,0.2913115812748775,-0.18115242549064584,0.003640471718724815,-0.7028659641446996,1.0273200376699172,-0.18094612724611503,0.11133061011223436,-0.13822567038327732,0.2177273079801123,-0.16605929412836248,0.30855158818704825,-0.32691108468741975,0.20382394580556765,-0.7373308233595894,0.6844276325459823,-0.5878226691651045,-0.0940458031813036,-0.4435839286754321,-0.012115262583589982,-0.40967342781141125,0.30729245328166344,-0.1091099144178864,Help
-0.04507166945068552,0.0032155939434724825,-0.35831038303019214,-0.3961650564285729,0.47710184820718676,-0.38679736390513003,0.12897086280271958,-0.3205416854573161,0.17904241629126075,-0.3587349026958141,0.05133046356991505,-0.1396121334327094,0.5576695968234555,-0.38434497804051176,-0.12163075491870118,-0.47980683231874083,0.15801926447302667,-0.23405181074225068,0.00047994888469465175,-0.5268503929236533,0.3336160123069701,-0.18351392541562536,0.045575081145531715,-0.6685396114933918,1.0554624572959477,-0.19911247766602083,0.16095658687385145,-0.1854216773390388,0.15156916874557871,-0.18947016446685594,0.18503495414139043,-0.3109549565389257,0.11644046299935161,-0.7211443090566196,0.6302618411168404,-0.6208578139541054,-0.06834499346927436,-0.4170143504002504,-0.0449201138898106,-0.4028530967798578,0.3487419796673818,-0.14036542163760432,Help
0.0051867505436307745,0.05686724319685679,-0.4257894698935945,-0.40700631634720313,0.4761271896390986,-0.3665372523320258,0.12548639425451652,-0.3248797636864273,0.13739176169018535,-0.39372046099926644,0.08574696311417439,-0.08845511733373652,0.5720571008582177,-0.36644496601951393,-0.10333140637069357,-0.45171543532073716,0.17812393743310614,-0.26075334794565663,-0.027096237850698594,-0.5545245419696513,0.31449894286001473,-0.10335821541600719,0.07282133368989636,-0.6835521769349464,0.9936463157715338,-0.09949521901794398,0.11332973086421747,-0.19409125596614496,0.13937104954964183,-0.17615866571259964,0.25487466674229137,-0.3655176839763905,0.1671525666422369,-0.7089573161457567,0.6505424432324511,-0.5850211326777541,-0.07621364285915627,-0.402735446007168,0.010472171300596488,-0.3525900304597609,0.3801912610842055,-0.14381828225653093,Help
-0.023167592126495867,-0.011735344909071629,-0.38401101289397016,-0.3840117771058372,0.49599769705296015,-0.3740309722821002,0.08003174502616017,-0.2996381454026433,0.11422976496453,-0.3987612265030001,0.03623246527472962,-0.03789728469458134,0.5329597011117284,-0.4141193652788566,-0.12162479980914265,-0.5006038189472056,0.14335046830546927,-0.24988519780873447,0.005369726709752255,-0.5443805494612066,0.2967457235557315,-0.16264525801512505,0.04738665072173744,-0.6848061471628896,1.0219116382706104,-0.19335733840068486,0.14463681045609553,-0.11541075605007381,0.20707435982320152,-0.151958250096339,0.30625306190152385,-0.3368636707823378,0.12374855632746434,-0.6882494894081899,0.6178454242637825,-0.5807662464357658,-0.16105298048531158,-0.43705202241318974,-0.026871765002655715,-0.4082711560219151,0.3612408563649084,-0.10808219986442133,Help
-0.0214185873647866,0.016354226385316226,-0.3972699361018823,-0.41164693419622844,0.4953093984049578,-0.42482956066208605,0.07549023772184402,-0.32783428541250903,0.16073158808995203,-0.3681326778253814,0.03568961102268287,-0.10774000284155498,0.5462556046694369,-0.3970793949133913,-0.1917090123996638,-0.5282183361792409,0.14143784711640128,-0.24965556144957152,-0.021321784027529662,-0.5347238142650468,0.33780813499904416,-0.1913369329787339,0.10734261125233813,-0.6482367821072627,0.944252169422933,-0.1789096956888329,0.12941872496491677,-0.16457418093864024,0.21238748846230784,-0.1052775605699063,0.27004744459674884,-0.3427099663728541,0.1731497355375411,-0.7077654160142655,0.7063988347771915,-0.5956676701960268,-0.1362240528018639,-0.471637056066691,-0.0005667930920520599,-0.3777489390361303,0.3523291710827755,-0.10827862770401897,Help
-0.012653305931628913,-0.004039322754743856,-0.3688003709126016,-0.41649052916860724,0.4926701723876214,-0.3603882537855392,0.08056739376561203,-0.3279350257756554,0.1322039361979261,-0.36114781235441906,0.07556433531560672,-0.11093134171569183,0.5589980849636466,-0.38289053224759445,-0.13099261540167056,-0.487169703619848,0.15927112206318794,-0.25816204369651524,-0.03655996243054761,-0.5396768168026612,0.3325300237932787,-0.1404785598376136,0.06340695183791388,-0.7345179615840434,0.982939140606732,-0.18698471586535387,0.15455933463681107,-0.18655197642522894,0.14492408857308636,-0.15044248921270673,0.2393009167464455,-0.34642068699560835,0.17490056819014113,-0.7134113169178086,0.6521271175392678,-0.6233689151678541,-0.09542872343837468,-0.4411399627479758,-0.011039684687515263,-0.37285377614790016,0.3541020348125519,-0.17517562050642743,Help
0.07278256841559158,-0.015833156278362782,-0.34959793215562857,-0.3477780404173609,0.5092914528207511,-0.4039469924283558,0.11282835908311138,-0.3675688465220411,0.15349006891846512,-0.3487726059989996,0.033976223671531705,-0.14367550868515994,0.5049541949765647,-0.3747710510206028,-0.11225046552158555,-0.4896956713542794,0.14210629150363618,-0.29808668340405053,0.0019802867051513205,-0.5525480578156509,0.35729772232445967,-0.16389287466258073,0.05682793743368058,-0.6649953859113147,1.0039685305132566,-0.16496388583947977,0.13842541892912638,-0.15030368348513065,0.21406116403735329,-0.1723238489099811,0.23210446252924896,-0.31127558032665525,0.1637109985802508,-0.6943451672311663,0.6638530086617462,-0.6495733759877761,-0.075782851237077,-0.5057819689876132,-0.07548207111708785,-0.36934768042054233,0.38751855224098786,-0.15818644721156397,Help
0.0044346627090973475,-0.07594290137334014,-0.34709118297954533,-0.3984701822928567,0.4842249348151204,-0.3943084636993961,0.12963947599495568,-0.3434576756348115,0.07081751102779626,-0.2998707602050846,0.08543302280223752,-0.15095860433085143,0.5342370901921778,-0.41144749683941007,-0.08349617239498347,-0.560923275503855,0.15182450234661324,-0.3070006836050435,-0.035450986011047805,-0.567984255718115,0.3324715045442124,-0.17046111283738932,0.04140177098307061,-0.6678046304570392,0.9956382703520182,-0.17234890423671112,0.14197445380748197,-0.18589225808141238,0.1772226056124286,-0.15414582645748148,0.18220572241331512,-0.33973465051503243,0.19261851620683396,-0.7113649349620289,0.6611262753211918,-0.6713099890712116,-0.12283627115444658,-0.36936319876887097,-0.015571190247310412,-0.39438627796520404,0.37221360214834776,-0.12841586541639763,Help
0.01976460734068393,-0.006866404894738254,-0.3555528588418528,-0.3556624228216238,0.5157817443981157,-0.32472470168781986,0.09513873995861323,-0.2923049447048152,0.10331896691205503,-0.35515374283854634,0.07138329409652698,-0.12773358022934075,0.5472301354307038,-0.3770526380611736,-0.1371697863396096,-0.44606370365783254,0.12525685153768645,-0.19599084702306685,0.003141663507790108,-0.5565009962154012,0.31800063618562907,-0.1675257287508445,0.059858603517075885,-0.6878492070563984,1.0196548755227783,-0.12983123150852088,0.1532628541418275,-0.19410895525433883,0.16441639885396592,-0.1746734120978736,0.2166054502835673,-0.38692625048937956,0.24625818695798082,-0.7041510563662131,0.6406116839669317,-0.5698283003825079,-0.14499105700563977,-0.4559267215373238,-0.04004950114628693,-0.3355321843790115,0.3641200143072932,-0.2123102610823125,Help
0.03630197799526779,-0.009191440924870724,-0.4237826870900155,-0.41546245154336686,0.5012243373132814,-0.38281223316754015,0.16879430008410928,-0.3681736658069736,0.12844077971768203,-0.3867478055981129,0.0031432113937673103,-0.08584444330302794,0.5584892941809011,-0.3958561176437633,-0.10305795359249303,-0.5167093930249146,0.1366238976599611,-0.2530521691398376,0.007938221536150765,-0.5055669148619615,0.353943663726954,-0.15143964806407093,0.07202599060678441,-0.6860465154301725,0.951219787932758,-0.18815143317374208,0.10723665199455246,-0.17246241739774787,0.2298713333909413,-0.1444949118760345,0.21981553791537467,-0.35373088051542667,0.1583130812341479,-0.715104875189917,0.6968389124730789,-0.5747361693439421,-0.03511635083907433,-0.38727203802596505,-0.009838217682028838,-0.3648530835809637,0.3656331210551443,-0.17288417888783278,Help
0.03917329734862562,0.030269744307949438,-0.37553207335148225,-0.39774387479652445,0.5228223960366785,-0.36954316537734866,0.07094881317167376,-0.3352820292851809,0.12201023034508195,-0.3323707062665998,0.08034028038286384,-0.07285202962686524,0.5110543769448692,-0.427889817156416,-0.08243918630618921,-0.5138945819045353,0.12115176085207768,-0.2382036956764964,-0.043314673744176836,-0.5001155058163158,0.33896621914238495,-0.14750710226786384,0.05285515597631362,-0.6386692711921245,0.9927547219204355,-0.20114584006474456,0.12345894532404385,-0.17094429225158322,0.15145877495840757,-0.13831436530916674,0.19325885182174354,-0.3557434292761503,0.20164837693942805,-0.702965879541311,0.644087188786872,-0.5745186462920429,-0.13622185491301161,-0.4237178997960965,0.0035970180450510883,-0.3712801994201691,0.3514552459380603,-0.10313421597830699,Help
0.0026008371445660214,0.022289862328174544,-0.3224274167134659,-0.37243633044122637,0.5191981026050656,-0.38915331026804506,0.13865990433648,-0.3361827326929462,0.09075944207638047,-0.35667841346560897,0.05709982773153796,-0.09489838362655201,0.5407512978500736,-0.4272101378376444,-0.09616647689499555,-0.5355433760618293,0.21055932435520097,-0.26112413214106817,-0.019532275374512607,-0.5370524843271207,0.3478013238680568,-0.19458440986566586,0.08865507014111423,-0.6772997163586455,0.9629402465869825,-0.21138086304843579,0.1372598640605019,-0.20770235121297145,0.2324562018026625,-0.12459614880523473,0.26106011947174873,-0.3582599609164209,0.17743113094866816,-0.6904874909593817,0.7183404849624005,-0.6114383096811415,-0.14316825454013413,-0.37661713689333404,-0.06957238674189312,-0.4154235070525419,0.3643006795053188,-0.18587205550938882,Help
0.033364471884197944,0.025707158115153,-0.3855442437301228,-0.3675735233291321,0.5290729932672491,-0.39832882761223115,0.1013218053821245,-0.2748025690976013,0.14867403077225752,-0.35807098765169465,0.09031537661857236,-0.10335234542211595,0.5294225895288998,-0.40196167832010227,-0.08470203077066031,-0.5559107744347384,0.15815382809633027,-0.21268986834747022,-0.042254172569003184,-0.5074259721126255,0.37252299710352543,-0.15428075433178234,0.04687629357811631,-0.6950150974344227,1.0619365228837838,-0.13265812111206107,0.1510431856764094,-0.18698470716326898,0.18429941114048962,-0.16186588076103212,0.21020835131418994,-0.3491567703497004,0.2230165003311419,-0.7672101625810949,0.6904031969314595,-0.5530824683915959,-0.12645739361426545,-0.3722210873554605,-0.03666834098780994,-0.3719351029491504,0.36250323574073545,-0.148268942190116,Help
-0.018518972092741365,0.020957264425860593,-0.3428362831817198,-0.40789461289178025,0.44479517400496604,-0.3828386031644975,0.12750228149148554,-0.3490920802714685,0.18305611472515712,-0.4126786051877799,-0.01710951308822304,-0.1343353114631367,0.565903943129219,-0.4360418102577441,-0.14529078694603462,-0.4676145673589173,0.1806711879634394,-0.2428697630160664,-0.0034552529522318097,-0.5665650175237543,0.3187111603009853,-0.12802150269027107,0.02358586930135035,-0.7506759266018901,0.9689995629149052,-0.16096465584808764,0.15494824749181135,-0.14302135549096623,0.12029935076035678,-0.1597157843098303,0.2671250485817419,-0.39208193110447875,0.20920609830318637,-0.7165750290397744,0.7577457790255221,-0.6596434895601413,-0.06856724223119187,-0.4348711029969744,-0.06447278054756089,-0.40097623711191227,0.38003079352076835,-0.1079350513882866,Help
0.05165892864396526,0.042656792661130274,-0.3972619075347982,-0.37205700613648107,0.4973327691287605,-0.4145717987913989,0.1084845329048403,-0.3638859097132174,0.12815194636782654,-0.38765046370958384,0.018569176022860828,-0.09803669063872343,0.5634531235542646,-0.4099943811374772,-0.0748321202721732,-0.5039581250391153,0.15771151392574076,-0.23436692083454747,-0.030870888084497755,-0.5512652970547836,0.2544675284041591,-0.15181365932497456,0.00911659460064853,-0.7230228483398997,0.9419384119610756,-0.22016834912607317,0.13081584073323965,-0.18333487908102125,0.20071643620076549,-0.16250905413549413,0.190476880577931,-0.34905916929975395,0.19289202798429284,-0.7230864576321895,0.663779098670141,-0.5886171037313276,-0.086702685332367,-0.4702927597250742,-0.023287740273549053,-0.3399174998632306,0.41420625552958307,-0.11353094364196449,Help
0.01610474051867028,0.04963904245206265,-0.3107650068654634,-0.40983434654587014,0.45651124711648466,-0.4030424776922641,0.2077427161223263,-0.3896713202116315,0.11292300192385035,-0.4081414618155392,0.05315191410570556,-0.1484909953390526,0.5413286764214669,-0.4628693259352916,-0.09733303943771285,-0.4594748497502227,0.15527644161760315,-0.25823549051718947,-0.03180033745813702,-0.5483819086688171,0.3289355949137382,-0.129271372294193,0.10092364672831469,-0.7108164678846991,0.9727182333405119,-0.16184227105231605,0.10463138508043629,-0.22786173907002377,0.18757765866000609,-0.1542902962274203,0.2258401078038628,-0.36891754004977184,0.16053860093456304,-0.7392372193249337,0.68641055259548,-0.6297413621031684,-0.11760635910443486,-0.45020644512663777,-0.05961689839139605,-0.3590622375625594,0.3561116596154382,-0.13340584906261518,Help
-0.0452422763940303,-0.022258183612694275,-0.34561781049281315,-0.3283438032291053,0.42630773848342496,-0.400966942022212,0.1272102686534697,-0.36107363452705415,0.15252483571955658,-0.3917627073605696,0.05402442802588324,-0.12807242160715737,0.5811741395951187,-0.424657406225797,-0.12641787327884785,-0.4677745363193473,0.135953590506721,-0.2521190886020112,-0.0815741508467957,-0.5864472326844401,0.34154462079945513,-0.18203580615320078,0.047595284770072584,-0.6716017391484955,0.9646225038893329,-0.16420559232356766,0.15375134014678918,-0.1556696072569216,0.2180171480352077,-0.1595859966811131,0.29367453215655087,-0.3242201399350235,0.1676407976917563,-0.6744350198939626,0.6735216586044304,-0.6061667987530543,-0.10128910240180791,-0.3896765553694843,-0.002306876287092927,-0.3304957978284206,0.40430233301760904,-0.12336425047317302,Help
-0.03078204248223473,-0.0053919754203036255,-0.3661505227211378,-0.3850630018679322,0.5047142116533001,-0.38984749585698064,0.11845234817047985,-0.32097692307759357,0.10128158934083328,-0.31489525266326457,-0.012006008335520138,-0.06874798000704571,0.5432356412537206,-0.374289076706581,-0.10494644636147399,-0.48576417511693787,0.18342238456030255,-0.22990996163228503,-0.03676304533381485,-0.5227652550097808,0.29754656381536754,-0.15247479806689757,0.08901157045295463,-0.6565438038214569,0.9958217535715829,-0.20069262765873044,0.17418268987326835,-0.1888210877882193,0.23333045228551905,-0.17172081548452497,0.20132034261629175,-0.38739851246665474,0.18465367969317764,-0.709034704004819,0.724695378525875,-0.625481387621666,-0.10845680728231648,-0.45482900231365386,-0.030737874710761684,-0.33464842190288235,0.33761632958596466,-0.12144777875320288,Help
0.011787220770431747,-0.0007251427907462589,-0.3527173482179112,-0.44076255836276323,0.535283895649241,-0.3371883433098236,0.11625499164194412,-0.26989744601146903,0.11506833816323525,-0.35374776742507186,0.0923656701326194,-0.12618039827889388,0.5031447353400923,-0.4527179831032945,-0.0540368624731726,-0.5120159469634252,0.16122264737695194,-0.28756451265455,0.001552057843677998,-0.5772560247023054,0.31534279169289137,-0.143329268284629,0.03201109490741916,-0.6917517992953605,1.0240643758088388,-0.1760432225945525,0.151197725295058,-0.16229415933074073,0.16911412719375482,-0.10929611896688729,0.22314439952644854,-0.3452302235672403,0.18679513757707422,-0.6829665869306066,0.6987008961411513,-0.5952869716278514,-0.10092067846804291,-0.4131903174837737,-0.08412247878147779,-0.43283727087929574,0.35355450555898527,-0.15590701176654395,Help
-0.03597847265892397,0.022487477141208898,-0.36823689428313916,-0.41240278332606967,0.4479095621799127,-0.3962700540908729,0.03604130802920637,-0.3474793192540509,0.12893468617396556,-0.3585032777111153,0.0024859453150056013,-0.10566576237146234,0.5133482690105392,-0.42874056610349887,-0.09432371781557242,-0.4357217957434696,0.16833551304358732,-0.27869445406412535,-0.021238007110897697,-0.5256383542005935,0.3487106094989131,-0.07002149469320144,0.04247234565194633,-0.6788273868123547,1.0284656267262868,-0.1443060774095024,0.08877911872647584,-0.16884082921585614,0.2253238030485127,-0.08246139884756093,0.2686229899549951,-0.3625939072370527,0.15306827601366832,-0.6466671614186752,0.6874679255713149,-0.6197684152998018,-0.11573536425144783,-0.4137407645963311,0.00035597050228395113,-0.4121561425313362,0.3532807037368796,-0.18864708834642668,Help
0.031192868688143454,-0.010248554003109483,-0.35431079743816457,-0.3632941916471748,0.49219032468635265,-0.3983228224420013,0.12065949501568275,-0.34069482181436883,0.1644241260460712,-0.3564355753145966,0.03307696763201662,-0.08097479276551409,0.581505737797226,-0.4445163899393427,-0.0698781428472092,-0.4852038542480074,0.17529284878390486,-0.22398285135702295,-0.04390741226632602,-0.5251842934998401,0.31877741843059537,-0.19656340125842395,0.033999784351578306,-0.6693836762228369,0.953634037923901,-0.1405885708243689,0.18295996012539653,-0.12873692563366773,0.18453153746337408,-0.16144484004068627,0.21169775781514225,-0.3216845031214335,0.19473937423790258,-0.6962102933858328,0.7162550323209285,-0.6125052970116646,-0.11342491975775394,-0.41324623245492714,-0.04402129127812078,-0.39079554744326767,0.38649491059465346,-0.14882168961642284,Help
0.039269682291873366,-0.04532773685450982,-0.33461730970666304,-0.38612638265998445,0.46852936278843654,-0.4226659652104292,0.05243337219189117,-0.3664458803022907,0.15845447575982277,-0.3674432990291205,0.08429842463113923,-0.13100639659094315,0.5658043919096724,-0.4258914291972615,-0.14482890957654754,-0.4993590239593822,0.146845754939907,-0.3004662547760347,-0.03236756155770745,-0.5506161664326291,0.36813144086761307,-0.12421071055312201,0.10053076870177127,-0.6647836062581284,0.9919764708922401,-0.22575920171421515,0.1517776224602655,-0.15083628729473225,0.2245113185541648,-0.14859203230758064,0.2847206164806332,-0.38251794516711535,0.17355184180234717,-0.7003489407347626,0.7004342586996188,-0.5986832668684069,-0.112114052035909,-0.4024321509211028,-0.04973435392871331,-0.33694544631025963,0.3453323334874138,-0.19661673418201697,Help
0.00030201025567741795,0.05095376107126695,-0.350706853003655,-0.3834292306143556,0.48683579328434773,-0.3995050330816646,0.06849456962137127,-0.41037221766700127,0.13292734626295877,-0.3263842514105535,0.05973300936422596,-0.09370227866064619,0.5921027334756617,-0.3945034655914971,-0.11954131239948095,-0.5207009516137638,0.22746112716866948,-0.23838515693030798,-0.055206172013777574,-0.5889442589596049,0.3676725943305984,-0.18343813175936358,0.11954749744985296,-0.769088215122655,1.02467594405744,-0.17428401018519946,0.15083928921391349,-0.1740038536659096,0.2375100755308726,-0.14796892280749896,0.22041300517560702,-0.40312530710702466,0.18866328698120927,-0.7132615961507232,0.6200096368560768,-0.5959882132577093,-0.1268587122536604,-0.42276765805199135,0.005819479235092476,-0.34038928438104143,0.398973087371723,-0.16070227397014406,Help
0.011067453864875832,0.0018932136447607194,-0.40826431555259035,-0.3940149633636964,0.5412943905526657,-0.3939609100379191,0.06701637031740271,-0.3416825697966171,0.09062781014053536,-0.33985256203417163,0.06515494797113786,-0.11753756607644888,0.5346562791308008,-0.41073350018319527,-0.11561342455998275,-0.5193122580845082,0.1251621578494638,-0.22002062190407895,-0.0384601498311064,-0.5487979358004935,0.3386391410577559,-0.14265426647745738,0.02871793281183361,-0.7366695361464891,0.964337312382981,-0.17701950854754978,0.12544296049797787,-0.1793877412256337,0.24460710248553877,-0.22454340510367113,0.2248580935651556,-0.29465988636894036,0.1820064104269333,-0.734409017109568,0.7006687454876757,-0.5926694943988059,-0.12008992511275457,-0.4172752922900668,-0.03570149339584257,-0.41569231469160484,0.36829850845160195,-0.1693889602775181,Help
0.00032079935389440925,0.010632197024230166,-0.342708633232115,-0.37212419733895974,0.47342212536616674,-0.37995126992535716,0.12961755409535541,-0.3327560684553961,0.11265539378121911,-0.39660276161468355,0.06446905489138079,-0.1636161413379981,0.5365560241294262,-0.4809754016041868,-0.15595373209100027,-0.5224592255976847,0.19969647650838543,-0.23353834957279032,-0.04351616105146493,-0.5319281350716754,0.35670937142414294,-0.15713482631835546,0.02240112839837563,-0.692631700511917,0.9790613159685767,-0.22586448624496516,0.15829286031010628,-0.16034574498558604,0.19413946106987734,-0.16081299564451174,0.26940440449592007,-0.3569378492623491,0.18939792380791862,-0.7251616706719667,0.6480707015086835,-0.554178918570377,-0.1709537343072293,-0.3967435604265643,-0.0345744553777294,-0.40766872813425614,0.37955374080260657,-0.18374733984576797,Help
-0.02448069215838609,-0.02547418939538976,-0.37494239465921614,-0.43008607754928524,0.5336277809843124,-0.3410232126685906,0.05418204502672283,-0.3262609487869036,0.1527990792820601,-0.3494711711690271,0.029665593426633163,-0.11973313133696284,0.5221429674631446,-0.4169743920694937,-0.15216061025026764,-0.49958887209329844,0.12171069894035481,-0.2601856269317625,-0.06435557120919058,-0.5476047380718257,0.30969809569444434,-0.1435974704308777,0.09637989457572979,-0.6387109231267925,0.9061579504531261,-0.21391667733627187,0.13818887420884685,-0.1549302660632122,0.13127754494841584,-0.19864346076354153,0.25141982952218384,-0.3490113611803582,0.1946729227793928,-0.6999191903379572,0.6757635109708179,-0.5885167479942945,-0.10796848006164336,-0.4031034674094613,-0.08313790911128634,-0.33883757819582544,0.30557195475423465,-0.17143390598237265,Help
-0.006802823899504342,0.020178386732695272,-0.4581584536376518,-0.4068056766227196,0.5093660715976063,-0.3650981646826749,0.09392196095424096,-0.35161568853852665,0.10855473224295403,-0.37754096684654276,0.01845420169753095,-0.13908782934633412,0.5576225147673265,-0.4004180099365466,-0.10111406416253815,-0.4897247757532368,0.18792490831393477,-0.22783517036026854,-0.07914961913218077,-0.5794385184379987,0.32313940379802986,-0.15299520663173405,0.04382975551024533,-0.6590336210802845,1.0413965391724587,-0.18330599585260637,0.1498116874881536,-0.14325641296152675,0.12481298741694864,-0.16832662034638274,0.27688018820649607,-0.37085262834219157,0.14654755318973106,-0.7188036304475941,0.6637851149812845,-0.6215859759507031,-0.046755834979905875,-0.43740725153143056,-0.05056800965715664,-0.38797622237708085,0.3989422354117791,-0.13853662400529096,Help
0.014567817601320069,-0.026145317829994717,-0.3236697935215579,-0.3891106160669113,0.5170252674814626,-0.38397888918927414,0.13958837184102824,-0.36878220672019246,0.11229686360904599,-0.32536630937407934,0.09620125663790291,-0.1468222324637789,0.5520832891423898,-0.41729478514928564,-0.1367726034711982,-0.4876000165835984,0.20102363825046915,-0.24063171610639256,-0.0364834940337687,-0.5383633935275131,0.319281397315304,-0.13995145184519575,0.10582644373845833,-0.7487091209889585,1.0059156570799417,-0.23506250216717245,0.1841312878385411,-0.18785086891084252,0.1442580387448572,-0.14832261174687264,0.2584342153367429,-0.3815336155150079,0.1457543778717382,-0.7188539067693391,0.6294830694722061,-0.6261705966809481,-0.10617204954879139,-0.45202250912884506,-0.003162050413563296,-0.3404632749284582,0.3672497538336269,-0.13515451961567035,Help
0.0605429019850646,-0.03562803352132041,-0.33256339105824106,-0.37383621896709013,0.5112237405903478,-0.3561812726415503,0.12325909968792328,-0.3600785147978537,0.1598763748463499,-0.33177546088937343,0.08256841526418263,-0.11107520200262949,0.5231053716980757,-0.3986256035113805,-0.0875947588632173,-0.46541465374846297,0.15390446646726907,-0.2447204034210967,-0.06616146967077632,-0.5242607258353923,0.30658141982097914,-0.1287572200799674,0.029453335403081482,-0.6554518540169134,0.9916531438244239,-0.21233158538856678,0.168022147954623,-0.18645095136881662,0.20327483119640558,-0.1774040328209567,0.19587769967358068,-0.38103049564058633,0.1704319293261715,-0.6721837914321434,0.6926399868932188,-0.545610565123575,-0.06003161678053865,-0.4390888842389196,-0.021612834907124463,-0.3975059805348786,0.35156109812161207,-0.19430389275533164,Help
-0.0004424315405052723,-0.038566967811333314,-0.3693256033596931,-0.3424888226175751,0.47031386752521304,-0.3890904879946872,0.14204130228344322,-0.33418189117089847,0.13581370174800175,-0.37663280025140267,0.04245265896754702,-0.14121058013784143,0.5699725573731577,-0.4566112208331517,-0.08672900923878629,-0.5382561589866192,0.1956729685018065,-0.26479611609128384,-0.06385418118019007,-0.5364302695731787,0.3579437085750043,-0.1654572403102199,0.08555078918515432,-0.7549468660500142,0.9423801994313428,-0.15011858660599653,0.14057137829626978,-0.22460650040812213,0.15982219465979192,-0.19688270273528746,0.24253026149828283,-0.3626805379403876,0.18871232245493483,-0.7153134436929779,0.7063978556284526,-0.5815899495016492,-0.09591052492562681,-0.3880916463843565,-0.027621291627247035,-0.42302390610571705,0.40791552601961184,-0.13498379903199453,Help
0.004180536236967853,-0.01899989764590709,-0.38680610690677064,-0.3805602767413393,0.5151338943592626,-0.3714190059911295,0.13863069887252896,-0.3255197438120829,0.13098485801207757,-0.3710221177703897,0.0857187137176306,-0.1236218905869196,0.5556905835228979,-0.42848686107335626,-0.13564063049576588,-0.5032298444799788,0.142676598977692,-0.23024603554056938,-0.06733914808254854,-0.5508323402241356,0.33405592542799645,-0.20663886821670424,0.05070175810907807,-0.6787233450684894,0.9948599279225628,-0.19502007077806335,0.1675881026566287,-0.17201958833173792,0.18119776743530341,-0.16163107248993844,0.27531910230449563,-0.37182954849862415,0.16873971441124108,-0.7332963568964771,0.6556397464930841,-0.5515393797508463,-0.09245891368153973,-0.4569790524562574,-0.03397163808201982,-0.3739845660766704,0.34451118285266125,-0.16081925269968061,Help
0.04034878998522446,-0.0184012688541956,-0.3396604424327817,-0.36830225121853644,0.46359035768006535,-0.42163258486024346,0.10655788811472977,-0.37524946155008443,0.13067019246481515,-0.37193028459636185,0.060226398695973044,-0.07050196078522196,0.569115756529585,-0.38968927787235813,-0.1748431117792899,-0.4828439279811907,0.21847358010064338,-0.3444972657943239,-0.006216644246928894,-0.5585899861682617,0.3045868324320427,-0.12828102334975522,0.11522364974300625,-0.663137409344801,0.970862329585895,-0.21719494925230307,0.15162028553589357,-0.14254502184320905,0.1691765892860399,-0.17789217830905896,0.3321691209376225,-0.3191984500473664,0.21784823093859898,-0.757038039326365,0.6443900175985382,-0.5920859583096121,-0.13967479999798887,-0.37503444113451334,0.02635114008335978,-0.4011739429264841,0.42522397447886895,-0.13918661437683616,Help
0.07768169152167147,0.004340583915751093,-0.3510146644038107,-0.3639648436693778,0.5239232209093686,-0.3796117461794524,0.11060764112584964,-0.32716664893008207,0.10255365095344941,-0.3611967156748368,0.016129772244444153,-0.16583671367461564,0.5461040100306588,-0.3664981344145787,-0.08808752014237059,-0.49860257631603017,0.21920444122477178,-0.2712534320303156,-0.08443310039013835,-0.6192722677515967,0.29464495430485954,-0.12781613856924695,0.04488839222076474,-0.6725655719542146,1.0313865896312602,-0.22189376339739256,0.16163644847608394,-0.15257120843498503,0.15496604041885864,-0.12855436080218258,0.23887790177598628,-0.36307059785354845,0.2466927671393292,-0.6975464598735992,0.693364394467907,-0.5536796195475842,-0.1291548932452109,-0.3855517271895818,-0.03101505256428968,-0.4015062844851114,0.3635464171114003,-0.15772099652358654,Help
0.024664692979714884,0.008016319654351671,-0.3830371793521767,-0.38572679590981995,0.4773387472935439,-0.40477581927446954,0.11630236725621103,-0.32868681925988913,0.13873460559105547,-0.37665820270834516,0.07482233444256607,-0.11908208900459627,0.5249416724482139,-0.4484071205977494,-0.08636630496028172,-0.4957735051584417,0.17312092103482235,-0.2228075028339329,-0.041220307484132135,-0.5950412063797916,0.3321741035891876,-0.14307603430470495,0.05604700073997515,-0.6421822038676486,0.9074130910921001,-0.1552891553830649,0.17101606603313402,-0.1550369772836429,0.08071113358897884,-0.130664025061427,0.21671609012339402,-0.3667887677776598,0.17822659064308793,-0.7010069211050415,0.6847885192431186,-0.5675411908636604,-0.08516506795907891,-0.4154585439747984,-0.003480549342631858,-0.41789019427962987,0.3491756120760737,-0.11219524476499293,Help
0.025116284601860436,0.021713982493332628,-0.38373294976335914,-0.3786471829461537,0.45075688684072357,-0.36261291386766104,0.10701572667178802,-0.29206551773965667,0.08139591334776831,-0.3128586058632046,0.03856506834448015,-0.12379464215255892,0.5504363716760434,-0.42527883851874976,-0.11803152942932157,-0.5182739954023876,0.1457628443501313,-0.23957501179590124,-0.053945085395303134,-0.5768550559757323,0.28889694503033875,-0.167432801265954,0.103280533616504,-0.7117723404130227,0.9600490901681236,-0.18307319612561232,0.13615756350822145,-0.10189546761416719,0.17591234113276402,-0.1591241381730139,0.27582217698645023,-0.3238206724502727,0.1903429980335114,-0.7180632867451807,0.7263265340687197,-0.5973192157526673,-0.12289137639428882,-0.4424218297500127,-0.06776232519556226,-0.3605191102378476,0.3012643643676196,-0.1392307367023855,Help
-0.006145819028141551,0.06719895576694343,-0.4232499837750721,-0.43299504551399526,0.4815113266546848,-0.40085958828760426,0.09835551298486338,-0.3450202672119407,0.08925229424364062,-0.3550449408709121,-0.02023556204294335,-0.1131833451485243,0.5265805062785682,-0.3738778328520298,-0.06320232727125323,-0.5060767725067726,0.20851652815374982,-0.2636650787238307,-0.055881916230070355,-0.5014321199599993,0.34570397586475127,-0.15218172518881937,0.08454779697774578,-0.6781678801560286,0.9799215058854952,-0.22868389933929828,0.13916535440736927,-0.15004243791090252,0.17710503730244742,-0.14211091572562348,0.25901876415847425,-0.37790209796872043,0.1437692118518263,-0.7179448171425058,0.6498788245342044,-0.5842367532045887,-0.1311848030243163,-0.4415081298738385,0.01563386241348779,-0.38072149374612557,0.3506246043178256,-0.1385297972131873,Help
0.041367337290050474,0.008813600648241679,-0.3505119226309094,-0.42852898300028786,0.5163868017291723,-0.3253906403496152,0.09109782143377912,-0.37804744916103533,0.1323054434247873,-0.33949557574542794,0.04666730805787616,-0.14400645635348647,0.5413336822530638,-0.3864237029514052,-0.12807261419863414,-0.4779275569116143,0.20173607383670422,-0.24697467153180494,-0.027736553674546433,-0.5289289111687794,0.30439765769961413,-0.1809561758779015,0.05593530417691677,-0.7011507148543676,0.9578978288650265,-0.13397680027009515,0.212441252807036,-0.17935125188232415,0.18353974856550268,-0.17481597316144878,0.28073409064601523,-0.3123886415709568,0.13002645662610063,-0.6989491381426319,0.6264010377425075,-0.541578242756981,-0.09643323235512245,-0.4477468462520713,-0.023197870752495176,-0.39383690055294723,0.38745980456721885,-0.10780167334991356,Help
-0.0344462187591513,0.05516263502736341,-0.320129743679038,-0.4322216539321959,0.48777827424600356,-0.3436094518400998,0.1518294083094892,-0.35269292083131254,0.15146937054676907,-0.2758447784891861,0.052563797674920365,-0.13138971201540717,0.5497638026692174,-0.3969699082698093,-0.13159776156025532,-0.48289645540983545,0.12916271848768188,-0.27414760631517876,-0.004150777251553724,-0.6064553544718354,0.35717571028257433,-0.21267432183828489,0.011992735358496882,-0.7013636935016102,0.9906040034083213,-0.14913294642623673,0.14901013941699512,-0.17613670884193638,0.19817561751259585,-0.19530765317357307,0.25169156822286276,-0.387541396164819,0.1858220860930524,-0.7171245519200828,0.6414776403338596,-0.5893751883971071,-0.1048841836666451,-0.3877827397310181,-0.06412723120624321,-0.38744905003587377,0.34889854428954,-0.11296618972994914,Help
0.022617361955763988,0.01523639535205863,-0.3894154446557472,-0.3793978294162617,0.4396902925528343,-0.4469930292713124,0.076565720712107,-0.3435948742396828,0.14729410813938168,-0.455041701461046,0.0890912831757776,-0.10847689858685357,0.4975580366787822,-0.4013380620260414,-0.08308589694989978,-0.4781619769850742,0.1997669421561259,-0.2951689891868317,-0.03931827759034979,-0.5815499958412738,0.3816080886740606,-0.1331339955625149,0.14934276039351557,-0.7004226172124505,0.9602578617732717,-0.1931756536779129,0.18863217316488373,-0.17972369129591712,0.18452130801026004,-0.16627996747293047,0.24869401627853624,-0.37112996224003253,0.179225638549479,-0.7186325401851414,0.6653787381871026,-0.566020902948658,-0.056821832222699625,-0.44825940298128336,-0.027718037857991033,-0.4099179397571481,0.37731946239731257,-0.15520953520056718,Help
0.007193905012259661,0.033108807313343605,-0.44407539748780156,-0.39120855021644385,0.4717886089481979,-0.38112104012399756,0.08794776757665872,-0.30670280028066943,0.1544375946509414,-0.34871016278448097,0.07320576975368695,-0.1347788784873718,0.5260024944657967,-0.38179338511020444,-0.13889353367331073,-0.4527761560445193,0.15708701814107595,-0.23912475860909974,0.03607936504145505,-0.5749959295476101,0.33214353504807453,-0.12068938592799458,0.09247079439108227,-0.6962287905171144,0.9664961749980852,-0.19588493249640992,0.19071718950674815,-0.1771132763054551,0.18313165084755567,-0.18198428268723782,0.26867557038635015,-0.34689225729864853,0.15324135626404314,-0.7422941855656505,0.6056475109806768,-0.6192660497670077,-0.08582229915246924,-0.38333354396082414,0.004608521782155938,-0.36852861678574206,0.3679106347947849,-0.1158116148278183,Help
0.008588346692456528,0.054133469159613735,-0.37125380633896576,-0.3656717043923806,0.5118176428696701,-0.37287040957740447,0.05449711094531012,-0.31471494308344433,0.12321393674245827,-0.379078522073807,0.004921606984046603,-0.11257787849125209,0.5455977550110227,-0.44345652878917297,-0.16006006457706312,-0.4815466230404186,0.19294590421134822,-0.24847310300724573,0.007626918954333234,-0.5564007784561128,0.32845014429072494,-0.17982572172933753,0.017125213398174813,-0.6307544671941461,1.0159370596312332,-0.23066623153421273,0.15195401375714568,-0.1717414899477667,0.1725684058781604,-0.18145122399398322,0.25894718785150994,-0.32701274266201397,0.19541610565763617,-0.7168450133759765,0.6608888764706085,-0.5662219779855593,-0.09573732511795252,-0.42086567621012916,-0.017035268042362817,-0.37480946751659383,0.3576559556238609,-0.11441288695599158,Help
-0.032275756855136,-0.012343695292994455,-0.3499672640502826,-0.43994843130509276,0.43840396413564925,-0.393041377900652,0.0639481060757706,-0.3815547365514315,0.14973699966492582,-0.37190428496893235,0.08797360671065356,-0.14855469470033023,0.5417726361375069,-0.39237893453849604,-0.15097710729411962,-0.4651923503092732,0.18211511677448808,-0.30246020290554143,-0.028030374422455668,-0.5422305268378088,0.3123789823168893,-0.19671082803237822,0.07228623640820864,-0.6200570427014568,0.9703885651490101,-0.14181361908151713,0.12471279186936321,-0.16227373156435815,0.2039338559993353,-0.169433098538676,0.23857704397603363,-0.32977418278564696,0.24008802404486662,-0.7042118544054268,0.6501238726814316,-0.6000189542110298,-0.034049443892073164,-0.41899914661104837,-0.03379064007169877,-0.4195196202994387,0.31692938345726623,-0.12815152325985218,Help
0.01963925978473511,-0.011900885398956205,-0.3687495594545919,-0.4410757981831233,0.4895820743599593,-0.3804888485465155,0.09878692269413558,-0.29187704984230045,0.10192598630732552,-0.3572564291201908,0.07485851481052216,-0.11472894947668806,0.5389369025396408,-0.44723245564821873,-0.07514141451876385,-0.5012420034942898,0.18291571302755166,-0.23399997566911415,-0.04574707529673025,-0.5597350870543043,0.37011515304503617,-0.18583081083932718,0.127770014967504,-0.7087405147682219,0.9466125644245255,-0.18492158389940233,0.2135319044524034,-0.22606907868242285,0.17655770851836097,-0.1548927380418384,0.2485186121985365,-0.3401003583260679,0.1618033781216218,-0.7312211175225422,0.661152998562566,-0.6282230501303219,-0.11098126530464009,-0.4347087189113372,-0.03005958466900564,-0.37555239042700334,0.31708663148466526,-0.1459317545767325,Help
0.06952061296844583,-0.03258329058976875,-0.3297354320191309,-0.4043222632770836,0.46750548614869175,-0.43455295794942345,0.11903230966772169,-0.29898871675543537,0.11536284175382995,-0.36818956998286345,0.07972012372509396,-0.10218414073181817,0.4974229337147381,-0.40139985465907335,-0.07049461207028442,-0.4972534430382869,0.08455006739518561,-0.2425351405571862,-0.03285181372251873,-0.6086820613432044,0.27970443982111753,-0.12306166656844955,0.04196099035693393,-0.7136192226320134,0.9809289312957907,-0.20821694446965655,0.15028291535553961,-0.1748217014977568,0.14478831267024245,-0.1845166225163766,0.2607917130817437,-0.35030046721899943,0.18088609611503506,-0.6551079349092191,0.6875368037389081,-0.568753169548599,-0.11461972549528214,-0.41644200439065393,-0.028891228800130363,-0.3618410898392386,0.36839441915767307,-0.1323877190073212,Help
0.004818339064655044,-0.0005450064421636351,-0.28015480489899025,-0.4259605252293063,0.4653228745103735,-0.37411080575917655,0.09698678073690935,-0.35133282077034245,0.09444684750906432,-0.35101398965868263,0.06453671555390855,-0.12186602626990993,0.5660357077608776,-0.4601102215467366,-0.13706726143568268,-0.5012445830305898,0.13162627537241833,-0.30664298142748003,-0.03613499948735106,-0.5329886263137456,0.3685439342655264,-0.168733517363275,0.08592894785343413,-0.6672980700676636,1.0185563333537757,-0.19939658543067842,0.09332644166666704,-0.16663452504197435,0.15037436784396002,-0.1908858418313953,0.2384725391208751,-0.3617258373666325,0.18759114859366385,-0.6921347726520122,0.654573610479063,-0.5824554822949991,-0.10919619296351923,-0.39498152822483884,-0.02161598464754908,-0.3875353830781992,0.36047440284067717,-0.14392650767399276,Help
-0.023504643850376226,-0.026477918584305402,-0.3450274853551816,-0.43845799740000263,0.4760206777241972,-0.36447342457539933,0.10426082685905651,-0.3177284163193084,0.10930780448792762,-0.39729563543126606,0.0015642225723593792,-0.07302854239402676,0.510485071657443,-0.38195087343097606,-0.14586007019405384,-0.4566236899060673,0.23299823201795994,-0.3047774920956285,-0.05944081356096207,-0.530615273011471,0.34547197022370546,-0.12900722522430808,0.04671980621265505,-0.6267683063792326,0.985539572124434,-0.22539973182536396,0.1396870015209189,-0.20484710750152166,0.22851642082967488,-0.18899062644353853,0.2622836179848092,-0.36567820277562363,0.1648827512939146,-0.7705370875830322,0.6835509160670591,-0.5553509699143637,-0.13711970070238894,-0.4694032335511523,0.008141252167775288,-0.43455482327815004,0.40829240435909214,-0.1661909051638765,Help
-0.03309878228473879,0.0074538726339387455,-0.39944462546400644,-0.4271752793432608,0.4962136783952645,-0.46780707827852863,0.16411442808701437,-0.3412814259559035,0.08825019573762702,-0.3962780883193655,0.07915838956720807,-0.09437867641998349,0.5861946268250318,-0.4248487564788559,-0.10696414427572828,-0.4833481700907516,0.18765277528707403,-0.2203631566019563,-0.04841603771152807,-0.5572343369583822,0.3117761901553267,-0.15389323706780508,0.08488545618667559,-0.7360153962177547,1.0152792352075193,-0.22306631824797088,0.13806034693129032,-0.13142184286567296,0.1906284716125539,-0.15899479011162526,0.21209033208361724,-0.3828805865008734,0.21158206248685757,-0.7309037685091324,0.6507583217783466,-0.565407869961598,-0.14113807962252023,-0.4149693061146044,-0.014671009329328839,-0.38524815458085976,0.35615334732431925,-0.15645470691913774,Help
-0.03235092491384596,0.014479950781239197,-0.3883449226591654,-0.376899608269447,0.4788575691674147,-0.4266872228461604,0.1077074342447121,-0.35491634590396987,0.15731227846157445,-0.3768307329183062,0.041122686783374225,-0.07006386330743353,0.5598392267503759,-0.354485290654624,-0.07809030926833521,-0.5227600850951476,0.19649327591151014,-0.20842249154268064,0.01908627343350494,-0.5241663494182672,0.3591063723700063,-0.1613947121773803,0.03881101019429909,-0.6969608507768573,0.932054418080758,-0.1486069950574072,0.1387826677396759,-0.1300001787427079,0.14384319275640373,-0.13670194092946875,0.23266269369709097,-0.3900890906754334,0.23215791215158274,-0.6800101120643774,0.6719594505829156,-0.5933082709391904,-0.09645537269686084,-0.41720750276366986,-0.039726507739503716,-0.39752915089851015,0.4305279512418055,-0.05889434919639748,Help
0.04688005515692049,0.0143467182048787,-0.3784329178947214,-0.42990752372137353,0.46362574810222823,-0.41153173792413206,0.1793767719519378,-0.2884021610383977,0.14942752780779467,-0.39457912253314503,0.07620067602071509,-0.11956877532752475,0.4800009239471518,-0.3957534520126911,-0.14111905061527402,-0.5203868103169631,0.1592825104724667,-0.26913127949319077,-0.027925825109317893,-0.556279145426084,0.2738064097373021,-0.10670654120062882,0.03443117103632594,-0.7149662827638479,0.9721414905700319,-0.1921408999411372,0.1910508510271624,-0.16065739705300966,0.19778214459633775,-0.1609446029320366,0.25445296091743375,-0.34226612333354794,0.12536234630972187,-0.7207270166897866,0.7004735112944768,-0.4760564771690387,-0.1457699412376197,-0.41035396129146157,-0.033089626450589826,-0.323738025688057,0.33109293345689994,-0.1203108667657615,Help
-0.0422163329851257,-0.009557000041824977,-0.3693298468361576,-0.37387119645227634,0.45327921563037843,-0.37503221669810766,0.11540518241080314,-0.33440682834129626,0.1557891575502871,-0.4042374280309189,0.07372684741384176,-0.12947741006488933,0.5774674107557802,-0.39432974209859245,-0.12214751083576403,-0.5138459865169865,0.19149360011016683,-0.21635303974049055,-0.04288366676200319,-0.5877994258990098,0.3509070138110878,-0.19577080912812483,0.024767099597297185,-0.7182753394757706,0.9695345736325783,-0.22898081119652172,0.08911745924075992,-0.2028034264447704,0.2000624134702303,-0.20732701072333806,0.23730102310384546,-0.29315705455519137,0.1818691466859773,-0.7029535324527129,0.6372244774297955,-0.529422161882235,-0.12587950793558725,-0.4298895006347377,0.023553531224661355,-0.39061961015057106,0.37314307976090083,-0.1475097010989118,Help
-0.008244971341716818,0.011115060324842751,-0.35171215123772015,-0.4252593998408416,0.4626118067307264,-0.4132077908292561,0.07280423028317168,-0.39030353768545456,0.13595419052648008,-0.3376028531455069,0.07554035701374053,-0.18387000266630632,0.5372392544951776,-0.4374292298025056,-0.11154953625562666,-0.5086799130085433,0.18455210746684456,-0.2547561830169586,-0.08377817738373433,-0.5828218051095541,0.3302542359675307,-0.14961156799018122,0.02176216849366628,-0.7324881223163173,0.9836854482509362,-0.2310008737015742,0.09722257372718368,-0.18209431599359693,0.1661347973328922,-0.19553270287971408,0.22639700474072166,-0.3511429367294864,0.16173948347639544,-0.7111085514946556,0.654191621893822,-0.5892969028316396,-0.08329450629833504,-0.39786892473947433,0.022688085017622914,-0.36002317589804766,0.3788631422268985,-0.15206200060444222,Help
-0.011632827684486723,-0.026333319193074307,-0.36816456818211657,-0.38504032254310655,0.4638241923286437,-0.39605024392344246,0.09452098384751165,-0.3363100000242472,0.11055767459123436,-0.38794604437958186,0.029009997371423242,-0.0973104012568396,0.5416887249465648,-0.4172191230347299,-0.10801952431383605,-0.5085806939682914,0.200590287090078,-0.2833975749157161,-0.0325072659207161,-0.5959521855755778,0.31967445076602824,-0.2027039457983127,0.08632196840156012,-0.6633992181997663,1.0055231933354751,-0.18802468011482434,0.1208853443809045,-0.19275031957573519,0.22669334172966735,-0.12611037544554116,0.2511857681509937,-0.367027029448568,0.22440307326774533,-0.734064556986145,0.6724711542202193,-0.5537676883312855,-0.13473082825137322,-0.3981696525320788,-0.0003414052390434876,-0.3863530790719093,0.3419034083066509,-0.16079224427833616,Help
0.008683532185519758,-0.0427001038464416,-0.36437813114311585,-0.38973041738261466,0.5151508255994073,-0.43688442039733594,0.15432926962400292,-0.2917297251044776,0.13934372314114069,-0.3969021846835001,0.03956571956857677,-0.1138381818257618,0.5527051123683921,-0.4037070245554208,-0.10742670510341386,-0.49886761016443565,0.1747479631148742,-0.26799729293975777,-0.037043722045671704,-0.5710899840398679,0.3875984685578532,-0.10839785728188413,0.0805912984251948,-0.6466350612919015,1.0059519282930773,-0.18345271973463673,0.10211431629161674,-0.1766050182184109,0.17073704331250117,-0.20317294375229977,0.20292424520427207,-0.3367764280291474,0.1930795002579144,-0.748251371546629,0.6432293227842564,-0.5594897392986143,-0.13597156866693122,-0.4179223929831781,-0.021651578101399012,-0.36997667867310063,0.34602318670095145,-0.1363565471490347,Help
