x0,y0,x1,y1,x2,y2,x3,y3,x4,y4,x5,y5,x6,y6,x7,y7,x8,y8,x9,y9,x10,y10,x11,y11,x12,y12,x13,y13,x14,y14,x15,y15,x16,y16,x17,y17,x18,y18,x19,y19,x20,y20,label
0.014954232312433561,-0.020938664729881477,-0.42487603816443176,0.05918472374397256,-0.6153949923243668,-0.8188555085980632,-0.6330307682071322,-0.44347515224049955,-0.43617731754679,-0.3026322064570691,-0.3397836910087328,-0.3283810337646711,-0.9012775595456464,-0.13286575500120648,-0.33306582895189624,-0.38977122263296915,0.18417879914961968,-0.21061970497206725,-0.24182979715584463,0.08928811296930424,-0.675325756415549,-0.15669536268974446,-0.014203952186376403,-0.15917103300327234,-0.5590277285783073,-0.26492067990448925,-0.12999799286466224,-0.8051223607353416,-0.6427648991567082,0.44681077513018824,-0.040132485937860576,0.3060981751230198,-0.004571685578972473,-0.04496146659975042,-0.3074049561635313,-0.04059471794928564,0.17287834758497372,0.08553390830645756,-0.1787159546193279,-0.23003367880682568,-0.051831151673007926,-0.31582989296922637,I Love You
-0.0021772867893238303,0.0310515811117196,-0.4180083715230477,0.11942665258371524,-0.6330781268290387,-0.7853550014049874,-0.6586085592689869,-0.44153631947803734,-0.45307346418601885,-0.2789560044153791,-0.3349013955945251,-0.32283444730310973,-0.8730806352866046,-0.09273635610057995,-0.25668608800751935,-0.31905781266276895,0.20547155844856926,-0.22368049917275218,-0.1460727137530049,0.1164565855165154,-0.6614808319645247,-0.14709876021495683,-0.009116743140370144,-0.16199958424238756,-0.5902833552746303,-0.26707246383663374,-0.1772202350907492,-0.807248597370983,-0.6152399757031192,0.451057505324166,-0.11473791139501979,0.28385998497596143,0.06645901173945522,-0.06802599829728534,-0.32591911975482946,0.00895924213778726,0.20157298193993795,0.07846118675958327,-0.17849382184985274,-0.1727085256741499,-0.08747158990462267,-0.2847139848442829,I Love You
0.007049704760272355,0.009512352310459197,-0.39441216620962505,0.08117104524126878,-0.6305374235877055,-0.7841118106800627,-0.6877603533237086,-0.4300836163010674,-0.4319308177357853,-0.2359053244406508,-0.3458279235995798,-0.3368250096665595,-0.8811974659017268,-0.09761554860389657,-0.2977869198092313,-0.35128743937214524,0.1707915681056311,-0.19612186113070623,-0.2081974081374699,0.16322625341277708,-0.6563718200567246,-0.2361061672633912,-0.028712201760253235,-0.15783715659904562,-0.6273749002846716,-0.305587614407933,-0.2089766136436176,-0.7773395913616626,-0.6166757934122854,0.4414287715778854,-0.11597818072929701,0.31074714571531714,-0.009526035711904243,-0.018783063285446572,-0.30729568602207463,-0.06368567785139785,0.16524205553400614,0.10571025482493691,-0.19507934961462126,-0.20320102000179519,-0.06074634931166624,-0.28826733345552585,I Love You
-0.02747833545283714,-0.0016073757089047846,-0.4422998675966542,0.11611405622915766,-0.5561065950730859,-0.8236965382992777,-0.6847232430593964,-0.3891164491837326,-0.4469960461651777,-0.2573805782550489,-0.339642382163688,-0.36878260705991606,-0.8421766988125992,-0.057116201174548895,-0.29499687112052936,-0.30196388789783724,0.12851112732061137,-0.20652568774550703,-0.22937787805031393,0.05929322502755442,-0.6225708397452557,-0.16136123101335922,-0.005897611338197948,-0.1634934584235702,-0.6726511598778266,-0.24750472817653657,-0.11466680890161171,-0.7355842138914859,-0.6101339338713719,0.42335643733200384,-0.1176376807478293,0.3224068767878055,0.05370528568030958,-0.018418258907662438,-0.3073982225777253,-0.02663715988440403,0.181063419722845,0.1692766064447448,-0.1868515802722101,-0.2102871654468515,-0.04774823448775549,-0.30351762146518557,I Love You
-0.0005698354575852116,0.042437081162394114,-0.39389995417335777,0.11189844413369635,-0.6447334158273185,-0.7863274734852045,-0.7139564680082517,-0.43029009972601356,-0.44245313832814215,-0.27531203093872925,-0.3215640229281531,-0.3139575062680545,-0.8203754341494567,-0.13126073864574528,-0.2335458853536504,-0.35141148247478926,0.21804424370127046,-0.2933264966681912,-0.21789750248772974,0.0417416969311993,-0.6884443591011782,-0.15219440913516336,-0.005393736653824701,-0.13438022476320421,-0.5550058463772372,-0.3171557327550076,-0.18643267328607158,-0.7939702643891153,-0.5878166207059903,0.43462500828796025,-0.08441137608549341,0.29595895463764266,0.016879910250764046,-0.05761584733027989,-0.31587544664745165,-0.04366518325148631,0.2072522436347653,0.04528218455118377,-0.1726921165751418,-0.2181634198165996,-0.07682727572670331,-0.2754887600113326,I Love You
-0.016687432533456097,0.03590161547310541,-0.46648128909015707,0.13633075264610917,-0.5650472794310994,-0.8249413679207898,-0.7101349923038572,-0.4614889581163424,-0.4200810126514075,-0.2841380612569276,-0.3533036691107804,-0.3707629447054605,-0.7913852324948726,-0.1201175382410366,-0.30370064905299965,-0.34419502511974226,0.169696107605985,-0.23592383270346584,-0.22101548182602243,0.10252215984391745,-0.6730151126527638,-0.10494471106369199,-0.018662414072306774,-0.15117753239702644,-0.6607675676414745,-0.3114584574181263,-0.1962884833074122,-0.7961550232370627,-0.6139894508708458,0.4265480843384834,-0.15374614271995102,0.34645102549339796,0.03149552281255632,-0.03188642591971164,-0.278103523803266,-0.00598910561861821,0.18789632249956992,0.035666149815755444,-0.16135130469797657,-0.22637142488495793,-0.04418849009142725,-0.32592635817038595,I Love You
-0.013556006855699215,-0.040295432839180176,-0.45212727236995404,0.08674362630950039,-0.6082698868563249,-0.8126201572491014,-0.6221978812201391,-0.39853088854006863,-0.4474150767272391,-0.35694550938455366,-0.3164175252481867,-0.2472424068798794,-0.8513829569935967,-0.11525008604550588,-0.2995258935725237,-0.39361637839107944,0.19551805941925282,-0.1728905423165959,-0.2300655715108495,0.06640293637834947,-0.6649942728643179,-0.16874765863961,-0.04072076973447268,-0.18535786575467328,-0.6256858828656787,-0.2471540604730184,-0.13713847676143542,-0.7211182279847449,-0.5984418760376127,0.4360271874906801,-0.11161355200769495,0.32636843114538655,0.03664872008457054,-0.06936265698723557,-0.34482313502681294,-0.0735672877622697,0.13528065249802723,0.10589720715526436,-0.21541913521151695,-0.22016439806742086,-0.08020123498967695,-0.3082782360090727,I Love You
-0.021403255239845126,0.045567870391852734,-0.4600580462924395,0.04551490327995537,-0.5884667837738808,-0.8171276677739949,-0.703745663234461,-0.44901136045804474,-0.43757634082071767,-0.26745678063806777,-0.33761687884881286,-0.354567203462933,-0.8682753374302745,-0.09582752550869593,-0.27542943893766136,-0.3036293344674161,0.2149969024821491,-0.20272499097783422,-0.1804723533096626,0.05010408376471024,-0.6840165062399804,-0.13797912651165192,0.0011039204903481163,-0.16367554359254635,-0.5786916505557204,-0.26342985784012185,-0.20452862362702168,-0.7626822880591966,-0.6501183035443554,0.4065341589870453,-0.13670738133696242,0.290592975586459,-0.027328200091717523,-0.020097749389618683,-0.2766536609316924,-0.019744848730947832,0.19839817205159765,0.14027498536888333,-0.16845950313545371,-0.2233683392211044,-0.07761323029717535,-0.24385070327463065,I Love You
-0.03277916503926953,-0.04140371639204183,-0.39581115211962287,0.08329429269157496,-0.6181621572665325,-0.8361190614495311,-0.7422915970800078,-0.4603331806886085,-0.3992746106552059,-0.274491964170796,-0.4000615065706194,-0.3015559176737399,-0.8086994303175161,-0.05405769168105534,-0.31710157249927673,-0.35873843476379025,0.1857850790024967,-0.17586571599487272,-0.2265846690674776,0.06292976252390617,-0.6417330919516929,-0.11743343966718803,0.003065025675304367,-0.15368753774307853,-0.6047022033642167,-0.29568804455618225,-0.19667806427961132,-0.7976534142855612,-0.6409366079416293,0.4005719245701921,-0.07687683519258094,0.3231113353383262,0.03233531752337042,-0.059542846745784125,-0.29174577683039676,-0.02674848741737197,0.21168630193787827,0.0786605102743196,-0.14428157688698576,-0.16363806869712968,-0.08688843818886313,-0.2810878928943674,I Love You
0.033044674562150045,-0.013961166782655621,-0.4166955709689132,0.09240962844653976,-0.6351367057489109,-0.7850938034968437,-0.6531125454724233,-0.42095686001020133,-0.4375268747844587,-0.23226831299891637,-0.3533451283531047,-0.32627054589449267,-0.8628388153780255,-0.10884789932362285,-0.29416883537057315,-0.34343302939211445,0.1983083382770851,-0.21561234874597973,-0.19598335397584393,0.13552772902346866,-0.6308060858432403,-0.1435596307203432,0.019795956451901207,-0.1827677953822628,-0.6128512790205756,-0.27337687845290265,-0.16917021158356,-0.7392470569552072,-0.5844814359851331,0.4268007213164349,-0.14565780735787395,0.34761063008954096,0.0066402039901058765,-0.026066895462223617,-0.29558232065936635,0.006614273864929257,0.25102254757362863,0.08332534747376666,-0.14259218104825272,-0.1915466422412524,0.0009296862572612946,-0.26962810656465397,I Love You
-0.005324222652369471,-0.023792184515846877,-0.4930561032752876,0.11025616562687171,-0.5719486382618143,-0.7759798655114771,-0.7543906633614818,-0.45438060921434986,-0.4332976720781231,-0.22066002481203795,-0.3428571861906974,-0.3043329481255523,-0.8767766540310903,-0.08472086937197071,-0.31266543714345185,-0.3150464321965859,0.16546115316316268,-0.16758673071876504,-0.2191690130034182,0.053466269976762584,-0.6936926175345451,-0.17238389565311363,0.01576576633948258,-0.1921001342283704,-0.6326899275559668,-0.26145646482701446,-0.26813627663818973,-0.7759340663352223,-0.6625207705205681,0.40379706699593315,-0.07806881347669126,0.2804279829647712,0.017348058048130423,0.00376351981374394,-0.31781563405356816,0.01852677390784413,0.2182072746565478,0.0652402499608212,-0.1202601149479949,-0.189142879307768,-0.025213988071913593,-0.3106243145834379,I Love You
0.008166952422237802,0.012963424959752218,-0.4193018247664006,0.12817348759807415,-0.5442246407464076,-0.867146467201971,-0.6593436786906601,-0.4434753938192014,-0.52550663003112,-0.2587151891825359,-0.3256123671840199,-0.31667468057144627,-0.8346136129908296,-0.06468395365303017,-0.3225170972550841,-0.34277408473686555,0.20260123114411124,-0.17730842755793194,-0.20862227431225458,0.0791482929024023,-0.6642605648379376,-0.18951887484606053,0.02773747507343985,-0.2175202421810879,-0.5963466831953168,-0.285613479705263,-0.21832889528755256,-0.8078560002941066,-0.6481043702779068,0.4195354408213897,-0.04096693273482142,0.2832629073259586,0.042609645052400905,0.00607641476315917,-0.28521207052659764,-0.035866723686482645,0.17567576305012328,0.10920717839762105,-0.19885002861264514,-0.14304190006682388,-0.055332468866052795,-0.296380559169945,I Love You
0.015380152981856543,0.005348594685407928,-0.42530830043727774,0.10497418557765509,-0.6094888580110526,-0.7402430258703492,-0.7045693319484603,-0.40137635676576866,-0.471204171206052,-0.29802066088246304,-0.39477326803449114,-0.3247342426801098,-0.8617184266592931,-0.058433024787050855,-0.2920267714362511,-0.3462273766706341,0.1393412798717268,-0.20034995208867518,-0.22980202305240208,0.042576998976786254,-0.6496879936165431,-0.19145986029840117,-0.05808499450926965,-0.13488670133304154,-0.6248975663721176,-0.3404853481269303,-0.20067747264532798,-0.7846691651543031,-0.5881668073796946,0.37996466734376866,-0.12554849963684359,0.3159970521623946,0.012723053114888062,-0.025083164414843574,-0.33213484916321123,0.0249621724042964,0.15815066663891297,0.10270501162513773,-0.13319417643881806,-0.2087356199506963,-0.10397964551138562,-0.2796283573679409,I Love You
0.03012194430829132,-0.023997110549739076,-0.37039251372270593,0.09155252049490421,-0.5869392621176889,-0.7536952431272905,-0.6607248231667535,-0.41664775478621113,-0.46787013961055457,-0.19297056735599122,-0.36486105745061465,-0.32753462300389463,-0.8304447677069065,-0.07421542629299213,-0.2405851252575617,-0.3492470045588451,0.17880426501534513,-0.17132876950648698,-0.21401416287681932,0.11184289000190065,-0.6567717028445085,-0.12608183419796307,0.026412194814402146,-0.18589409795919012,-0.6633959849361888,-0.33836796780937195,-0.2270110760579102,-0.7657735166599903,-0.6930723931901429,0.42505399053501636,-0.08136829077223406,0.31227175565374016,0.04134642716204911,-0.004865194508949643,-0.3049899355341138,-0.04536117850211567,0.19366203299910256,0.06869222273886288,-0.17144027820637178,-0.24501190615379442,-0.049385360228920754,-0.3313392648914106,I Love You
0.0046153596503395325,0.009644350059227638,-0.3793767239502377,0.03958098698736786,-0.6119658770886176,-0.7818482437730762,-0.6312527245500416,-0.41780511134069925,-0.4655527476553112,-0.21341607419046021,-0.31711375195337266,-0.29586949766794735,-0.8820306711589241,-0.0753008372279521,-0.3369253910421479,-0.3898254365058006,0.19911264499144296,-0.19834168926716275,-0.22439799603859764,0.12852327671805275,-0.6736739914725898,-0.1618105120998021,0.003567583251970233,-0.18108901827670587,-0.5697577424659191,-0.31940180643756827,-0.1944300140479398,-0.7987798436484668,-0.5659881138986544,0.4201181205360661,-0.10843680819375688,0.27796573167983263,0.051686720019515645,-0.012008782395696443,-0.33466245791110494,-0.04764251750209403,0.15317740778375943,0.0984032412415585,-0.13981335097788783,-0.21493935450275342,-0.062292032936915195,-0.32010483812689416,I Love You
-0.03286947146773129,0.020408394083834193,-0.34382892991222447,0.10631859600909627,-0.6146177866073352,-0.8088246576399695,-0.626512668257456,-0.4074308789285813,-0.47069985703362555,-0.27609248877765413,-0.3347363582231698,-0.3230020847753225,-0.8003832849051145,-0.052657755528669074,-0.29847846992035626,-0.3519189727842896,0.19353581537431702,-0.2361441160039637,-0.18053735818548317,0.07945800590340897,-0.6478763587288955,-0.10231347457199777,0.02123294061760768,-0.16687963999636624,-0.6235972300010831,-0.29049292809851107,-0.20588123626202603,-0.7470416128394561,-0.686524468942964,0.4589058971118686,-0.06343080440487592,0.2895304200812186,0.010224530155828575,-0.032409544225692304,-0.37062799006338726,-0.010940914202429701,0.19192678513871209,0.1396984768557412,-0.1665231655028042,-0.1905430265326113,-0.06933797970586789,-0.3319067658814707,I Love You
-0.013529816011401564,0.003988468008320005,-0.4233353395414663,0.07272051357177581,-0.6106739906104746,-0.7970197813816898,-0.6142259619282484,-0.4264020201739621,-0.4680452607776281,-0.27880760663417026,-0.2961427251540429,-0.28988574421909796,-0.7872715070572944,-0.08910544525474325,-0.2851778651268324,-0.38217485065241924,0.17105301989857716,-0.2513496545546259,-0.19573987578120983,0.08671454274739503,-0.6558177082040388,-0.17909740623630696,0.030169366242490787,-0.2460115928505969,-0.6156364517514712,-0.2913500440494053,-0.2324477934287839,-0.7515137652911276,-0.6276915498116443,0.4466872070206076,-0.025386453318325182,0.29632367854333086,0.055394876116933355,0.009506846142356876,-0.30264627637283,-0.061631199769699316,0.14763650137927442,0.10547288459191267,-0.19029060873161854,-0.15897800761487862,-0.09562011867847342,-0.3030706601254933,I Love You
-0.03477032090029498,-0.010314980149255032,-0.4425434615428977,0.06447007633769475,-0.6037865284360461,-0.8165512178684758,-0.6049110838765531,-0.3915634549894554,-0.41518317903165153,-0.27755252679362985,-0.33801800674854277,-0.34996628419299786,-0.767013022313975,-0.09420062490956452,-0.32253816319180234,-0.3732942430309725,0.19171674389966856,-0.17526644995247698,-0.17732885333785417,0.06287239823434647,-0.6860316984408222,-0.11632302641423184,0.06769018770983237,-0.17815081020686938,-0.5718769040354892,-0.3321333495419271,-0.1971054533542201,-0.7933255645199002,-0.6101272122340777,0.424484419485089,-0.07823853184402392,0.3231584419813315,0.006620051467889396,-0.029101953356797966,-0.3575450558334128,-0.0007413608281074471,0.22973393272642087,0.10509818602977428,-0.1746847909911792,-0.21276047767939388,-0.12323289969011425,-0.2934751900546199,I Love You
0.022686024319832618,0.060581148331597334,-0.42606489701229044,0.09812133627678123,-0.5687699745094986,-0.7640076924776513,-0.7024623586437719,-0.4250150613214274,-0.46347689599781566,-0.3012810739325203,-0.29704048971831887,-0.33519708155381533,-0.8479718132098927,-0.08350346547675923,-0.30281277425949227,-0.3573034376288033,0.1588095229972498,-0.17093869749180526,-0.22704580638165484,0.057646797866102766,-0.6650200675300085,-0.0889856251595888,-0.01999845262855118,-0.15251227841527804,-0.6154655544339442,-0.2808064889292375,-0.1441342917761884,-0.8146282814879425,-0.6493838593522714,0.4570940839940594,-0.08245777866192358,0.29294120152945546,0.04755654549360874,-0.058609791282262486,-0.2857549131263559,-0.011061420561146736,0.20399103753427597,0.10828549359281506,-0.14333366072682974,-0.21530121140452302,-0.06152571329527336,-0.2503107312210121,I Love You
0.01921878748465976,-0.006671796829760396,-0.34471224082869806,0.09694032280278238,-0.5602443530111445,-0.8109896212538978,-0.6517541550032343,-0.4330330309498982,-0.43802084926739016,-0.29242794014965023,-0.28415589282310494,-0.3437124357889644,-0.8789824131366043,-0.0880811546944733,-0.2883127894565178,-0.3514721457326833,0.15725663623544794,-0.18677760701601387,-0.17216223761636465,0.03612343939593372,-0.6889142066182267,-0.1584939110816538,-0.011279024412971652,-0.15802209748269852,-0.5528912900728025,-0.299578111658232,-0.12449805229191588,-0.8070876029313722,-0.6088191817129666,0.4120123555436159,-0.07105961326473592,0.2338806669521118,-0.012346677399848443,-0.017662371119880237,-0.33630711643106975,-0.04534846047874833,0.2519300765613456,0.09836868568185612,-0.15123737862809153,-0.2202642041306331,-0.12160253463617973,-0.30506350792371145,I Love You
-0.0447140821000396,-0.020957688097250234,-0.4071257849849271,0.08667806081861504,-0.5921665194366833,-0.7803341269634134,-0.7196599714145886,-0.4448983076665789,-0.5130799022758924,-0.2853414361057481,-0.31908789338049937,-0.2923401899151082,-0.8400299932554403,-0.049737844445259714,-0.2929108225014772,-0.34745063379648256,0.16331751679369874,-0.28945191252518926,-0.17324195387823071,0.08396541061007962,-0.6209545022583922,-0.1822000752483481,0.07751335280397151,-0.18126435261712512,-0.6288412760987228,-0.2945863677644162,-0.16668602565056811,-0.7651346774244335,-0.637953538362303,0.37575042346226933,-0.10951113855807905,0.3188180324000987,-0.0001766440319427194,-0.08343020566810863,-0.34907208169422466,-0.03831432093553731,0.17406488629957245,0.08584642924551457,-0.20223647019591465,-0.16719372275063402,-0.06664093852515246,-0.23610266129659863,I Love You
-0.011451638898094538,-0.008546375257177954,-0.37875335083361056,0.10174613928635516,-0.63044730140761,-0.7816510392787672,-0.6718923630210148,-0.4704541561674381,-0.467261697412413,-0.26851613117467316,-0.29780218089169486,-0.3161385424944942,-0.8626657877518952,-0.1121807674868134,-0.2804936358974649,-0.4234639082964903,0.15742880338526188,-0.17561787116345934,-0.2010331141178272,0.06280232529448972,-0.6986659007674175,-0.12851904164300343,0.0069830868995913115,-0.1803620487688922,-0.5968561895667719,-0.2832127648836397,-0.16916254410367215,-0.8027632278098393,-0.6532863806883314,0.45230211322908026,-0.06860676817401673,0.29804856008918207,0.008619657096905847,-0.008966048692244582,-0.3285294336087909,0.0033910715321049667,0.17443683163438303,0.07848291251618646,-0.1828263380209066,-0.17206702522527137,-0.0824187659707102,-0.30151097783196823,I Love You
-0.011747736511412723,0.008042759599233062,-0.4163803263626907,0.06648681621302599,-0.5983833565250856,-0.7938194157847253,-0.6132942104765877,-0.43497106189427526,-0.4729036486920929,-0.2658547090586527,-0.3709756646241502,-0.3692700002595175,-0.8888514100242098,-0.11417191730731348,-0.32692226559301313,-0.3891719816217332,0.17414773100088515,-0.2888765456666734,-0.19518466505546775,0.06885834050580616,-0.6748969083271751,-0.1361048313718688,0.015801063783321013,-0.19269791625825036,-0.5945218836166929,-0.24168386812488415,-0.20216522575883253,-0.7404243759014599,-0.6558867982193473,0.46511648201665207,-0.10673912289778967,0.2640812963021904,0.06069134121806251,-0.010274498182511065,-0.33777986628357426,-0.03183387013716498,0.17554296430192795,0.04645940885256827,-0.17260432051271593,-0.20817870467670269,-0.10974143053675506,-0.26349999590408424,I Love You
-0.02736060536504074,0.004319358746416126,-0.3818610644254994,0.08233422727435971,-0.624227364524959,-0.789411229709382,-0.6701172382329342,-0.39034345862292663,-0.3915860928702214,-0.2879444673251849,-0.3353149519434815,-0.3751557053127017,-0.8257531393415154,-0.08542321107066746,-0.3097863151785167,-0.3692159317891214,0.1712034305308176,-0.210807120940332,-0.23892275012850842,0.07634857251606868,-0.6621030566984496,-0.19989968546904796,-0.026890173853396822,-0.19360087105771925,-0.5610286543043183,-0.3130724606547997,-0.17347346692635832,-0.7942545296479674,-0.6457857218529406,0.38662344899981693,-0.06527224054415351,0.24681857459277132,0.05342536737658346,-0.017884830673534684,-0.31966914467317337,-0.007454155438568023,0.28993755959994777,0.10856731084058224,-0.21188469271646426,-0.15281550985112075,-0.07578308015334094,-0.23930774625823362,I Love You
-0.0151815066583018,0.03845832068071667,-0.4142631146592871,0.1697177382143923,-0.610650123666394,-0.7082936197097665,-0.6705934483549424,-0.391231336780211,-0.3967124030969448,-0.2978583655806246,-0.3121176667282136,-0.34586109604942683,-0.8412108829483075,-0.08844287262922278,-0.28725331112180247,-0.33476858659395314,0.16440039549079014,-0.21415148610486615,-0.27996771307561286,0.11526736980486103,-0.611785146891974,-0.14799224022221635,-0.043531919902381574,-0.15151230589032266,-0.6309886917844443,-0.28268121603120827,-0.15123444450314438,-0.7466441058565931,-0.5900679685927126,0.434245119338134,-0.08018046288565284,0.3086886735491324,0.024073259895484304,-0.05255881912352808,-0.3038465365164889,-0.06952082163171971,0.19441481690087903,0.052908237834870635,-0.1949272530406714,-0.21288626594464244,-0.11089290613438398,-0.26962549166909944,I Love You
0.03053974799396909,0.03942038228337813,-0.4198937382251388,0.07700764807483022,-0.5780945568438929,-0.794491291990179,-0.6800827060694306,-0.4929543185421159,-0.42502693832048233,-0.2555064874025847,-0.3413530648023059,-0.312603062589381,-0.8276933896438184,-0.1118352628969339,-0.3110192207428925,-0.38090767226166405,0.2255234126885089,-0.1885816968772804,-0.23435515866027992,0.10412842535617431,-0.6542456279572971,-0.1742896694476559,0.008378556760655199,-0.1480491940541012,-0.5798780204625309,-0.21819119549097132,-0.1689710437298828,-0.7701712852654921,-0.6056294181721787,0.42436482397421743,-0.1029284443928502,0.258811465239829,-0.07661462886690651,-0.009876563648958826,-0.3665463012233263,-0.06205053559919377,0.2056148290523756,0.0845963377694699,-0.11380395658119274,-0.24276323883491419,-0.014204790972109346,-0.2612239100209378,I Love You
0.027272891552949107,0.04317936529432626,-0.4021200515783878,0.03891829781402164,-0.5867565505680592,-0.8427639405991861,-0.6996390983108792,-0.41898274245513806,-0.4750542519521559,-0.2458444027655275,-0.34760329941899143,-0.3247992488931688,-0.8460268441987463,-0.08714933556133628,-0.33103165174756227,-0.3858953597675652,0.17704318298048757,-0.24688053954315964,-0.1681309673460914,0.04426910734757116,-0.592493328671087,-0.14465032785685933,0.0067285536488174945,-0.19000872245373449,-0.5883679753158583,-0.29427895669467735,-0.16278549249099727,-0.7377829222309591,-0.6024143420127045,0.46704953617467887,-0.0692460789745404,0.25804693166944415,-0.0361786431025756,-0.02559073467645551,-0.3106431946275044,0.02212296215295375,0.1933663028085964,0.10547631070021783,-0.15496758188357035,-0.18208379601287306,-0.05604811009459114,-0.32718772753623093,I Love You
-0.029290990013023453,-0.008416824916700105,-0.4794804032306612,0.08882850002242858,-0.6219895937737833,-0.7886772788346439,-0.6917402936105026,-0.44710326390270494,-0.40839667052475476,-0.2717501637502222,-0.31530480686625795,-0.33157306200068004,-0.8318245953917238,-0.13176458209108374,-0.26608252809606797,-0.32431366690022423,0.18109103407108,-0.20925704841851536,-0.17985946268803094,0.07440215373801375,-0.7100958104423432,-0.16430900091417747,0.009220431266443296,-0.17477392873933772,-0.5685486215665746,-0.3169477780406257,-0.19679843723903917,-0.7947790122924804,-0.6096313932367894,0.3840726875540328,-0.06306861924336452,0.25859842667653865,0.0030219661896079275,0.02118501124455298,-0.2804296974003052,-0.03207853276765617,0.15751037680024407,0.1546742153063162,-0.18417252062961656,-0.19005861034845165,-0.05400841077576625,-0.3615283044886531,I Love You
-0.019201119954948248,-0.0020422422010114884,-0.4103368201885256,0.05090768246837761,-0.5924119711621088,-0.7973314667253194,-0.6337687004696276,-0.3866315558534947,-0.4558000500332869,-0.2801078214850018,-0.3107556689993296,-0.32856976716378944,-0.8868784516485222,-0.028120985292832065,-0.33412169400221575,-0.27630503010953067,0.19449489075364346,-0.23696034992489134,-0.28094861901838186,0.10886509393877855,-0.7091127155709837,-0.1429922449316313,0.06265772757747268,-0.20793110093404016,-0.5859339439242475,-0.3124986948187833,-0.1378052322219687,-0.7610629368435087,-0.6230655280241205,0.4660723494905044,-0.06662253794985704,0.2624442911600877,0.07982843963487245,-0.0779965410757697,-0.30913617639174684,-0.060340873027042156,0.1522247800897889,0.06021611131279882,-0.17976005965175945,-0.1869942367180413,-0.04959846891312742,-0.2583603530106449,I Love You
0.008330614413121093,-0.013295798366124248,-0.38308789232973134,0.07157664320319992,-0.6500705368724774,-0.7701733334701958,-0.6440708743860006,-0.4412946289658779,-0.3888976815100567,-0.25673416731138554,-0.32817171277006946,-0.3525790787873309,-0.8152257862806285,-0.136666054165824,-0.31461934658205787,-0.3726690134903798,0.14238826058683254,-0.19200748757524352,-0.1997034841970916,0.10970290501715232,-0.6709523982701132,-0.1241586951234854,0.00696299919125698,-0.18796512499631016,-0.6272422692533688,-0.3476378193717927,-0.13686857922252765,-0.7315104621741101,-0.5346725591419684,0.41981510900653435,-0.10538511925261768,0.23554190563809552,0.055014027296215594,-0.010026953518814156,-0.27085369168222245,-0.0631541928830204,0.2183324882504801,0.07858032431643086,-0.13797138823811506,-0.18139958599772985,-0.12803724477933415,-0.30657735948279347,I Love You
-0.058443426071292395,-0.03489845136804803,-0.4473423361046791,0.07078764425253929,-0.6100826745216763,-0.7934061859911936,-0.6803518589165757,-0.4173560744056712,-0.4377508135735839,-0.31171957611668805,-0.3389952106738717,-0.2940447250277524,-0.8507185341338529,-0.07609452738454645,-0.2923768918639564,-0.3248060634934356,0.19027041008337559,-0.19253615437373328,-0.19471889711949528,0.10528071012215008,-0.6493395687340565,-0.18391476211755864,-0.03047418389897704,-0.1843975587322646,-0.5615263904411472,-0.2933002976908662,-0.16251293378227585,-0.8220568069178307,-0.6166813690684707,0.4324309406987467,-0.165580879919156,0.29531163057494625,-0.023314379717413545,-0.0536822215025463,-0.28757292886292724,-0.030931386495231267,0.18338801858743195,0.07821928562637434,-0.19082264106553562,-0.19265937100777436,-0.11738570957098582,-0.26890892424805524,I Love You
-0.03442691036632641,-0.05181172598518856,-0.38452381758145693,0.07690824800868351,-0.6000883132817638,-0.7787047483331908,-0.705371338377242,-0.41252590695306357,-0.4282759269673706,-0.22492869030021242,-0.35652233888398005,-0.3509669118340678,-0.8288446507481755,-0.08467692142977527,-0.30853670599960165,-0.3028934169362555,0.13118312501190685,-0.2605494747484491,-0.26006409668748015,0.12161255869132682,-0.6471616983657941,-0.1948334341986822,0.0009577447613242918,-0.17463100277730578,-0.674352194862545,-0.2825023925346752,-0.207126100189035,-0.7418375608354227,-0.6569018634619078,0.43642849476187867,-0.04654420420066831,0.31582176474621937,0.04142998349375793,-0.0343618138484364,-0.36241021637378096,-0.04882780750934749,0.19006133623833762,0.08530687130229281,-0.22428854132612963,-0.18445299729778222,-0.11679389401886855,-0.2562581799842855,I Love You
0.004440635559560841,0.029377878840433577,-0.3855006173295088,0.1523538369786125,-0.5967456708443654,-0.8100455163377741,-0.6949117856837529,-0.3717572002834718,-0.48732943889270575,-0.30056947422225716,-0.33408081928707234,-0.3416624194439777,-0.8167151155967851,-0.13109550747592308,-0.3064340134437527,-0.35628446868707286,0.14948892397127955,-0.19153730761572585,-0.21269116718366116,0.08153992153590922,-0.6873445017204607,-0.16480704916623948,-0.026000081165815887,-0.14788774341620392,-0.5770911263837785,-0.2377488606289791,-0.15877811701739222,-0.7732141750415463,-0.6365625227813845,0.4445731414584574,-0.07935540454753644,0.2813587179255662,0.01835267967596923,0.0032139660679907436,-0.3303625095756868,0.004745345504718036,0.202305607136531,0.08320511710931189,-0.20184095141581326,-0.20212178154048083,-0.06626545373256316,-0.313951837044275,I Love You
0.025510066589413218,-0.012808765092851037,-0.418001949011603,0.051415055655722665,-0.5854177958974061,-0.8063589496505629,-0.6364221147203287,-0.3954959790056174,-0.44518738320319734,-0.23747045624565444,-0.32903730662635305,-0.3068306921976597,-0.8716155943176537,-0.0770990446043069,-0.28934397739666645,-0.39701634836815,0.226855007013945,-0.25270707896585465,-0.24890650943279166,0.00010159393691493157,-0.6483877198076037,-0.20300304449011825,-0.010858838088908192,-0.14866468335294028,-0.6023140189956507,-0.30686162419141444,-0.2195201036497697,-0.7662660038044978,-0.5968353681789222,0.4508787935488286,-0.03177788610713826,0.2669812051159134,-0.013295973829183325,-0.02262321718985135,-0.3110644524049743,-0.03580072068388074,0.17444958102360053,0.014640168601316936,-0.20848127192109095,-0.18077398565364605,-0.07284751589707225,-0.27368352827487336,I Love You
0.01035545727097386,0.02208051727749905,-0.3913164509095465,0.09063014284032254,-0.6013771383895519,-0.8856095518116307,-0.7034857524412695,-0.43504236130579566,-0.45098648825925647,-0.3021359019157549,-0.31306365169626943,-0.36352379476353835,-0.8126714700794188,-0.11976936140941899,-0.32253902709395127,-0.37106848700380946,0.16676922281117987,-0.1825379728534654,-0.21975017733262886,0.07651248599308946,-0.6848572968472211,-0.16150488590513562,0.011142201786604307,-0.1802555611729875,-0.6125843566420582,-0.2576697945649113,-0.16359023474880535,-0.7975641618643091,-0.6250515833074917,0.41370319470274636,-0.06975053245812332,0.28967315653734055,0.06012436129235306,-0.054122985036933205,-0.32317969412956987,-0.0675783569246728,0.1955874333189292,0.048144111106186674,-0.16863833708103873,-0.19914982720242394,-0.07671088170767205,-0.2789974089816302,I Love You
0.006744074678868736,-0.03830332609151746,-0.4309345948060779,0.08761044058756025,-0.6120450851017657,-0.8045224200241219,-0.6351446546958444,-0.4136296161410631,-0.4362545879185772,-0.3344897817435821,-0.31881043254203023,-0.2515196394365507,-0.8053748252393816,-0.10414041586890634,-0.23599391050558027,-0.3498492254136469,0.19085263138689615,-0.2259201977083477,-0.21873720454097692,0.018119304078195494,-0.638978577045814,-0.1626210279068544,-0.0009930741344102876,-0.16560060565298265,-0.620512953315465,-0.28023590305695667,-0.1357079030416683,-0.7508932166313023,-0.6270985401938566,0.42614884702976763,-0.07936350381203124,0.26162045338601564,0.03245082802052099,-0.01138461978096596,-0.31478160637785274,-0.04837891923836447,0.18822841572162713,0.11380660681608654,-0.21128816019405022,-0.22197975395788705,-0.1295734542625327,-0.30162148731226107,I Love You
0.025856630272236683,0.03994445479372569,-0.36779843624402736,0.06930166346473102,-0.5947011720361874,-0.810413049078997,-0.6343589113736519,-0.3775368905204917,-0.4426802332457089,-0.2928064092627994,-0.444631859536159,-0.38008649034880104,-0.9013132320831636,-0.13432168744866643,-0.24806020467739887,-0.38952535881386485,0.1498279532461036,-0.24551283520419487,-0.13198129662552854,0.08368859302759325,-0.6327772700192797,-0.1484492193370021,-0.054883524026199136,-0.12782155094765058,-0.5960427037462184,-0.29180209574350363,-0.11899589439468797,-0.7734340853734459,-0.6268260810312174,0.41950061852839016,-0.05309257262497369,0.31099965027652865,0.034573602838100445,-0.0634747729805584,-0.3285140970954514,-0.06721746031740525,0.23165255596803908,0.046999720855612354,-0.13045173841160693,-0.1588564533205225,-0.10892229056816075,-0.31513597620165096,I Love You
-0.021372912133027597,0.012907013930952591,-0.3718849647392493,0.1255844672206423,-0.6151900152040016,-0.7606994668111421,-0.6486335689065673,-0.4223052967862827,-0.4480061307527142,-0.2279743143370585,-0.3094397157016256,-0.30033497628802575,-0.7681829259664323,-0.07451669986216927,-0.29465569158743304,-0.30993599257174326,0.24129087043526432,-0.23623892915018907,-0.2159933941304174,0.05500504124491494,-0.6523208987700726,-0.12703332356795569,-0.023817572037236015,-0.13978686937048662,-0.6216754136635628,-0.30419442898797844,-0.1379015707283227,-0.781791833989259,-0.6645985804052071,0.4521634134435193,-0.08933238009115829,0.3225267273111333,0.05120475710514753,-0.08437069737863302,-0.27794105655950796,0.021337566285045406,0.22784962659445182,0.12645735431320154,-0.1857130364837732,-0.21178690025153632,-0.07499308299832429,-0.27504428755183935,I Love You
0.026842008243589448,-0.013133479428155116,-0.43043318449473733,0.045311284338956356,-0.5827945032408721,-0.8100371170647361,-0.6928195738538102,-0.36480402413034074,-0.429770709211495,-0.26453877629138745,-0.31628465339474576,-0.2944600756000284,-0.8942688721328873,-0.10790356345999373,-0.31138967717205746,-0.38002437438061926,0.17369959590143463,-0.2644311582759224,-0.18227226068584726,0.07003702213929465,-0.6565747060658225,-0.15217182309296207,0.02137132853552195,-0.24762742223229306,-0.5945676946546986,-0.296403457978426,-0.15959380050859495,-0.7984212134743031,-0.6100834039783197,0.4688090559379742,-0.07968832339038877,0.2650677375168641,0.0060090951942440365,-0.0146345075283268,-0.3003177598953831,-0.024958672818560644,0.1957157704166972,0.1003303408673232,-0.1802301465526519,-0.20891247082049116,-0.058642116544502534,-0.293337943058222,I Love You
0.03871624985766808,0.033505961405520965,-0.4059339955695477,0.10787730672635695,-0.6309177189436134,-0.8006713631823134,-0.6735083450378763,-0.4641223611818873,-0.43483971460545257,-0.3030025461139498,-0.36667808882487124,-0.35296306253826154,-0.846659649315155,-0.13077556706248422,-0.2787263289763419,-0.34535156923064764,0.2394056140080695,-0.20889469756911574,-0.19281348315772873,0.05994623182874865,-0.6980577067358061,-0.13513639801016283,-0.028149952463401517,-0.15454525041056727,-0.5568798721200927,-0.2597776457857347,-0.15468631983797454,-0.7549527039478702,-0.6340124248648653,0.4264168659758533,-0.10234417139620652,0.24712283578680838,0.02727785725969143,0.0013149252914750192,-0.3560710446833081,0.006299960683736547,0.2333570483023722,0.10615150632714734,-0.1661315136083086,-0.20307343162780475,-0.0801059257490514,-0.31654901250139306,I Love You
0.0009491423273751804,0.004194784834125225,-0.35782109152932684,0.10698436906182854,-0.6084841930563593,-0.8013108794465865,-0.7051859779899129,-0.43309315324722586,-0.42040150566273926,-0.289044749901381,-0.35971665051045454,-0.35485387370420596,-0.8676198208932351,-0.05711915809123485,-0.3001445409388972,-0.3591435551465583,0.18253469228695532,-0.21137839594297295,-0.23235644412711515,0.04387429164040115,-0.6224483164582498,-0.12407036938498416,0.01598282431771017,-0.14622491687727363,-0.5506446848335098,-0.304212817467732,-0.20540074004910763,-0.7431921186038234,-0.6664984051866709,0.43099287976244316,-0.09433425367518655,0.3068015958480855,0.011746793049526595,0.004071346775920463,-0.33981359442711245,-0.014480912459202154,0.1768491099966823,0.11069517646353665,-0.20872224765737166,-0.1982094549376409,-0.04170367614428512,-0.2991912922882029,I Love You
0.035492315433529445,-0.0007882343978225221,-0.42940988934917335,0.09517536256734108,-0.5836502013250379,-0.8555098754735206,-0.668119678609645,-0.4448353347085059,-0.4833755099038477,-0.25806843687160863,-0.3010354842846321,-0.33058631027891827,-0.8864066698835283,-0.1110515256602113,-0.3169736484605302,-0.34479120820465103,0.17949984764116536,-0.20304021713140805,-0.1799384535755306,0.09590449720705624,-0.6356609772250645,-0.16180239101341917,0.10352588029962762,-0.1572053171620491,-0.5875541473428284,-0.23542028206141155,-0.1691543542392725,-0.7824028665841614,-0.5833006047109457,0.4708079891442856,-0.08077612203262641,0.3393737884511487,0.02371646270488974,-0.00395325808148957,-0.2719411173585654,-0.032705061837678774,0.21054546461161128,0.12502199493840327,-0.18926842130290697,-0.2219105911080531,-0.04137696954378361,-0.29343847325259237,I Love You
-0.015167686199926343,0.002823503150422026,-0.39900244266087276,0.04293690758359901,-0.5807223140740141,-0.7860902927282186,-0.6341352575071181,-0.4232100190384243,-0.40640885340977895,-0.2755651031164161,-0.3370153494492346,-0.32864995835756294,-0.7829468495650918,-0.12811942828036815,-0.28957337784983067,-0.3494071732937962,0.180800188256005,-0.20040678845660453,-0.17675760635575094,0.10151112245878426,-0.6255472569725266,-0.16123991746155408,0.0031921799410702346,-0.20382686954940016,-0.5485884355836915,-0.29375208044534334,-0.18071616462109164,-0.7448377355333469,-0.5892812422668225,0.40909126321270844,-0.049780686867524834,0.2774859076498414,0.06913362360906657,-0.048149016665690686,-0.2953436695193238,-0.034373637702929345,0.16305018600567656,0.051762608027795844,-0.20057145987521874,-0.16770933288508338,-0.13966107972209574,-0.2926230690956777,I Love You
0.007406715675419518,-0.05046886894587725,-0.438165265860512,0.06605234205987653,-0.6006213568683647,-0.7543536053613447,-0.6515393721214707,-0.4274495329766272,-0.4726049010944437,-0.32097695184484293,-0.3525488266154633,-0.3640421124070858,-0.8468288887791008,-0.09088239445921634,-0.3186932111886739,-0.3643134418262208,0.16084239846019732,-0.23327149613102122,-0.16686017797365618,0.10109640111641618,-0.6466628897390662,-0.123352794442878,0.032354424477859633,-0.13105780321794963,-0.5904230630009414,-0.2819963731516374,-0.18952285726144488,-0.7877621769956114,-0.5960259082366205,0.42652205081811073,-0.1261777037163384,0.22379399938761846,0.09064387154568786,-0.06149983326530803,-0.3379942507807586,0.0011874053885064448,0.16058428231661934,0.11018384167865486,-0.12362356909507771,-0.13407113101026313,-0.09478987238461253,-0.3030025550772328,I Love You
-0.011891516190647603,-0.0005385088405838677,-0.3753102645325732,0.048036513502371286,-0.5827633971207797,-0.8042086078361529,-0.6427331975395597,-0.37717768248139494,-0.45993632138865836,-0.27754916842852284,-0.31440768980602213,-0.3075788660048873,-0.9199191286197261,-0.06424819546696056,-0.25503117644852913,-0.3430058354280983,0.2101615357709212,-0.1795344274286668,-0.2032898272135751,0.10998908415758891,-0.6622228030815104,-0.15527612623077997,-0.01519749632406334,-0.16861006156911043,-0.5514699012331525,-0.3152255536147834,-0.1532935305874948,-0.7534089649186795,-0.5782487930186468,0.4797404994527333,-0.11310963629097076,0.2693584987586335,0.01062744910734443,-0.0464477281855038,-0.3293605438627018,-0.025242996725252383,0.17129991207119982,0.07291779677766522,-0.20200058337194216,-0.1827073048615125,-0.08327947409924995,-0.30988049194777006,I Love You
-0.02525639093509318,-0.04812162215021244,-0.3653123997195765,0.08135405709602408,-0.5208873276730459,-0.7751599371164464,-0.6289106449498783,-0.3868356611382426,-0.44296689168441766,-0.29215546361826106,-0.3704957695709107,-0.3034889653137247,-0.8377934278567155,-0.07243967912803626,-0.27998692806629466,-0.33999488477973916,0.16750051664221213,-0.18751603710424522,-0.21588324391388813,0.08827923780285678,-0.6410816798032761,-0.15547998388814607,-0.049886689248094675,-0.1425831098405303,-0.5704277413889861,-0.3430841891210599,-0.2030984544948819,-0.7023212287175875,-0.6155325857333965,0.42996023834435876,-0.09817281339585096,0.25566388279012353,0.020382507713051928,-0.002689064380212672,-0.31787742804260555,-0.017346409723571786,0.24981273577172175,0.07682719619340467,-0.16919662703678728,-0.16735423281442802,-0.10935353285310787,-0.297299863450481,I Love You
0.056169735738790826,-0.010207511413794468,-0.38220801539975535,0.0857817814141744,-0.5482144904820272,-0.847707715508589,-0.681839544210097,-0.46100592037804256,-0.4687486809034535,-0.29543030043531754,-0.3491992613230319,-0.3727272363441624,-0.8478966360547208,-0.07712071521710509,-0.35038272719340374,-0.36972209111239723,0.2578860070741449,-0.20801999706873775,-0.2644698746202716,0.04354818391853396,-0.6558262706412218,-0.15069110052545073,-0.012974537549225309,-0.10800128627049745,-0.529513741660378,-0.29608220716853834,-0.14561101234723361,-0.7353426321025227,-0.5908174319041866,0.4106511404930307,-0.027197834667747736,0.2845270464287903,0.03887479941299676,-0.031860441248334696,-0.3215976744301383,-0.02730279850222744,0.16126495410271935,0.035106951031580985,-0.18468428833695233,-0.2238988687501964,-0.06494131350951077,-0.2896277435311057,I Love You
0.0004044005909010616,0.04444724371663155,-0.4144452419057581,0.04627136244209067,-0.6089114282511694,-0.7632146458378256,-0.7403158701292217,-0.4194613693351652,-0.4304585153782581,-0.19465846684062818,-0.30494284300118807,-0.33310000432236825,-0.830121672537527,-0.1478655711600882,-0.3359172987919356,-0.33114544627819414,0.1864912649909437,-0.20923487563679144,-0.20891419888449775,0.08540943293388216,-0.6595154785480437,-0.185392137210622,-0.0022190626685468836,-0.21112387392000195,-0.6266634999885848,-0.25227355609691066,-0.17722228763996267,-0.7451624329837285,-0.6190347894651373,0.4183069501394496,-0.11563837238261654,0.2745832927435419,0.031710390361659166,-0.014517143231456208,-0.313736983324457,-0.016170522761991903,0.15123641823973366,0.12024141833429551,-0.21213056427759913,-0.16798090112775768,-0.06629424854672468,-0.3587471351568041,I Love You
0.02210888472554789,0.029852920194987344,-0.3765220577294919,0.06695793920728688,-0.5968197757394211,-0.7775101973520147,-0.6616984239180431,-0.4043546566677768,-0.4605214637187254,-0.24458742425318725,-0.31137597310458076,-0.34170684500620085,-0.8692510934491672,-0.11277181052748474,-0.2634811017547904,-0.3221537648639603,0.1810550496096533,-0.22387230746034315,-0.2629832413204889,0.08303012672998483,-0.6983368526390329,-0.1489410973879251,0.040206163904644314,-0.20321428156630994,-0.6009180034747966,-0.25821731351274885,-0.16519085646686824,-0.7787571060976605,-0.6221820339303504,0.4585711615130841,-0.07750397538744058,0.2864838448390123,0.06089933076859222,-0.016474210456671308,-0.35349416212967394,-0.01671255244090338,0.22532828395999283,0.05712204999416583,-0.2463450589325392,-0.22874401970584887,-0.08444141447961842,-0.2723477979410171,I Love You
-0.026728561025493862,0.016653607999634022,-0.5010298455833234,0.09542508934126998,-0.6144043146180999,-0.735385715394294,-0.740550818557385,-0.41707532400779274,-0.5046690169637591,-0.2907169688713352,-0.3922252210771351,-0.26805483362057797,-0.856410885369765,-0.09726559515084095,-0.30570764496791586,-0.3846424201951406,0.21331340510107744,-0.19869128687012297,-0.18239948761466518,0.049023303400238895,-0.6285439415450861,-0.12311584330288862,-0.0023230445479234313,-0.14695010271082978,-0.599895457587609,-0.3359706923372759,-0.17728389538239697,-0.7774829183755422,-0.619931047447077,0.460487488778247,-0.1346215512502802,0.2732776250746095,0.0015599139934032377,-0.0552884857145052,-0.3421003607261826,-0.03360982163595012,0.21253678490164502,0.10469129037347623,-0.17271282782976585,-0.17883370500772905,-0.009956639843798326,-0.2985647058630385,I Love You
0.030634152084398212,0.02892550303713561,-0.3609245866489505,0.10683145367896973,-0.6275315864307549,-0.7891972212128195,-0.676254067637879,-0.39218480126003263,-0.47392427650000934,-0.2362361046576731,-0.3410334576348127,-0.3118971182053508,-0.8364542545857264,-0.08725698700194036,-0.29740994090024364,-0.3305143560700764,0.24041588691339674,-0.27841843277958184,-0.19373755002709694,0.08688119374135,-0.6679165950185457,-0.22460942837650388,0.022054976939451614,-0.17754985408357613,-0.6331084603167288,-0.2868763071915221,-0.18058342525698218,-0.8153094122526976,-0.6198480845137702,0.4472559060372482,-0.10185831362478565,0.2944363472963763,0.029458396219048354,-0.0005569798780607413,-0.32051786107123575,-0.01162217712555632,0.18744093864195913,0.15326120045164612,-0.19138812201573716,-0.2180360133724674,-0.0843811874324281,-0.32448201545777233,I Love You
-0.03745969301681504,0.021828070627736243,-0.50613787295041,0.06848988705048573,-0.6424550184380895,-0.79407859683766,-0.7494617000323415,-0.40020475417531826,-0.42803967861020104,-0.32320427823351394,-0.3354724910240287,-0.32159671730869693,-0.8175354380954497,-0.13500259045003427,-0.3527134724898541,-0.3055946397614103,0.1569995519316656,-0.23371923648496984,-0.19094480278223225,0.05048612916324316,-0.6705788803949914,-0.12695875290008612,-0.03798432001847454,-0.188800864859002,-0.6418773148861106,-0.3113687689397987,-0.13623026092111562,-0.7208857082231708,-0.61475860220575,0.44581999068507194,-0.07023566414734109,0.26641488303314725,0.03335955210774873,-0.0707809982594018,-0.3461641739586141,-0.03825897869268639,0.16501239150710403,0.056059729111714515,-0.199639808880249,-0.1630960278867415,-0.03465224923229848,-0.3036182491010831,I Love You
0.017465967736344554,-0.01690482366434217,-0.47622781533645553,0.0632102133114159,-0.611452421981763,-0.7941146003834919,-0.686817513087951,-0.4250896479591899,-0.4649613673751914,-0.26390986053509374,-0.3821073254602254,-0.31301661448335816,-0.8633349759909275,-0.028921762770722052,-0.3138850994075482,-0.36507938811271445,0.16477565741798703,-0.23200318951137716,-0.19172079674207662,0.08429387381961344,-0.6329909480235628,-0.13977843767466447,0.005593520286319616,-0.162612104909177,-0.572185199641526,-0.26844982748151675,-0.1633830085218194,-0.750355340591895,-0.6570741711580685,0.5070045857338967,-0.06953753956542952,0.3054224030924727,0.025354265340904833,-0.10084878966571759,-0.3253673968190973,-0.03337651821852376,0.17215638665993946,0.06929494536276627,-0.18846043293331904,-0.1743401743360569,-0.0436937955978854,-0.2975125596442644,I Love You
-0.017021361777028135,-0.01087153620437334,-0.4112723914720677,0.0965567914607438,-0.5891533254163139,-0.8115244753609699,-0.6679094959652615,-0.4031331624809156,-0.4595751591112002,-0.3258104675437514,-0.36773867255497444,-0.2900506360394807,-0.89655159711939,-0.051409043092343766,-0.3562830602157442,-0.3738686232241975,0.17041467350389763,-0.16442801874612004,-0.20915370976381317,0.0791420050384767,-0.6906637789992178,-0.13805225328000034,-0.010732806835328053,-0.18067085175044378,-0.618826241435994,-0.26655484113547023,-0.1489460917506182,-0.7897492718270829,-0.6413113658307305,0.40807734138592444,-0.07988075005174133,0.3137858078895692,0.032114996764946536,-0.09764117738996447,-0.29461449367316694,-0.07612465833697651,0.17538430960290605,0.10019448255830309,-0.1807994497736173,-0.1713039836216745,-0.0996890028180778,-0.33163986177915644,I Love You
-0.0093492817525725,0.029310580069284414,-0.3953682254074044,0.09263032796814007,-0.5624232053614512,-0.7639979915593211,-0.6601337628561225,-0.45197979422412343,-0.42422520529579055,-0.28029648427020704,-0.3530388990302888,-0.35755503996161897,-0.8508959462444656,-0.1097073230060619,-0.2993330042162246,-0.3558624112418732,0.18827239787060604,-0.20129896509507117,-0.21876859364047305,0.06344336301984659,-0.7227954769343223,-0.13059147018565279,0.007011704394215669,-0.17908602638948518,-0.5729181148106184,-0.32680634217460636,-0.17011252546769215,-0.7919593764562708,-0.6028134504632274,0.3630694617729744,-0.0612608413022879,0.3094647679308108,-0.0014753360118188556,-0.029931555283100878,-0.34445278946176733,-0.022827038482001155,0.2214483945479049,0.06409215163166239,-0.21718533376284513,-0.1645929251214912,-0.023131306103766153,-0.2878080365943924,I Love You
0.017053244654763627,-0.009961217374765454,-0.40885757136346323,0.10053752628765464,-0.6076792890753814,-0.7578478631830408,-0.6784858872593705,-0.4074722792192172,-0.45258126792522213,-0.276035915139485,-0.3046292639747472,-0.33270131489245613,-0.8406655977525772,-0.08546864801475809,-0.31536101232218194,-0.3929123168811297,0.22883346750460262,-0.1858482908777124,-0.17246632892627192,0.05338659378975122,-0.6192557903631296,-0.09470495807191949,0.03599341892998482,-0.12436606260152734,-0.5841401480386446,-0.3135489344744451,-0.1565707622120695,-0.7936478982354098,-0.6404148502435053,0.4393421130039259,-0.07992075705796091,0.30047722450590447,-0.027547632829490857,-0.036548884957910074,-0.3009371343312094,-0.013203722123585965,0.2212547107340229,0.10177928943848918,-0.1896595985558642,-0.1824419130872172,-0.09035781730781646,-0.2756097566854877,I Love You
0.012819238598833965,-0.0018516644036302118,-0.43732826507259454,0.12360015094661025,-0.5854306176112811,-0.7352545885456642,-0.6680016520206171,-0.3983427728001633,-0.4916804408769367,-0.26491120549061986,-0.35068641970875003,-0.3122855271710295,-0.8357039160331629,-0.06137651492076274,-0.24044777979589838,-0.37462498557508006,0.21005743987701578,-0.19738931623040246,-0.15055879485835266,0.1067236969622757,-0.6445610861600954,-0.12816748475180836,0.032286729770811096,-0.13016963040931162,-0.6326569621680322,-0.2999208697048064,-0.11974113474062065,-0.8217990656040353,-0.6250355034144577,0.43434049973777283,-0.09068866757649878,0.33401340331003215,0.04049317044229082,-0.043541169694541124,-0.336439368591092,-0.0272001649455706,0.23182014243260785,0.09839378494781781,-0.1823154840842755,-0.2183445503078392,-0.07014525870643096,-0.2930843326213275,I Love You
-0.021726556982885586,0.030792485279793655,-0.36307711226225564,0.09148582676642888,-0.5931379717081573,-0.831491717464902,-0.6616725441791927,-0.402715053015842,-0.45750551079939644,-0.29653051244502165,-0.28576346480036646,-0.32559538874111277,-0.8732745882043572,-0.06526838157908128,-0.29753591383052286,-0.34890734650170135,0.2110129619573852,-0.29628000387417003,-0.2641488268283491,0.12693872159742642,-0.6664710614958177,-0.16651425010903784,-0.03548396314817914,-0.16798525450265758,-0.5985579321161408,-0.24492626711319176,-0.16062636306935638,-0.7721218542337053,-0.6103233235324254,0.4631383570135861,-0.05864472076879229,0.30522800605547495,0.034452492461620014,-0.04936156291969755,-0.3483910536360302,-0.07138511447169384,0.20866050995277657,0.10918994370484274,-0.14545373957842359,-0.18063408407500248,-0.04984028037473122,-0.30655784721171275,I Love You
0.023125273903089587,-0.030044115357910572,-0.4160639870961468,0.035071319603311106,-0.6012545613183669,-0.7616000843222449,-0.6816819104379223,-0.3949855297584692,-0.43952681999228704,-0.29133851125564253,-0.34679000641955343,-0.3016879610137772,-0.8242442276536992,-0.10946258436514185,-0.3460497795917122,-0.34446871890457886,0.16419984837816157,-0.2232201615276117,-0.25357031598765295,0.11678474558666643,-0.665512732220423,-0.1520712825486352,-0.02033915996005395,-0.18212227615292526,-0.6044018129966195,-0.306548423167357,-0.17827557082703585,-0.7214488745055531,-0.6749948851775732,0.43539055117808784,-0.10894529319290858,0.3266796620108541,0.020793217957125125,-0.06333638378693016,-0.32387539039174545,-0.025165904568303817,0.28011019504383355,0.030947240666902312,-0.21425635810607352,-0.1583294732284569,-0.1266352131280917,-0.30235249060698155,I Love You
-0.014500946371147521,-0.019212721403245158,-0.41942419000812364,0.08003540609569089,-0.5704902525749395,-0.758494837620185,-0.6709991110305829,-0.4237224556588169,-0.43996828029077417,-0.25007496987412864,-0.31113962291689085,-0.3259770904137524,-0.7999146027666548,-0.10943007196928578,-0.2702269443412141,-0.32954332052869395,0.163356231789193,-0.210916534754374,-0.2008947511458986,0.08130118665062713,-0.6671914630005438,-0.19945591063324572,-0.016029269888233024,-0.1809518989428225,-0.6252526579763397,-0.3138206284257286,-0.13996697773146533,-0.7661553698414932,-0.5574913744724209,0.4365361251182357,-0.05417665540382295,0.28034130096677456,0.006364794004584253,-0.02403627040111018,-0.27854160713834114,-0.038327105363994994,0.21024486682996063,0.10196835455036224,-0.1812229017243349,-0.1988907736048354,-0.11132066271071722,-0.30297410429755256,I Love You
0.01959881890182993,0.008871363544310978,-0.4087329957107754,0.11176623111709344,-0.5963540536909804,-0.7979262006779213,-0.6617334177315745,-0.41254229097319683,-0.4548202352393,-0.2601776292220536,-0.34224712427603293,-0.3455238995389189,-0.841081782571913,-0.08592198497391848,-0.33753437493280625,-0.34067720239250937,0.23705162856380926,-0.24728544698896834,-0.2250149102039732,0.16896294655849603,-0.6872673786520536,-0.11511937936778785,-0.0022124381689209134,-0.17199653520784505,-0.6120106404980424,-0.27537968772862664,-0.21919231362000502,-0.7574498035202071,-0.6345944815694509,0.3739614832979279,-0.05175464035368718,0.22335987931596865,0.09066842389402477,-0.01341315100055776,-0.3582369629245071,0.004487877140152918,0.17433013728577196,0.07309682512038547,-0.23231198343961823,-0.2234049266392905,-0.10375148700606379,-0.27809706572369886,I Love You
0.03501581598387772,-0.03722366335932731,-0.4061422124591327,0.034808248132742414,-0.5939717577548762,-0.7334812734212484,-0.7371826028045314,-0.4470802757886709,-0.4259041199778181,-0.24886990262735686,-0.36942407446123643,-0.2928710437625599,-0.8702118023021156,-0.04073068212345047,-0.290366082573529,-0.3125376648504022,0.192781086879218,-0.19818818810408334,-0.1886336626974415,0.1199057561403294,-0.6635882320071306,-0.1807081967352413,0.002280572691711194,-0.19382536991436472,-0.6261377695215646,-0.23850738917903438,-0.15311788160234538,-0.7457354927751654,-0.5903143198158801,0.4483790149292096,-0.02936898633935059,0.22374563246643908,-0.003712741371659896,-0.05294190200037913,-0.35867858358530247,-0.032267249160724445,0.2016395021794238,0.15350162876535683,-0.15116919980095936,-0.2127118325871406,-0.06653563943418754,-0.35745085190531445,I Love You
0.004267656794882054,0.002663619438359176,-0.4413213334608181,0.08397996666859892,-0.6229782256798324,-0.8263200383901438,-0.6635532557245691,-0.3856229437092158,-0.43242251018558236,-0.28736887695904917,-0.3610671800069768,-0.3492884953038958,-0.8523446861535962,-0.11709741809729413,-0.2728109135994761,-0.3567423283532256,0.20460266859060633,-0.2598947365068809,-0.23058785323465825,0.11134396177590464,-0.6363970187098867,-0.18978698002694316,0.013740812781724463,-0.16392130662058235,-0.6293220076475311,-0.2774407665821601,-0.21921326931577179,-0.7908443728312718,-0.6045248877188292,0.4307387079072565,-0.0829387013568043,0.28133248177225384,0.04232211442821593,-0.014368839752793593,-0.2936621458784962,-0.03188485629250794,0.18518916610360897,0.07753104932120077,-0.20998827379822926,-0.20956973428355397,-0.0995579535403949,-0.25459408566472014,I Love You
-0.031408127735430114,0.0311208635245019,-0.42229054983961367,0.08382169910775229,-0.5901664582831951,-0.8408998054071691,-0.7077874819888098,-0.45387444292220447,-0.459130125500333,-0.30150159112985714,-0.3016762767898425,-0.35457880004332565,-0.917099324534789,-0.10096769406948167,-0.2802019705569533,-0.30176606286782753,0.17477144648267298,-0.2334041132758097,-0.21037119734283438,0.0980138440473807,-0.6964699182185915,-0.1610445925272124,0.003162709591244803,-0.1724266373003549,-0.6124118958273996,-0.31622416653792224,-0.16163743857192564,-0.7643748002235989,-0.6239037625913798,0.397377855769568,-0.06617567650965447,0.25814690363029,0.07470817400316526,-0.06729938365036274,-0.2945406109555702,-0.09290043053670549,0.1290923196546641,0.07759852877654776,-0.24607389124076195,-0.1755943451250755,-0.08202052762245071,-0.26061052945092056,I Love You
-0.005015801940758001,0.007294507429998314,-0.4223042479423414,0.06379797141117804,-0.6144053315277486,-0.8344622546007293,-0.6721656722312193,-0.4258757020217461,-0.45072980411198577,-0.18951382864809502,-0.3532820657746499,-0.327665732065109,-0.8473685106244623,-0.0562068826524498,-0.29727188321641984,-0.35881679774730274,0.2504317403051551,-0.2436876505920707,-0.21575281369215146,0.1130566328641226,-0.6871474175898129,-0.1307427189246158,-0.009735397963276859,-0.14370364714278527,-0.57876526060108,-0.29085321221279226,-0.2018139158011226,-0.7747818867950815,-0.6229381148623288,0.4565018364970988,-0.07576390885602094,0.30272218857575856,0.03669490426659829,-0.006535176104048749,-0.32341941873681074,-0.030708233483143634,0.19769277317851436,0.08110287254037292,-0.1479316548201395,-0.1677667804219132,-0.04519275972961998,-0.3255524319705482,I Love You
0.010524274532325911,0.0327710113325128,-0.369171518842242,0.04475694027426032,-0.6022886864057239,-0.8040201655585048,-0.6360630128580995,-0.48292077406584555,-0.47914187523592533,-0.23123475827357062,-0.35528216926529954,-0.3761222922140939,-0.8003833350819707,-0.13388915126830353,-0.2737645515450693,-0.39748180029677704,0.13838030378914284,-0.21189287154532593,-0.23538691000173143,0.09373221186418133,-0.608542050753858,-0.15836149840558691,0.05348236611362053,-0.16407198234751388,-0.5793994335537166,-0.3587476911916508,-0.15271057743457034,-0.748554709678176,-0.6332957036480865,0.48671962733270546,-0.10017756271395788,0.2383187356601627,0.04967374829464566,-0.07463203592823359,-0.31510948504176034,0.004540995587149273,0.211795870754525,0.08681989614558498,-0.1888166614060874,-0.15952576078257896,-0.11796387315584075,-0.2793897961100153,I Love You
0.06580826317793106,0.016303102647621515,-0.42139896291542445,0.08521392562411212,-0.616613512359972,-0.817875030820867,-0.6802549590166237,-0.39625574350386605,-0.3993991716470651,-0.3329219361141085,-0.4143619698015646,-0.2881761128604973,-0.8440303465104325,-0.08764944746589477,-0.28938675955560317,-0.35627990686602506,0.24091094076063962,-0.20314224970601483,-0.22336564501684184,0.0748166817101853,-0.6669093290370138,-0.17702425603510308,0.055333367615942416,-0.1700819827924993,-0.6431906242932969,-0.2759946444461242,-0.12862842878765895,-0.7312131260304829,-0.6452879406537572,0.39658156126208927,-0.042561642629022775,0.23785565158157526,0.03734256375982541,-0.048977505458972906,-0.27799779788507645,-0.06729695913429606,0.1729474531233901,0.11275239651287561,-0.1544173981282364,-0.15669813562735938,-0.0671786097460215,-0.29215691006407496,I Love You
0.03147348417881651,-0.041118278341673684,-0.4406479534906976,0.051411991248935106,-0.6827727472428984,-0.7730789467169384,-0.6408976764784805,-0.39996043059235964,-0.4363201522000371,-0.27167686372418104,-0.3395362567298919,-0.2862217928699855,-0.7992689003515477,-0.10848562764212848,-0.2711615629352488,-0.31379129232554426,0.20116804298362329,-0.20626968985122662,-0.19933944989017147,0.04110172901425487,-0.7097238983716267,-0.13021234004836707,-0.028362632001047765,-0.2154792959678971,-0.6703397213971176,-0.3024219182250086,-0.16056963302365987,-0.749389992842736,-0.5969757728617409,0.418108739950449,-0.08216293779681005,0.31195950397252215,0.04013437787703111,-0.049467819735432204,-0.30841773996147415,-0.09518187455018129,0.1968452129626529,0.07568948128474084,-0.13272557266701882,-0.22680276309571834,-0.0778660662867547,-0.3155064308415918,I Love You
-0.01674675238463287,0.011319956265644675,-0.42680451132901553,0.14557560287002552,-0.6614398882831163,-0.7794085550786125,-0.6863320727300883,-0.418149754891538,-0.43865870117713435,-0.2442931543618338,-0.3332383805870478,-0.30703859673206224,-0.844352388414385,-0.12195800136033401,-0.30709995056699063,-0.3160863377768343,0.16933580624440628,-0.25038121944200664,-0.19135400378381676,0.09566050548540422,-0.6857296086651498,-0.16070281096785188,-0.0008013813296548107,-0.17360927690957023,-0.5886786349918612,-0.3003068043291867,-0.15085238949406948,-0.7790422950550803,-0.5725044036971038,0.48048931370918024,-0.11107350092359294,0.24981990047124736,0.05556127139721315,-0.02418524246163941,-0.3008570430481251,-0.055297588216266715,0.19286790173183688,0.08389651642247886,-0.1691568444899963,-0.23485764009230922,-0.08434645722983423,-0.34031480133770864,I Love You
-0.015466913313022265,-0.002920434368107238,-0.3990353996465434,0.10772549528072813,-0.579374656486711,-0.842827380728791,-0.6458656380567035,-0.43598426309838495,-0.4648761243602016,-0.2661633104194454,-0.3513006157398225,-0.3262237212318529,-0.8293226723477297,-0.11382998024662491,-0.3099374147792088,-0.35529762508486723,0.21040442056069897,-0.23185199725087585,-0.2251985024987435,0.054913621226142954,-0.6898888177789816,-0.19422925398331145,-0.01644316757358858,-0.1259937846363753,-0.5873483860113069,-0.24983031610569006,-0.2003042404371588,-0.821469540290882,-0.6130021661191362,0.48546163697175465,-0.09994138294442673,0.28963945297429255,-0.020871017704453817,-0.03107555384297945,-0.32115672282059127,-0.09844626299266565,0.16572143050756644,0.06073963762679636,-0.22567466957053245,-0.2192316801493009,-0.0661033128491669,-0.32163692203945343,I Love You
0.0344546781014503,-0.010882789891572377,-0.4044718664909918,0.1049402781917547,-0.5561857021647578,-0.8198269771958862,-0.6705174447157558,-0.4450390821003741,-0.3960595057721945,-0.30541640520069113,-0.32968028523431686,-0.29029468482135623,-0.8816401002130263,-0.07308179414932438,-0.3342090322356286,-0.2808231828593467,0.12491510938139784,-0.2634163915418406,-0.24358328499329873,0.052882570399066395,-0.6469772990200088,-0.09972067349739017,0.039302619067099455,-0.16678366637451222,-0.607788119416146,-0.30634157503315385,-0.16006752860897264,-0.7693017319396384,-0.6168112989083713,0.4076265522036551,-0.12143616925249978,0.28734904262972827,0.02631613174773301,-0.04979973242574606,-0.34040239204568234,-0.01890274362813914,0.2104899671891561,0.15053804630598513,-0.13685497926289475,-0.23330131393993703,-0.08709119862580603,-0.34358450977658944,I Love You
-0.0551770760720858,0.06586467262930162,-0.3698495164265144,0.07112177026758314,-0.5649008168329586,-0.7565920694641226,-0.7414021550443717,-0.39112216981314835,-0.4624719844497842,-0.26273288602513234,-0.2508947062353788,-0.28951762366065986,-0.8495908131982254,-0.04828450523167323,-0.3620889673739064,-0.3355669314792135,0.19748054478211405,-0.19672632029599796,-0.22519224087053474,0.09702137296497608,-0.6369242170985747,-0.22339993803215102,-0.0048365566621102005,-0.20090010299762237,-0.588211419771628,-0.2468155567879025,-0.19015529919951712,-0.7956984232958667,-0.6189787077254846,0.39525736979244847,-0.09217430049477672,0.2766284956040856,0.043618119380293995,-0.02246587901252796,-0.31256518185382215,0.013450583038350665,0.2049334071291487,0.0817064083234249,-0.1871385863996337,-0.22041518215527164,-0.11192551250903197,-0.34432172090700974,I Love You
0.034026973401202254,-0.021549211718603516,-0.40478094728467096,0.08101990071184494,-0.6030788208592138,-0.7637296453015583,-0.6784885370895439,-0.4443205220200308,-0.46464575257863644,-0.24842735603786004,-0.3266952159859671,-0.30940609619913056,-0.8528994923312541,-0.13281602481397248,-0.2892261935540193,-0.34308954926325363,0.1900265097060681,-0.259349420473977,-0.22914413248184634,0.05741111233309011,-0.6506223987097017,-0.14069725945607348,0.003344109764834973,-0.14477319341772185,-0.5633542565893392,-0.2775590151927025,-0.15166758742730702,-0.7792841184368914,-0.6442564805371042,0.4601460167184367,-0.11162357889441296,0.30749686293576844,0.07779917197841175,-0.01231729021207809,-0.31983506301553527,-0.07586466017203863,0.2017406050509133,0.12451442563856235,-0.18365167234281302,-0.16684122180694502,-0.07041570297220567,-0.29390123183485783,I Love You
-0.009503647853520553,-0.043681314918495195,-0.42701173666969733,0.07702425800630257,-0.5849388762189558,-0.7988004176256381,-0.6512931893036584,-0.40819968881868096,-0.46285287110920076,-0.2986720101709634,-0.35929181281409717,-0.33225542774351674,-0.8569282455775485,-0.12322788895337106,-0.2742241575340911,-0.3461047756775132,0.18989782794005738,-0.24257582417179482,-0.2411855706634922,0.08069508016666879,-0.7234498605861687,-0.1303166823837476,-0.016471954714544365,-0.18183187729700803,-0.5952680273388596,-0.29488975870122874,-0.2068509519981908,-0.7178666064478292,-0.6684710863445947,0.36275734692471084,-0.0591433011007222,0.24280202659939715,0.06379852321826814,-0.020615100423834375,-0.3089169774859257,-0.05272578132929263,0.17207950777268077,0.08295391643392977,-0.20459941050168676,-0.1612559994946925,-0.1036488866945696,-0.28745103047531967,I Love You
0.030156231843941426,-0.026435536200602926,-0.40296066898737404,0.0631994932772521,-0.6074078727165305,-0.8121027269369948,-0.704651445074609,-0.4119066883661935,-0.4841458814737414,-0.24634895950818686,-0.3736367031608673,-0.3750911524907671,-0.8533133453963831,-0.10210978097205002,-0.29375891702707513,-0.34812914364180547,0.13283542858239422,-0.18830010649729448,-0.21825782219103274,0.09280593881933066,-0.5965387414123428,-0.11511781328696638,0.010964624398131121,-0.21499282998843056,-0.6487656553895608,-0.25328937624781206,-0.18385419074464152,-0.7680900629780149,-0.6568576801325731,0.44322923698231503,-0.05113892657157544,0.33229146609046245,0.012770542405326456,-0.012575392578809935,-0.32025969382476843,-0.009246575264980742,0.19672250529871196,0.0695177587213047,-0.13867814626671282,-0.19452986501415148,-0.09191021643141736,-0.2973080442756974,I Love You
-0.022099209146428298,0.012457563796592097,-0.42014740382376614,0.06617204053250622,-0.5308951210128432,-0.8285624486757314,-0.6731897197979397,-0.41493638335752697,-0.4784902947053869,-0.2843456575793116,-0.38146711886340884,-0.2750838192251126,-0.8537831780730389,-0.09641910892465685,-0.24606954327890393,-0.375393422043762,0.22048851376807554,-0.20012131686702606,-0.26930719518716517,0.07442943815015449,-0.6495052182644871,-0.1526439268374035,0.0057965484150765256,-0.19201567724031707,-0.6294617810842309,-0.29740290808833697,-0.11296043669868719,-0.7902678843659199,-0.6369597964885572,0.43071909422583365,-0.12927592098323284,0.2995434090099944,-0.01242510176755057,-0.06453901290480159,-0.3514647148098853,-0.08487236348036481,0.23489135989394103,0.10988920452084625,-0.15061125709920858,-0.17254814861112241,-0.08640972967425989,-0.3035270741116701,I Love You
0.030411377219505945,0.049152873283280295,-0.45200113076452253,0.1656147942688668,-0.641671636956101,-0.8122023303097601,-0.6815661811871645,-0.4116631380927506,-0.3888074138128304,-0.2438685248816903,-0.32880552538328844,-0.3060136965623847,-0.8353718812295681,-0.11119716348671389,-0.2898564791894619,-0.3486475186409442,0.1563705691571018,-0.18001340403916444,-0.21157130478842573,0.05194713973700692,-0.6914830518900711,-0.13766120062152792,0.03613171520203159,-0.1593511664524413,-0.5934886637358855,-0.3124604094181291,-0.16901318182518638,-0.772940926531081,-0.6283426114765963,0.42649993244458206,-0.10517938348100771,0.3091349591943602,-0.0040584411203466,-0.0708805851105412,-0.34096317057857045,-0.009153079119637936,0.20701627819646684,0.04074428448689053,-0.1603646634375046,-0.19894128202816247,-0.09388790395294988,-0.3099008489819167,I Love You
-0.04000886822876221,0.005197223998118805,-0.4522849567177968,0.07951570681234292,-0.6126634123772051,-0.7752463960948539,-0.6825959024648005,-0.39546054829838473,-0.4835946543274183,-0.27745974133417406,-0.32528107876129364,-0.29980952162930485,-0.8799200139812923,-0.11616325042145154,-0.2892670238236607,-0.3023263175108542,0.19023263757804545,-0.2511959327688997,-0.24265096360891636,0.08960751647285557,-0.6518760991479353,-0.1603492896013854,-0.02772337428365096,-0.14075827795217255,-0.6185372006925203,-0.27234175134000227,-0.2249947564593597,-0.7270029850643039,-0.6430379307354059,0.47019423140966315,-0.06699918546803366,0.24372276344001892,0.03358083935143336,0.01777423581160699,-0.3353446097524428,0.014094833977645459,0.20841352762732893,0.13445227422525044,-0.17349830113059786,-0.2012053173513922,-0.026251538850347297,-0.28099939101570126,I Love You
-0.007059660987877498,0.012716607548898366,-0.43120377505228485,0.09325240494516783,-0.5663334464252282,-0.8031992880404978,-0.7100238633463543,-0.44564675957364647,-0.44551383370798936,-0.2984523302230469,-0.3841728037367719,-0.37303614265380125,-0.810491458211234,-0.09520588242856315,-0.3026927184151649,-0.3796723925217643,0.16421142169066197,-0.23630975053969105,-0.21824071260674927,0.03581019484257421,-0.6299131490090708,-0.15420383601180834,0.010711329050662317,-0.14637058345519893,-0.5829433298695891,-0.30540313413902054,-0.15366569558220378,-0.7452122521049614,-0.6130141981399959,0.461687320472526,-0.061395346352342,0.3084060507134152,0.06717347067183072,-0.031061962833644107,-0.3156740222804431,-0.011078826753744223,0.19148790656472395,0.1086897717712055,-0.19508609326696777,-0.2658709408010602,-0.06343020444264512,-0.34910185841014896,I Love You
-0.020973483822073768,0.024600352140263206,-0.38930553360242637,0.12527404436110778,-0.6627937597240274,-0.7894632762892069,-0.6915187869588078,-0.3869938005588266,-0.40343157876820845,-0.3134931857635296,-0.3407140928734023,-0.31209953133870627,-0.8558843996828391,-0.038563868763131975,-0.3164697195983908,-0.3596801685112201,0.14945701942166695,-0.21327949165470503,-0.3004835885016893,0.07812922943577068,-0.6245343134246455,-0.19561407216088447,-0.04390033410666121,-0.14031403454950386,-0.5705245206100622,-0.3288213320233987,-0.11981733757309307,-0.750064064296771,-0.591031310183791,0.4060976051973029,-0.04070954174710054,0.27854447461842907,0.016853989305680196,-0.01745040897599613,-0.32916784306826,-0.08127611955093376,0.2007945460842905,0.08469425056323117,-0.20132021247224774,-0.16027022499403393,-0.00959662342433791,-0.330215203967749,I Love You
0.005923232543008244,-0.011953187851676452,-0.3456064302598396,0.10476793129203142,-0.5743934296283373,-0.7628887021288879,-0.6798836142953048,-0.42223177974465975,-0.4021544069754665,-0.2508890855906145,-0.3665675573571147,-0.35880483673982044,-0.8574340445338484,-0.05615815363504718,-0.2602222089177589,-0.28612226743880054,0.16039514431138674,-0.213690915508527,-0.2219436919911055,0.08009178956965876,-0.6347070323710159,-0.1550874519983319,0.044124476648985556,-0.18928968839446159,-0.585833115764102,-0.3014334048987167,-0.22691644733773253,-0.793681671252356,-0.6187697341781182,0.4874986347852926,-0.09916893756245165,0.2815093094488382,0.04090512974608855,-0.049904386145388786,-0.33191986140714125,-0.03349149796405784,0.18374453122917594,0.040751754542889554,-0.19778797525216263,-0.17903844904575902,-0.06198633102523221,-0.2625544372816761,I Love You
0.03766608035952762,-0.02700562872993306,-0.4366209050131959,0.06897745493559984,-0.6067639496170866,-0.817041782323176,-0.6890240409357918,-0.4428061892603416,-0.42419021349147074,-0.3026676457272418,-0.37111772960770684,-0.32147162224756926,-0.8240754502092138,-0.09768838180717523,-0.27835598855716587,-0.32677048821956234,0.23863040679495973,-0.19590932719613507,-0.1587215459513747,0.08742003500401668,-0.6206146127191494,-0.11108809023750113,0.0003703343074969931,-0.19445694641548447,-0.623455881131998,-0.2756969814501669,-0.20629092856888817,-0.77664954321184,-0.5865767159700752,0.4498587191096105,-0.15596048149017083,0.24660555038123155,0.09098162837346448,0.0034652756827677003,-0.33489490570290736,-0.08030789739521632,0.1593563094408896,0.1095163728920417,-0.11897502334783325,-0.1400883143356856,-0.1286369886537857,-0.31151458660008996,I Love You
-0.025711431473137234,0.004108509209076703,-0.45419023590708685,0.07364133641512266,-0.6282199345386278,-0.7826355412658705,-0.6992339960812938,-0.42777561036640877,-0.4323948223578775,-0.22495011173272927,-0.27771730696767205,-0.32339811556187703,-0.8484016690822137,-0.051447291147820026,-0.26941069680440993,-0.32421978843624677,0.13427603015483053,-0.18165184913961294,-0.19919159773648729,0.058751090555165156,-0.6827596797266572,-0.13625011301649395,-0.07070041281181813,-0.1775649299082265,-0.6277274830619004,-0.3108589337198323,-0.18551551209088202,-0.8074196283846559,-0.5909192247740377,0.3660168548074901,-0.08030268493033758,0.2611582259543243,0.08572239738225713,-0.031241153400658955,-0.38110707357188717,-0.019250300004804596,0.16406421998519147,0.12378821343938552,-0.15975119409053978,-0.15330817472091773,-0.07575547133749215,-0.278066984507057,I Love You
0.0012826246932724217,-0.01768961370811168,-0.3822857635856989,0.053101368602705576,-0.603291317621711,-0.8154006460088469,-0.6585254079316678,-0.4450406988734955,-0.4599873541937764,-0.2729083318151868,-0.2965588805485621,-0.35305398503819724,-0.8577712115758154,-0.13138076113263203,-0.33391547612748373,-0.33828467883905294,0.18261829836721521,-0.21645401678870935,-0.15770119054852907,0.03539382246620857,-0.5930687486977173,-0.11836284126603486,-0.00512504352442519,-0.16206375137160137,-0.6285609588138391,-0.2785737100897702,-0.10730441636786271,-0.7824262634897138,-0.6294537943350644,0.40715071352831145,-0.10326471953301178,0.27450414137575413,-0.006631530677975308,-0.03983010855959814,-0.31578011738569417,-0.04774942945951938,0.12786866084006016,0.08961201038567361,-0.17970102271787525,-0.14055978879419365,-0.08056186224369682,-0.27457386611647533,I Love You
-0.012770991250682227,0.038945230159620016,-0.44259470595988776,0.10516556376403009,-0.5769911395690878,-0.7775354950784411,-0.6188637356349903,-0.43417121927446134,-0.4053088771065869,-0.2395563831946952,-0.33970657986859515,-0.2819006646195561,-0.8501411939469714,-0.09026521365476327,-0.3045901423562345,-0.3888696871446811,0.2045016641191055,-0.19973516697994498,-0.21307801808905427,0.13843819628534823,-0.6757199997242631,-0.2056050041210101,0.061714925643847285,-0.14346745576104722,-0.5892943564128901,-0.2983340673804923,-0.16153697029292574,-0.8008489660515101,-0.6292479156181943,0.4027427738506144,-0.07752487327293323,0.3142890160709942,-0.0052137186030057105,-0.010174366132131421,-0.3114146414495459,-0.015139360851596416,0.1895747783556882,0.1153620036867937,-0.19915707099597882,-0.24795360253818208,-0.12498438400917036,-0.31772443792757793,I Love You
-0.048375704633186384,0.04651117695161869,-0.41674334642235145,0.11759406515246033,-0.5785900503362597,-0.7981511645907665,-0.5776922802942045,-0.32881092244760096,-0.4059656020529221,-0.30138139505021505,-0.2982015662309794,-0.38953446906695616,-0.8038420567874813,-0.16761836379407022,-0.31399432929887017,-0.31440038936564335,0.19321224243678012,-0.2622543613097463,-0.20482867800676574,0.0971308772605515,-0.6564598345988615,-0.16592948336151722,0.030301189984342197,-0.1394533873573578,-0.6127013083268129,-0.2425610613538035,-0.1764875401580332,-0.7777320479003541,-0.5817863252658277,0.46946639083556463,-0.10398457520530974,0.2636274354466446,0.07914658398652231,-0.035001605397928424,-0.317308517228693,-0.0432223554208013,0.2364898464338454,0.15856668653246409,-0.17618327517765792,-0.1249543779399638,-0.09800165032566535,-0.31112550938532363,I Love You
0.020192627805605306,-0.02450972189350014,-0.39445204195639016,0.07446104733137472,-0.6485258684015935,-0.8506187694971908,-0.6935019396718456,-0.40411192864873,-0.48855806877578023,-0.2688679942015914,-0.3357479205071777,-0.3421077577959867,-0.8735318587822054,-0.08372760262703101,-0.30869570836528915,-0.32122181617456813,0.14287204748930402,-0.21447816323531232,-0.24809293099416313,0.07844994015236487,-0.6954557976534675,-0.18122945867700163,0.004533362018642831,-0.1907695239665401,-0.5640747612804143,-0.25277576248007594,-0.1476571499954213,-0.7394889534153042,-0.6185857089545842,0.46899758095434135,-0.09420259470956341,0.3501661204101607,-0.0020507076120427244,-0.06578651434091504,-0.35925631429949845,-0.07228093147755926,0.14796084635063644,0.10066443736816719,-0.15266821748047388,-0.1964619173091649,-0.12292515111245389,-0.31673183277401806,I Love You
0.025244578508523314,-0.010257863350909724,-0.4382098524414055,0.044602357822442616,-0.6148844132139549,-0.8194205574721056,-0.6863794245857379,-0.4023488974432707,-0.4561965157854069,-0.2686815209848917,-0.32703041762377816,-0.37397276436729054,-0.7891632104144871,-0.11317753857705769,-0.2889289457235813,-0.3847536444179199,0.18496052150150386,-0.21349515259752994,-0.16016465903368515,0.07858358971257182,-0.6236193115265768,-0.14499733360075953,0.06021195704818343,-0.22720371398554612,-0.5936105308161185,-0.3683375507583886,-0.17354180242275744,-0.7324078431307087,-0.5791251197274973,0.4520124367543454,-0.09409817747091669,0.30293882744356565,0.10170631267177209,-0.02966038583740197,-0.2885759961924527,-0.04853550098581428,0.22895435542770176,0.12142322035714614,-0.19659828405680085,-0.17416685599439063,-0.05662290708045979,-0.2804431668044049,I Love You
-0.001234378253190384,0.03687276773414186,-0.44230617072636863,0.09030832913690967,-0.5988600257430351,-0.7632024905706899,-0.7127824867459656,-0.4094074252364128,-0.4624923677367834,-0.2709421568344952,-0.32942177157568575,-0.3754312860436484,-0.8078226355317517,-0.07809977006156985,-0.3301835137946864,-0.36090949249651594,0.22648213728608946,-0.2054215831465186,-0.23888403080032933,0.06205700704639491,-0.6438596385284693,-0.13136721844873953,0.015534709590944605,-0.18254463188152528,-0.5837851006575869,-0.29750743482695746,-0.19744046008338298,-0.7154391804502344,-0.6078297417615922,0.4063099727939514,-0.08135365408401864,0.28740379560583096,0.01571751218183284,-0.02491525023231459,-0.34526291908990075,-0.0094457283233154,0.19665668612941523,0.04595791191294704,-0.18512744023412311,-0.215962033977862,-0.17107861298617458,-0.3073158747239447,I Love You
0.031103335342335052,-0.0032344496090634953,-0.3930140898861496,0.09027073825176773,-0.6158932247252981,-0.8202917232187794,-0.7222720725720078,-0.38886731673778163,-0.42579991513725224,-0.28257448759048653,-0.40191853450522147,-0.3229159772320567,-0.8728877617241818,-0.08661823914668099,-0.3506630408776305,-0.3479141468626003,0.17771673065947888,-0.2901886269242758,-0.16139887766172667,0.07579132542397461,-0.6703815604690238,-0.1376707725477786,0.003128718556073054,-0.16288133537805266,-0.642407083896958,-0.2924161531381861,-0.2290792339078668,-0.7701670323178315,-0.579141589494714,0.384674104516434,-0.09590375975115263,0.222867020123945,0.02645344039540703,-0.017936508656305108,-0.30590281699128735,-0.05371097454279737,0.13251642810395686,0.05699477523513593,-0.14058860817637298,-0.17111666699937225,-0.08410660728342002,-0.2977726518537182,I Love You
-0.030828562959371808,0.03871898711732064,-0.43583289720769786,0.10313416061781527,-0.6420391410196276,-0.8036898800937645,-0.6463351117809737,-0.4450482724492624,-0.4252416537939166,-0.30664872204201665,-0.3682479030470465,-0.3373477540499929,-0.8165952459585173,-0.09988027962147603,-0.28586837469051446,-0.3163500579294155,0.15852178557399121,-0.26365207910451544,-0.22060310323637158,0.1237548148832618,-0.6869831113856525,-0.12326258952345548,-0.0032262694200866637,-0.12111437248041909,-0.540712944681779,-0.25720683095898667,-0.22119780266633232,-0.8351344749984907,-0.6206583091987414,0.45705320038994607,-0.0703510110147083,0.26487717404360445,-0.01836453377985151,-0.00402801771223462,-0.2616491356721371,-0.05575660805617731,0.22159790072912322,0.17232956285762713,-0.18397448613266393,-0.2025706098354417,-0.06457446267375772,-0.3111719932846669,I Love You
0.04017698958717356,-0.012120222774427439,-0.41518988259289574,0.046742555103490346,-0.6092696065002039,-0.8285710686265186,-0.6734063100034036,-0.46656724516931314,-0.41832574857797,-0.3003609279090852,-0.2876667111031629,-0.29595577402173806,-0.8296750852632504,-0.13707440528972342,-0.32326229896278275,-0.37756279521553987,0.15852245018158356,-0.17059354515881875,-0.2145169522257449,0.06582624531086909,-0.6850406824101849,-0.16966621430346332,0.020627331284372802,-0.22261344658996432,-0.6051302479882589,-0.27544430138409387,-0.22386065814055797,-0.8055634249973879,-0.6239248463880831,0.4730831795675848,-0.049299467459982656,0.2683308688738032,0.06849369001228718,-0.04151054756872092,-0.3272532953621839,-0.0328344672189556,0.22202546871069564,0.07597159575222703,-0.1902243530215178,-0.23493106794732577,-0.07083562841879708,-0.2746412725935675,I Love You
0.029838743200471446,-0.04099741466880501,-0.4257453063682853,0.12737992546064353,-0.5952370258166871,-0.7973205363128812,-0.683472234169623,-0.40039652311837576,-0.43914489846090626,-0.29148731457548904,-0.3147587866264392,-0.373165047315406,-0.8060807166045754,-0.1178133367067592,-0.2879889349535275,-0.3556170049404034,0.16736490908706433,-0.1771699835567186,-0.18765045516198817,0.08379361995436724,-0.6102482566126749,-0.12431860589120106,-0.019515571446232196,-0.2416111838295284,-0.604869791339897,-0.24664576472837643,-0.1534801983751936,-0.7158187055991492,-0.6404430115301318,0.4263369752295732,-0.08816955938995936,0.29382159916514194,0.04923832045292358,0.01704934347265326,-0.2621262626110868,0.01434219076603064,0.21691395468438182,0.08397486689036791,-0.1715059211032937,-0.17782905683248842,-0.07731438189874067,-0.3300552778846861,I Love You
-0.01387114946340657,0.02604126000450121,-0.4216534302247626,0.09074108319071951,-0.6045547423550407,-0.8251096593823112,-0.6889263517593192,-0.43037479725081074,-0.46847659223721133,-0.3059750062528843,-0.34420866896177477,-0.31853339277917414,-0.8121270464721465,-0.132759141120843,-0.2562335194066379,-0.34188575174209296,0.1478453813706904,-0.23000804623837995,-0.26625921153136617,0.03690940775527375,-0.6109606473416892,-0.1746901099918622,0.02075551803106487,-0.17713646819535564,-0.6075413144775447,-0.2771098921979767,-0.23432033738041574,-0.7234813531324028,-0.6254549258669482,0.4147252859508459,-0.07134111706445131,0.26495139840910775,0.03246139609073879,-0.036883720366141515,-0.2960767859545188,-0.04207332129591201,0.16594091394454275,0.1051117975833309,-0.18640130978929745,-0.25211595703002593,-0.07543673507359809,-0.318764761269998,I Love You
0.01037269909360109,-0.025651579698582706,-0.45044991840050325,0.12541961667013965,-0.5769076615181894,-0.7985410664382376,-0.6706552173103449,-0.3923278395276275,-0.44802806742133094,-0.3104809255285281,-0.332206492565542,-0.30701184538705256,-0.8279490078636812,-0.08915559524493383,-0.2874669018681616,-0.357371464315144,0.21298149955093085,-0.17748169382001872,-0.24882311507632965,0.11904019250735137,-0.595484866458361,-0.13794343161949246,0.03416146531610578,-0.1932136309200341,-0.6231868114023394,-0.2944359948248138,-0.1838731978123746,-0.8023923344156991,-0.6276734675142616,0.4549451916589951,-0.12433702469957167,0.291958918967128,0.030668555210286812,-0.04096121941822373,-0.30251132602183195,-0.023575154764430534,0.18566853590704074,0.12606826018869755,-0.16146456125022246,-0.1502817861143394,-0.08335928153574448,-0.31229438394233017,I Love You
-0.006253981583961685,0.03534950632299327,-0.41871932253643424,0.08738657408694625,-0.5433729073085798,-0.8386780370102349,-0.6730836261310653,-0.4184839519490469,-0.45524064513205853,-0.3028266157527358,-0.3611081541084361,-0.34932121673716415,-0.8308722339514703,-0.06536147697372248,-0.3577899177322116,-0.38672106508766585,0.19809290892660042,-0.19892933543280938,-0.2538474323715394,0.11179082107336019,-0.6630225398123741,-0.13129892458423098,-0.020903366671473425,-0.21550144662432763,-0.6173352159881311,-0.2960789744585424,-0.18140505597728773,-0.7747435363734949,-0.5717069496426975,0.3788595044420125,-0.11072753270379937,0.2740274513546803,0.026934588944570632,-0.010591329577154987,-0.29144623273289644,-0.003359223956966681,0.21128514983088262,0.04234091675260513,-0.22821391014587772,-0.16306734047740698,-0.048887628318692984,-0.28356081610410616,I Love You
-0.024608095632611734,-0.009675643603232966,-0.4262243450842956,0.05927394792042373,-0.5944306419835792,-0.7336795894046269,-0.6986570445936664,-0.37773705053079254,-0.47428256789416107,-0.3203256300350147,-0.31156569983517757,-0.3436429191103369,-0.8076069866445944,-0.046807906755649116,-0.31277787214484154,-0.31038362930681457,0.15537459646401858,-0.24465108518903017,-0.17776940561731913,0.03912794036763358,-0.662650164109243,-0.11622147836542424,0.044152461940210844,-0.18678076895761658,-0.5777986887505884,-0.3218386391768363,-0.19182080929559361,-0.7561253311788024,-0.6111610926916625,0.39842189311970827,-0.029513011523005284,0.23026107722728276,0.027841153380900773,-0.02604452170504235,-0.36981587921850945,0.0040689497533569555,0.1746272293613628,0.097195197272986,-0.16844172512633837,-0.24111377838695325,-0.11353057241807159,-0.25575061347480166,I Love You
-0.0019749492733799117,-0.08091172454354668,-0.42331606104176567,0.0890288309992608,-0.5956209815603996,-0.8583100109274332,-0.6846674885779418,-0.4416198417686428,-0.44109134012465273,-0.2590356567373971,-0.3291907482222224,-0.29495929813396116,-0.7800273453000518,-0.12494281593045363,-0.31588504371901965,-0.328382264105935,0.17785235966587,-0.29958069259973635,-0.21571403981286374,0.12258656948518645,-0.704445641272197,-0.14709594628437558,-0.052572097486157834,-0.14769984572015754,-0.6008286778508252,-0.30519321972962743,-0.18433820426207548,-0.8080096593786743,-0.5922646641024942,0.4058731763935326,-0.07037234811353056,0.257727651099523,0.09216711997697352,0.014868195594744997,-0.25519475079678616,0.030060944586386147,0.17780589552424098,0.06771760354084204,-0.11749883843867015,-0.20171816880350774,-0.0563698857157124,-0.32126188676063566,I Love You
-0.018126992750379035,0.024898749954050264,-0.4733546250528065,0.11351113696663984,-0.5864678870080662,-0.8142483113039736,-0.6830627325587121,-0.4112146435549812,-0.44061154684911896,-0.253521445137229,-0.3656400468272216,-0.2561467268904763,-0.8519122707679058,-0.09485553671949058,-0.2460849551481678,-0.4055455303192147,0.23968393052392292,-0.2150933079928879,-0.22584293218243154,0.05197258966554974,-0.7006764496543672,-0.16396578864649852,0.012988244812869398,-0.15512583879294034,-0.6000951208091361,-0.3034569404896179,-0.1316143440176618,-0.6828235240175305,-0.577654876507362,0.4190749674153559,-0.07031894918182355,0.3035702073882749,0.07432532925493314,-0.042067169574374105,-0.34635461229227205,-0.001639393555336384,0.20903283416609272,0.06097870220968827,-0.15711566428609267,-0.1423383758046457,-0.10217921000505403,-0.32937149583327785,I Love You
0.0009019125509172577,0.02040898483618741,-0.41650581149279686,0.12404864600440485,-0.5943808822783015,-0.7679940687366071,-0.705412971327294,-0.45347192755582,-0.4579233871808338,-0.31461913699231137,-0.32891083787596276,-0.3975796129798604,-0.8593262657675144,-0.099513433564903,-0.3358247276332327,-0.3598647270769261,0.1817843905122736,-0.17982012742133618,-0.24115971684596732,0.09628227859655034,-0.6459306346366924,-0.1543461382177866,-0.010292504384030562,-0.2079704909140565,-0.5511186425259176,-0.2859714912935928,-0.18126639802166408,-0.699391114495863,-0.6158250285086365,0.5061586330177513,-0.1278708765513052,0.2794707963138882,-0.014885540424848406,-0.03558544495931413,-0.32121432697630553,-0.049395889912912314,0.19845817952120196,0.08196262791928452,-0.18159407415089351,-0.220159806387241,-0.03808177960656584,-0.33590393054553197,I Love You
0.0063709123808654775,-0.0357793548860753,-0.4393067630117228,0.06816794811177561,-0.6061555121292519,-0.7930810242010837,-0.7169900426729161,-0.4290454733154473,-0.4774567388025055,-0.3052850299766015,-0.3071837831441897,-0.37883805590607644,-0.8435039082883421,-0.03999250936326276,-0.26824088041270683,-0.33791336035563047,0.18116862389958827,-0.19579784936375436,-0.19885582144775765,0.1282409320716048,-0.6666149657080556,-0.12367803084481468,-0.005123029110690222,-0.11699584535562518,-0.6129309987371013,-0.3367187537386872,-0.16946856431415902,-0.7400995630514537,-0.5736331890235156,0.3999691558714122,-0.13771397956095005,0.3014863577143407,0.040188138790313674,-0.07425390435139188,-0.3272950195996759,-0.044197533678599556,0.22153512209491905,0.08183037253064028,-0.19134820105281494,-0.19404724711153964,-0.12270976157043192,-0.24561799008913718,I Love You
0.028022045997483612,-0.021053940482917612,-0.4477875694323194,0.05881110590601471,-0.5845998566307331,-0.828655093999868,-0.6912680476410896,-0.467364954309024,-0.4314843883537444,-0.2568632524842815,-0.3467276383478526,-0.3312717587036221,-0.8218722190639476,-0.08593440949985973,-0.2810000429811572,-0.38571341533232495,0.19301707021136175,-0.2120935697527341,-0.17387809021456874,0.0864733455375272,-0.6655242228368917,-0.17042506242467234,0.04938560586630242,-0.244486234405219,-0.5927404905558104,-0.2887621796804534,-0.17730808499651957,-0.772917290415361,-0.624169276212799,0.4442100882677209,-0.10923248527182793,0.29063577915081995,0.036737863182027354,-0.060534271434633746,-0.3022909406505857,-0.024887250102489634,0.17287257116886162,0.058599117311874095,-0.20264626038026456,-0.19342473273154226,-0.0836443701197141,-0.2608237458749665,I Love You
-0.011013871364527316,-0.02667296349091636,-0.39454779266522083,0.06061513411622753,-0.6259271396570156,-0.8216760319534655,-0.7737088264825365,-0.3996342795782567,-0.41952294656642,-0.24672513895665818,-0.2846277211034219,-0.29186757804383073,-0.8557634493306897,-0.057657499313779635,-0.3073548426132597,-0.36345320939808956,0.15898891069627513,-0.22592582939378522,-0.20006847100050723,0.13299629960279755,-0.6407440456508485,-0.17685033173514933,-0.026675109714311744,-0.15674441326322627,-0.5810043754033972,-0.2513264241664179,-0.1798622522368237,-0.7489525315082106,-0.5968188264152064,0.3893219226578738,-0.07704816563947377,0.31371538056181547,0.041526780344521966,-0.03434114660591757,-0.23910873424146495,0.02226062772602931,0.1971233936568141,0.08854973778625895,-0.15727451461046157,-0.19921190456576685,-0.0432201515907323,-0.3406590506709991,I Love You
-0.007220989436315574,0.02055738112113164,-0.38414596409548163,0.04558835655870963,-0.6308239886655733,-0.8486314614733469,-0.7099835833597032,-0.4549567129226646,-0.4315484434761368,-0.26735560030774225,-0.345805445487444,-0.3362956517794022,-0.809917262260721,-0.12220278294121913,-0.3623316807831569,-0.3293587599961222,0.16992733195744608,-0.24845016703561404,-0.19331729913012663,0.02653277370887759,-0.6883310509669641,-0.22537077017096502,0.012421602596256884,-0.1265900298284825,-0.6252709665743045,-0.31189703276663716,-0.11826310652871018,-0.7442145597325952,-0.5510804512744091,0.43467778243706917,-0.0785821953873396,0.3299298476415081,0.021756192078109644,-0.024505866017741525,-0.39004605137236936,0.0164761823953255,0.20856774576065543,0.09102025861665458,-0.1510625238201762,-0.23292987224394984,-0.09790778059104879,-0.2860413810936059,I Love You
0.001320784842345711,0.013398945955223951,-0.40677929801464113,0.10893218421835803,-0.6418261718552233,-0.7599993347783113,-0.6983048175639823,-0.41490830564820164,-0.4657456496808116,-0.28284789349905054,-0.3343177540271539,-0.31502343440160563,-0.8187075167421041,-0.07795937177670892,-0.32229948653538937,-0.3395907229828654,0.18886492348918596,-0.21612515777725794,-0.1939109393161159,0.047289432758842204,-0.7234109959135276,-0.11801110503801947,0.0007075327983144331,-0.1613228797136175,-0.6341025762942011,-0.25028398001298263,-0.16129734180856603,-0.7684231451657365,-0.6139198745977953,0.3776026819769154,-0.07418744126339293,0.33118977826529483,0.03567341543916047,-0.026337456269662975,-0.32691802633180317,-0.0031720838505034654,0.2337718006339441,0.0812832205597388,-0.16752346831534706,-0.1905196065498768,-0.06931328867540146,-0.32582320746083626,I Love You
0.034283292754000314,0.01695655343466218,-0.37818625083062796,0.05655557160620645,-0.6338996982343329,-0.7365618291596929,-0.6493743512322596,-0.4410929091213993,-0.421677798078616,-0.2882001635507231,-0.3921518578859237,-0.4000860127320112,-0.846404114405396,-0.04411067564663768,-0.25878399032618216,-0.3128697677624562,0.20655657628773347,-0.20837617142234896,-0.17537871581445066,0.02523556928410213,-0.6329097604352911,-0.18734123644369463,-0.022732945071696854,-0.15292517019053944,-0.5802136856810254,-0.306441959140651,-0.15241392950246924,-0.7461496591940656,-0.6318130441718847,0.4344692259583887,-0.022954789743659103,0.2781379214742558,0.018802277284436713,-0.027421532268617824,-0.3228956911468892,-0.011939860357831282,0.24091884009909656,0.08684147943280358,-0.20398642838948572,-0.13823880135216818,-0.07777213956149352,-0.3537772805644951,I Love You
0.05586822383090698,0.03378562996963704,-0.3662181358585156,0.13304331345214498,-0.5228524591377156,-0.8294517799142104,-0.7076576721815454,-0.43140818992634944,-0.4633477626083963,-0.27053720141456583,-0.3558875332187738,-0.37276501388822564,-0.8719775750317604,-0.09974730289539915,-0.27009661969253435,-0.3679334221910761,0.20595527766292118,-0.25753547894687345,-0.3059045688913189,0.08156690694165337,-0.6809036599462628,-0.18016319760482585,-0.02531676164104024,-0.19502618939262656,-0.6376961042317596,-0.3150527878220219,-0.21256513887268547,-0.8269196361759023,-0.6887758507327627,0.503686374101331,-0.08727871491838253,0.3323212357049482,0.020887303123565758,-0.036250043308576944,-0.3082069705372023,-0.016452812856022507,0.1594414377289234,0.08284829619384389,-0.16913942121195374,-0.2554918118160981,-0.042446274222021296,-0.2707587257601768,I Love You
-0.06305329141319141,-0.026370014254853875,-0.4111129192920542,0.11527115703059732,-0.5564182851153182,-0.8174639200399215,-0.6136431096661817,-0.4181030592576334,-0.45444621348225667,-0.25737399425899404,-0.33186685660811327,-0.3294319795765071,-0.7858596150796675,-0.08351359209427327,-0.3339538616159213,-0.3758667629810255,0.22583498355205794,-0.1973822366166,-0.2566281073290368,0.03739640295213443,-0.6618517614684205,-0.1352164304390324,-0.015692682801590852,-0.22420584245584754,-0.6418307583338069,-0.23877817345381527,-0.15689061796405826,-0.7330351553408003,-0.5875438265594478,0.41107351391361713,-0.09657236119297176,0.2815448007481761,0.03871558205468556,0.0007633987476987972,-0.26131064568953116,-0.011225867208307292,0.221489096566926,0.15204046820662293,-0.18443463692970166,-0.16181595066584403,-0.0640179485453134,-0.28419288677324334,I Love You
-0.0064358377282198505,-0.041826978235984184,-0.4039133822586607,0.10048839579238072,-0.6194653932038389,-0.8012457240421262,-0.7102450336676187,-0.4428426094679332,-0.46215127881375034,-0.3140788843030899,-0.35869491681974536,-0.3156664576381105,-0.8020609118079336,-0.028671576009779383,-0.3164296345098429,-0.31467091169266276,0.19174146090906835,-0.22501773362084193,-0.1978715465747507,0.11862593110436903,-0.6775524302424025,-0.16935069212982767,-0.0076446544245774625,-0.19260395640390546,-0.572109130842736,-0.31106618252542395,-0.18942817271418597,-0.7537015241939325,-0.6155838519931629,0.41755819889528545,-0.03487267101207878,0.26766588793511453,0.021082458264104542,-0.0897242627075587,-0.3265570203763428,-0.07534362907291553,0.16935356971279011,0.035565752778195764,-0.20505800384327508,-0.1997378762447661,-0.08869187699747888,-0.315084609448256,I Love You
-0.009747112484469028,-0.015149712378318381,-0.41529651743264795,0.08670909593173236,-0.5939526853359374,-0.804372546357414,-0.6967980207470896,-0.3932936100155433,-0.4296361720320156,-0.27519850762872955,-0.30533746936601897,-0.3345990260559798,-0.8505796286500552,-0.09299245503518763,-0.29947211431597914,-0.3781901182951091,0.12544740534418947,-0.20945297708922864,-0.18491656414991953,0.055533406694063855,-0.6304112149917027,-0.2031047567225024,-0.012114901680357365,-0.12262026031061195,-0.5973975117103019,-0.2972250326445617,-0.16423114326608892,-0.72714732126463,-0.6658484237593798,0.4693894926546085,-0.10008240711721925,0.3078365101047109,0.007788330205746555,0.018589953091475486,-0.31834197935615827,-0.0755194347575483,0.21094381406517762,0.13327844106060294,-0.1426349787953695,-0.19468102853704441,-0.05700416414241062,-0.3152884906636478,I Love You
0.01773112963653039,0.010884387483848332,-0.5011163921359398,0.059997722494029695,-0.5959667629685826,-0.7933938368907854,-0.6846605546711849,-0.41395904096439684,-0.41149234681242525,-0.2636020703170112,-0.411169357579181,-0.2786472065490756,-0.9029408324474679,-0.062190431580278704,-0.35135519836949775,-0.30797091710541846,0.17331627170875966,-0.20636878455123042,-0.2695224363489779,0.1074490548201218,-0.6501143316401076,-0.13519138367895833,0.03313724520994591,-0.16844546889217768,-0.6143968483872877,-0.31247791177103407,-0.1850931446393433,-0.7268427786564933,-0.6476273148054693,0.3745608269750482,-0.11500729898632638,0.30476624270655367,0.017129469674120424,-0.013786936865924644,-0.3774209216741171,-0.12513118967246467,0.20476477840771978,0.1243823282088404,-0.22961273073445085,-0.18170474306230355,-0.04565851664174866,-0.30277295454978126,I Love You
0.027032725180086106,0.005712229024541395,-0.4221464427980757,0.11464635396073393,-0.5448181734340625,-0.8150789131100126,-0.6864201799508924,-0.44636084316746344,-0.44306597008164267,-0.27891771795997417,-0.3064370138079106,-0.29448605076335643,-0.822104885729323,-0.059531780020098804,-0.3255707197151193,-0.3793220739545191,0.19476076436298964,-0.21729650351687466,-0.14996197205528913,0.027912825373465018,-0.6440159738162891,-0.1356195581282096,-0.01820998738569128,-0.20282804992723152,-0.6182534614336047,-0.3373960428304751,-0.12807973420098245,-0.6820157488417367,-0.6327321559396205,0.4106748447702606,-0.12470706169822697,0.25370085965031675,0.008531704332150315,0.00434129167024503,-0.22161687069868632,-0.05733971122411681,0.16977991939757703,0.05920174530941721,-0.1647591911842656,-0.18715941228735983,-0.07833864977968587,-0.3159705598045215,I Love You
0.040776140974910745,0.022927830879233394,-0.392632496944406,0.1011230465403424,-0.6078837656741349,-0.819798726767546,-0.6681910794740995,-0.40394539979552807,-0.43070664231646216,-0.3211587564213887,-0.3310122278198865,-0.34633850124354315,-0.8721023655160431,-0.06908190202494074,-0.29910752150579023,-0.2800504148196998,0.19619070792423474,-0.2268137300721965,-0.21318620356813553,0.05040512177234317,-0.6256779526468164,-0.1442615231114992,0.014612636910595434,-0.20572728890282696,-0.5847055708036788,-0.3162126454260505,-0.18841700366024097,-0.7592744802342547,-0.6399219901273754,0.4060837908304804,-0.08688537013732593,0.3168851664278445,0.053067324881929306,-0.010699280106857334,-0.3028198942544414,-0.04992185407760415,0.23046769880030352,0.04216446549818536,-0.1652691959074081,-0.17224719011902873,-0.08407517091614534,-0.3243102012350352,I Love You
-0.0011117706815913719,-0.022727850921443735,-0.3988305918093747,0.11838789747025678,-0.5888014075424772,-0.7867296123337966,-0.6609787032361358,-0.3903636003259983,-0.4710705877006417,-0.32036553517528565,-0.33285397239139614,-0.30934692489047977,-0.8931714027782687,-0.0888697480610496,-0.2705755628229182,-0.3541678592966123,0.2272902719334447,-0.1778819435103533,-0.21541901489753693,0.07452996875385995,-0.673083477902305,-0.14966543381190062,-0.0305563573756768,-0.21455186691425918,-0.6762204492413314,-0.28878529556942323,-0.11063317027037892,-0.8227531557104475,-0.6280185124127422,0.42342747812151765,-0.08994329870009135,0.32428899979772335,-0.0004370492900558562,-0.09030934234520308,-0.33343558080605196,-0.055689962381813646,0.12991413107530175,0.10160614349189608,-0.21386325287275953,-0.1999790250891924,-0.09225162561365502,-0.3348619274341456,I Love You
0.0267188152857055,-0.00844379711224521,-0.4126302645290027,0.10760807542555091,-0.5935470516300526,-0.7939936754659805,-0.7085139888510686,-0.4500076374932963,-0.44298695106735136,-0.3030832021943778,-0.31735733883923445,-0.34096468805786656,-0.826286088578419,-0.12050787443969879,-0.338661577144582,-0.30030792273646995,0.17717218225919076,-0.19050062347330476,-0.25229525075204584,0.07707131162841654,-0.6235325714553477,-0.2006497670711383,0.07290820968473075,-0.16772457146310502,-0.6326436518097552,-0.2775922445807286,-0.13852564725385008,-0.7878044299740482,-0.6429544911937739,0.43732760169071483,-0.07149068724434217,0.280631835684125,0.03828522888694508,-0.006315269856093573,-0.31220785716659305,-0.05639918770553859,0.19621341285441585,0.1469287290156984,-0.16829076755911118,-0.16027896854425108,-0.09679658815261136,-0.2947622191860688,I Love You
0.02382945127354637,0.04493273036194225,-0.37743074964768425,0.056437868637004604,-0.5676465297258328,-0.747763671499073,-0.7010350644255039,-0.4434742889158172,-0.4484554149118867,-0.26884080578397,-0.35169264695425956,-0.3726805404946298,-0.80157226890559,-0.11673353122960498,-0.3196334604468092,-0.34740035282855225,0.1374818401784514,-0.26436393428558713,-0.2228882094927655,0.11033106539960023,-0.6569632926109559,-0.21549296046830063,0.04633325172729185,-0.1498784539259795,-0.60234519152261,-0.28322488440470783,-0.1515972315024879,-0.6932480515069446,-0.5960779001392931,0.43873872694244037,-0.12219434157700845,0.29152053327768657,0.04941440220683717,-0.035377270267560074,-0.3330906545273701,-0.0190455587732692,0.16719979425999865,0.12028045222919764,-0.1913497771831227,-0.2611599309446594,-0.09500904281440067,-0.3043551907281852,I Love You
0.01657481575018796,0.013111535958031403,-0.45297192848466467,0.09367870870587137,-0.6182222521969848,-0.8091503169104816,-0.7137351928052299,-0.4181674896321438,-0.35374933556929133,-0.21853246740894755,-0.3711517426846822,-0.3351001657431826,-0.8551640174311077,-0.08667391064256758,-0.27693636001965294,-0.3545537899843453,0.1602893108513997,-0.1832025895811542,-0.24695860606848807,0.09124127561994085,-0.7071864894895509,-0.1844932764638939,0.026992410002727434,-0.19418247802863528,-0.6643724575805378,-0.309831420070784,-0.1966928474434093,-0.8009085904231258,-0.605991024666251,0.3834493196993889,-0.10301943564066206,0.29058719747873024,0.015931339951560104,-0.04404746496357263,-0.33908827333225816,-0.07221853099408032,0.1777386962718628,0.11396832388792658,-0.19130422908378605,-0.1924784131593582,-0.04785288221831681,-0.2846473244972793,I Love You
-0.03828839585536082,0.013438796470424631,-0.3828283260877994,0.07254991008740398,-0.6497708251919693,-0.8115645463228467,-0.6781465585740347,-0.39886803970188917,-0.46334476557024806,-0.3352903905485809,-0.3794828247921533,-0.32628086781852295,-0.786024208654292,-0.09159310271276433,-0.26503931438574807,-0.38238277142059274,0.16222707912897041,-0.28810564488645785,-0.19884821541612963,0.05875341828624084,-0.6446303676099153,-0.16878056471272804,0.06530313665585188,-0.12000468558299748,-0.6771767282570101,-0.2704143818343376,-0.19409866289106587,-0.7436310205677339,-0.6628060247456317,0.4730907167395676,-0.05446054221144331,0.24417239361921333,0.02077571835621641,-0.02704986477754049,-0.29582754077317,-0.03601337597249709,0.220432686919927,0.09211856176851291,-0.1599297055042795,-0.23852199367312543,-0.08214617026566083,-0.2681377693809185,I Love You
0.04233261934520991,0.005191189048370099,-0.4172324654058985,0.13105691680901468,-0.6052299522736474,-0.7640078641802969,-0.6869875296344516,-0.4154403223260793,-0.480863927609935,-0.31170421359237177,-0.3118466883750216,-0.28539392356004706,-0.8425730737419335,-0.09592045555437309,-0.2737463858887393,-0.3405531664370791,0.10970656552243864,-0.18808694090085437,-0.25004476639106793,0.08521054985294374,-0.6758479904468683,-0.17293083896679795,0.006056873039445288,-0.14699190885226882,-0.6071359728961055,-0.24585386357143774,-0.12577969197961303,-0.7172914881043692,-0.6241690484728912,0.41550716407807475,-0.08639223691050492,0.3203446274891924,0.05817594023741124,-0.10977797690644331,-0.3082316110424245,-0.10669530578617392,0.19626947355350496,0.0783714311909317,-0.20339046891170912,-0.17200837046798909,-0.10078500665122749,-0.3029265877378071,I Love You
-0.027971035560783404,0.002211656720547715,-0.385466499152321,0.06367958710604432,-0.5830040055865693,-0.7966490915172091,-0.6823686377990853,-0.4271525150378251,-0.4245201600337683,-0.25409820259332394,-0.34519361719558456,-0.33099814712987613,-0.8234551644913026,-0.07468913384491133,-0.31362473343636915,-0.3157028811784397,0.20758037765062962,-0.15455994067069673,-0.25702472112743463,0.10662172904081227,-0.6280407114949047,-0.12355606833489216,-0.0029326452046364356,-0.21469543291159798,-0.5618859679614128,-0.3026030296844944,-0.18066306490449777,-0.701041153407619,-0.6606870520952707,0.45442033895480405,-0.1079949408334952,0.26331297761520367,0.031244618843974524,-0.011630502587336326,-0.2889010681044228,-0.0032107371844553034,0.17564389333990005,0.05993573339172722,-0.1885621909763574,-0.18706167990104547,-0.08753556811844122,-0.41158761271019295,I Love You
-0.05481539473458531,-0.0072141931389113866,-0.38860238595228225,0.0628764864928819,-0.580209966652585,-0.8432267887177424,-0.6761211743016232,-0.40875471824346343,-0.4336602079646269,-0.3044741811292987,-0.3876195638430012,-0.31529693808179843,-0.8915292106803816,-0.11406200118625834,-0.2626751544599576,-0.3455774479650142,0.19271886284574857,-0.19915503905761295,-0.19226404874847847,0.0849236649072393,-0.6896460493173178,-0.07318934722164942,-0.0041302948790625255,-0.16386933964801487,-0.5948714313210627,-0.30413922012016487,-0.18457038725719083,-0.7183906357172188,-0.6446629513768727,0.44222659551507726,-0.05850569413874211,0.2801606846483309,0.023398519039011054,-0.0032145921441061737,-0.3215275734171846,-0.09797118039279676,0.24195802167279234,0.06497727720970958,-0.17181857127395764,-0.23701938904252334,-0.09669280444778044,-0.31573602518410715,I Love You
0.005225132828674945,-0.02631396808399131,-0.35477337249243174,0.09075185209835405,-0.5757708464284927,-0.7986093111071487,-0.6538701872506747,-0.4796597801074596,-0.4688647414432774,-0.2898796145522904,-0.35708713708004985,-0.3215181606970164,-0.8281295001420003,-0.09315625481386335,-0.3059045245590594,-0.2774587665494054,0.19139404641729074,-0.2846533293034424,-0.18683426652829668,0.10234611646351484,-0.6278230506530791,-0.1357591348367747,-0.022493892017344315,-0.14710059837410508,-0.6050964276140331,-0.2567657769386603,-0.12536274691992189,-0.7666936051222789,-0.596219717101301,0.46086330453099766,-0.08061881515047464,0.3453276692231637,0.05758133773380392,-0.04948338689789078,-0.30960470870672385,-0.009849865210301581,0.25444420392931866,0.11286723929577705,-0.16959907045230255,-0.15957160954833918,-0.08795005161345329,-0.33234091144361094,I Love You
0.021112690746844583,-0.011345047747739347,-0.33278534342625654,0.09760498575232034,-0.580906031367602,-0.817193431729842,-0.6458502172554537,-0.41744875121659164,-0.4514584680499399,-0.2772414002113751,-0.37993270110785615,-0.3445942944387572,-0.8293594753191952,-0.13729629753466296,-0.2737755624948442,-0.3587242700353568,0.188998045115792,-0.28491754313091566,-0.2031880266750971,0.054267753393600814,-0.6731471489515352,-0.2007350479581902,-0.021807700393061687,-0.17870748442037065,-0.6162281789880725,-0.26161479585841696,-0.22784185205478216,-0.7645786961071798,-0.6254661047915234,0.4161194882347024,-0.11277748779529737,0.3196502747812165,0.087646443961233,-0.08334358228405245,-0.3451326389226649,-0.06578574843030466,0.18839587027560162,0.1319169118035164,-0.16245275988829777,-0.20210161683063316,-0.08087554700040125,-0.3122118279119736,I Love You
0.022159404898897797,0.02581005385722001,-0.3965194740804527,0.024119649071604757,-0.6018078782838511,-0.8039397498542056,-0.6540491215631734,-0.40946708313498026,-0.4310202201270549,-0.2890846482615748,-0.31300862074087343,-0.3000640539281386,-0.8945541906529408,-0.12982038095418202,-0.28155202230118104,-0.35584588525336036,0.21251765369018508,-0.21064248740908378,-0.1891516070791377,0.06314503846925956,-0.6524095827416013,-0.14343212478643422,-0.016018073487976646,-0.14374993067388062,-0.664935255480942,-0.28191949527518884,-0.21062203851013148,-0.7937066664948047,-0.5929140194396266,0.39685595504972504,-0.11964548132317736,0.3039946285171435,-0.007108485538410255,-0.0013754607484680395,-0.2980689338003162,-0.0589842481713822,0.22625279178231655,0.03608446707613737,-0.16410813261257318,-0.23487298536986903,-0.09706540623507522,-0.31640274629148596,I Love You
0.03844191954054357,-0.015038377755536856,-0.41661699347193376,0.0768706835280835,-0.6316813054057121,-0.829252716203659,-0.6745263801144783,-0.4174319481353868,-0.42484687899884094,-0.2814876401573032,-0.34748033840694137,-0.3141059076209693,-0.8569076770580882,-0.13412242230417204,-0.2789992235480511,-0.3709883470474389,0.18366283989205767,-0.2366925239146505,-0.23911269004528543,0.028600508071082734,-0.6524284283484623,-0.255528517077677,0.04359908978666915,-0.14284025217091043,-0.6353606723470525,-0.24050311907101302,-0.10997574253700935,-0.7712371113783382,-0.6101645128729418,0.4339417891821444,-0.039972831743965556,0.24480599197924374,0.019393949801232713,-0.004339810813363466,-0.29300107300531353,-0.03693917764700797,0.23861085350560712,0.10124589145611453,-0.1748718685550647,-0.17657474892682798,-0.08319328350688582,-0.30113360129697847,I Love You
-0.023618759873967714,0.08800208979633149,-0.42846079782480667,0.11189322124451763,-0.5449403855187629,-0.8386282747588423,-0.6654529930731232,-0.4159453984795777,-0.39388042814857954,-0.3015020702942558,-0.3637582143408434,-0.3385757408495063,-0.860549881025223,-0.10471303894877589,-0.24357275352998212,-0.34686283535682766,0.1581156800863203,-0.22959761375563195,-0.1977908917143131,0.09568318740326141,-0.6799213105148891,-0.20255203242348746,0.0031325387182948965,-0.17612858273832582,-0.6274595129194254,-0.249757313391072,-0.1545623812995294,-0.7589930662951015,-0.6333149648644161,0.4818445588506091,-0.12001549640998924,0.2716870803976706,0.012643994443089465,-0.02295292815357522,-0.29758054434994147,-0.07575217086946082,0.17630322057689607,0.1076708733990919,-0.1982372722454251,-0.20953932224238805,-0.07618708278401175,-0.3320392127131533,I Love You
0.00832833968138102,0.018376795102074846,-0.4131068081783941,0.13277740218347894,-0.5804394256396449,-0.7995713308093267,-0.6934309734103495,-0.363998702335495,-0.46756608952775547,-0.282390913547939,-0.3534850729703002,-0.32514439413032753,-0.7780897604925425,-0.08353452905427483,-0.31408785499449454,-0.34501396923130967,0.14227048483769283,-0.22353064346328538,-0.15881510982106714,0.10542185980024593,-0.625674378380278,-0.1233106895299181,-0.016615242274308502,-0.11644108783121229,-0.6613570626402389,-0.27817578471619586,-0.233589220148084,-0.814436845618651,-0.5944266715632777,0.40911371697016535,-0.04803474385229838,0.2213539389524093,0.023559790966633225,-0.0684000203059196,-0.32726272878618196,0.010795526159163037,0.2505955877223921,0.10962940906428305,-0.2261214624599765,-0.2336865862157261,-0.07656477498511163,-0.32681871542834906,I Love You
0.01973917614786454,0.05027775380050059,-0.44373850836058815,0.06316404093771044,-0.6376151563911953,-0.8059714466170035,-0.6822214055444589,-0.41599283503420914,-0.42079181779610947,-0.2624365884835571,-0.3429519966597797,-0.33585103356876483,-0.843179085833622,-0.09266883103527178,-0.3247390731747267,-0.3867662355774399,0.18592455754804282,-0.23287611789779056,-0.19418452091161217,0.08772164027326326,-0.6621559645157453,-0.12417687047070516,-0.0374896036328594,-0.12072326054550167,-0.6736249922220934,-0.24462683551426895,-0.16577460840374728,-0.7787589244116385,-0.6666427171512675,0.411869011275305,-0.0902916229198806,0.2924325039224775,0.06958295864067557,-0.029719320578734124,-0.30781746851583286,-0.025151518530902722,0.1870153912962493,0.08847533383052113,-0.18149144756879718,-0.17869240136646572,-0.10875428636014048,-0.31783876166021063,I Love You
0.010690176811343583,-0.03229450517718712,-0.4108489059204533,0.07364556082339443,-0.5870435141035762,-0.757128989359772,-0.7001270457024901,-0.3939092542846598,-0.4417042808550932,-0.2857403534149343,-0.3409916202136639,-0.29813979061625145,-0.8508990444107114,-0.051661484725949676,-0.3080246281880132,-0.3930469304450114,0.17725403176015714,-0.2626062817890497,-0.21946900132996924,0.07487860783123358,-0.6080977282651718,-0.10543005245515655,0.007210679994052893,-0.1374600420330161,-0.6200078809872075,-0.33096802493077443,-0.15596492174260854,-0.7521961354081081,-0.6506195128284582,0.40305462185683505,-0.05719430826759457,0.23607906222662434,0.04296046925386119,-0.041356020469599256,-0.30062018105927263,-0.006005760481642114,0.1706118068762552,0.060036367152802354,-0.13429428141763827,-0.19920163146320294,-0.07153398876751349,-0.27531832718889987,I Love You
-0.028838640788441294,0.027058856210770397,-0.39505381535851775,0.13411657368494095,-0.5586246116221137,-0.7964405828390139,-0.6611965446417096,-0.4153037433845339,-0.44336505174706003,-0.3080915121943279,-0.3479254270971972,-0.39092145185982846,-0.8498688632149604,-0.05133342751099347,-0.2810877556626654,-0.347306672276313,0.17559489738308737,-0.23410670988497095,-0.23749294195911108,0.11012222740521688,-0.7086544155210557,-0.2004513539060454,0.03177948089000145,-0.16756514192571095,-0.6067308473223411,-0.28193888885215457,-0.11149714694103366,-0.7613564525918866,-0.6136949099245663,0.4915954412040824,-0.08728904696376007,0.3383745006145613,-0.03699532606900427,-0.06677815145567588,-0.33744624680387336,-0.018135178692073192,0.2500612340051319,0.07651696524587219,-0.14893530150445042,-0.1303692874094356,-0.03442360364335028,-0.31475765027359565,I Love You
0.026056885220732056,0.010182200397935348,-0.43404194453107847,0.10283468117906157,-0.6164163980695105,-0.794613069368333,-0.7251401612679397,-0.4695282091308274,-0.4563184831989004,-0.2646814900173102,-0.3750264825561269,-0.3212896381917033,-0.8444619639520178,-0.0714271597060419,-0.27605647655398824,-0.31036681712273545,0.19975440491737226,-0.2267550414630882,-0.20427175587205082,0.15543758779647854,-0.6330394566474418,-0.1515649997428353,0.00013273232058542365,-0.19174791597623247,-0.643691562864148,-0.23690730527604423,-0.15744474688458435,-0.8011032417376925,-0.6262537838096627,0.4679683541770705,-0.09878951591149084,0.2621503623109523,0.03691810069242789,-0.012177235059681463,-0.33077757625558335,-0.05364108986261776,0.2106591348299449,0.060496181814044134,-0.1944289329472777,-0.20109681708538507,-0.05919546226188836,-0.31547164085637436,I Love You
0.016898607149679317,0.034981050187477596,-0.42945155286011716,0.18670374100503412,-0.5596147337489068,-0.7901700798047006,-0.6892418256036743,-0.4332998760899281,-0.3978842760473708,-0.2679107456866545,-0.384355151034816,-0.3884421477932774,-0.8423711995471179,-0.08690134925704804,-0.33193475626027014,-0.39610722103704965,0.12276357620966945,-0.24067701337007852,-0.22082008014311963,0.10631529692421715,-0.6665134167709138,-0.12179146482733078,0.02280089138212165,-0.15840383315183842,-0.5786981469574385,-0.32975154330793094,-0.1878870338491705,-0.6909951814217032,-0.679680438837808,0.4209199240042864,-0.07109685131195183,0.23027685304102224,0.0036346270315588333,0.027958143144367162,-0.31229387463115094,-0.05288850435090683,0.20315562618734423,0.07695078180260043,-0.1269072265158726,-0.22721685003774922,-0.09705018895638998,-0.3474081001738935,I Love You
-0.008863355241596559,-0.005236973623780284,-0.37838919162301604,0.059513952634197106,-0.5876932457624795,-0.7957418649639387,-0.740563376105688,-0.43839930050923304,-0.47067423335713093,-0.22373455456417696,-0.3248187658394835,-0.33273838461705824,-0.9746061788499755,-0.14818279251590433,-0.28259199225659154,-0.3272128326333229,0.15938879696737154,-0.21706676491114005,-0.21123473396095274,0.09064553751176703,-0.6737635339901852,-0.12925002924900678,0.03783203776237407,-0.20258922637689725,-0.6439067852385006,-0.3120341333123536,-0.17033817775831359,-0.7523686800247326,-0.5988401259383146,0.45899635673006955,-0.0745078529192281,0.29347271710034184,0.07568190219797408,-0.031771745399554976,-0.2997056843656284,-0.02604729290186875,0.1916459290239907,0.08924390862883333,-0.1386241710454996,-0.20019294883193273,-0.09194649856927305,-0.32475312025010133,I Love You
0.01267606274565102,-0.015364140949065234,-0.4043045768743843,0.09534759993087591,-0.6150237415621672,-0.8402112056704918,-0.7146649592606923,-0.4427964251772457,-0.47784327525893067,-0.26056770215888597,-0.2773153117088003,-0.35240819807879054,-0.8572726897122134,-0.10847218677613184,-0.2786953303958682,-0.33788341059971166,0.18115742042658922,-0.2542904552612216,-0.23897050870224903,0.0908209671280714,-0.6559047792896896,-0.15419436044164977,0.0245965603196102,-0.21047805606639697,-0.5989679099716388,-0.28071111671014515,-0.20053789488513812,-0.7811846088902263,-0.6016997418178297,0.3956959507017455,-0.011468179086744884,0.30325781034257515,0.02449493266280176,-0.0394863165863313,-0.293761044301917,-0.04799541824825351,0.18573203357619297,0.13781918985030198,-0.19242964390250358,-0.1934035991873365,-0.10417278612752066,-0.2948702339678239,I Love You
0.01741843303320163,0.05048686527575456,-0.44237887823904726,0.046579661601611186,-0.6102058191149978,-0.8168570985640584,-0.6842516410970282,-0.40098062974772225,-0.3797716841403205,-0.287770297594095,-0.4075026827356044,-0.34421779530853386,-0.8352286193862365,-0.12002363255335284,-0.29741515962731824,-0.3465496703511659,0.18945179541122173,-0.19415745261081752,-0.21241837702491867,0.10198828955651237,-0.7165722324193171,-0.18258246043645784,-0.005597283425980695,-0.20395460917762503,-0.6078777262230898,-0.29846300530036873,-0.18545373801240514,-0.7365234733353636,-0.6199789723490752,0.397342403066521,-0.10348098272473094,0.3091815748240002,0.032206317668812726,0.0039564583853500465,-0.2920101019380117,-0.047326940167313855,0.2399067747837696,0.13977600133276816,-0.23184546077607568,-0.1965326150397402,-0.09786160856339085,-0.31045572228098145,I Love You
-0.02448452415214638,-0.028242626468294264,-0.38722321435390156,0.05497404094346453,-0.5994014639993362,-0.8388177915346307,-0.6457060555823523,-0.41573926388216237,-0.4253636108746339,-0.26837256344046084,-0.3487878968262616,-0.33502736879585165,-0.8005244467423422,-0.11785751017850464,-0.38090610148830745,-0.37428005784685936,0.1453836191811124,-0.18885667729974537,-0.21520951736955907,0.11038569238281057,-0.6616466505383176,-0.1534508004279108,0.009567095101601844,-0.1294000064031461,-0.6024797790536192,-0.25487561087964367,-0.14044480227252043,-0.7679363646846274,-0.6247116615925757,0.4185196201712495,-0.04688599441101054,0.2583531018202826,0.00452528513891421,-0.04020906761043036,-0.35185165916571615,-0.05339377581163439,0.2309235070839455,0.11378371105199359,-0.1909050799020996,-0.17340117228492258,-0.018909181788772406,-0.293248091506596,I Love You
0.04261078378299798,0.025547664503911095,-0.4230915205944385,0.09593482682189114,-0.586413626992304,-0.8206927711536393,-0.7620656896007314,-0.44166254641003705,-0.5124666048685889,-0.29676933967569935,-0.3924139084964398,-0.31067523470105174,-0.8812223743499468,-0.07461146768294386,-0.28142757131955254,-0.32962885320080754,0.12560615756931703,-0.18421777937264744,-0.19732748751327442,0.10969013209740061,-0.6077071099262971,-0.12988111756947585,-0.03083083242668231,-0.15420223175167205,-0.6531841130998067,-0.29003967493817767,-0.18689658231844064,-0.7627331010313073,-0.6677798912421541,0.388022327855201,-0.09886188363493739,0.2799092690942833,0.013441184615801866,0.011591828385392328,-0.30469782552744673,-0.02376918850758178,0.18537215107566446,0.052486586416375415,-0.17840649760176971,-0.14326794065799997,-0.07463503501258537,-0.26924567547539835,I Love You
0.03718172661148572,0.016786237768440383,-0.40765019238784794,0.060383943309177415,-0.6084555152478801,-0.8091705359291038,-0.6738883632170211,-0.45906227774762143,-0.46384109728458034,-0.2621052601729694,-0.36225401669699636,-0.3645467884368138,-0.869486900992351,-0.09910699172451079,-0.37584638084772853,-0.37305888679134913,0.2102388394415616,-0.2081807538225171,-0.19733648114791796,0.030731424883911618,-0.6750293673440839,-0.15718745325951597,0.0185795947961893,-0.14047506944027222,-0.5794338288124313,-0.3057119553822345,-0.18867418446177706,-0.7206771375703128,-0.6332957435571221,0.3973758591136362,-0.09159526692445515,0.32706575599439713,-0.0009310983229596573,-0.04478814234839483,-0.34331241623545306,-0.006963102438593133,0.20547714322001484,0.12201794893760493,-0.1313323076098808,-0.2428490930118165,-0.10414096501989592,-0.3156471057962417,I Love You
0.0020651507887184087,0.015176928233971777,-0.4290020203663891,0.06925764187182248,-0.5735023180348824,-0.7819607532337272,-0.6743117764999284,-0.4810130484271016,-0.41152208146095504,-0.26870666264688203,-0.34604994762770025,-0.3616584750735578,-0.8647318809096058,-0.11766213303827883,-0.36435287946052203,-0.37519977043883873,0.13368510617875884,-0.21971113027118344,-0.24446046450607611,0.10746018253467551,-0.7125330187579654,-0.11786873320673968,0.029747193400086344,-0.20578780656564705,-0.6109036207190307,-0.3137820415189005,-0.15444173795980537,-0.7090419125475476,-0.5870617057553092,0.40922185648782666,-0.08194227273853297,0.3322528320329093,0.04194315995439393,-0.0016183646585260607,-0.29787023270845264,-0.033367185111650606,0.19475755527406954,0.05791442454428385,-0.20125731505474898,-0.2245401890486656,-0.091906815067448,-0.29965500762889435,I Love You
-0.003238023018939129,0.006475914189557525,-0.39433135536847014,0.07754831746676419,-0.5800622018862619,-0.7641986723187807,-0.6713337729705745,-0.432976111642376,-0.4193220397708385,-0.25974629356973433,-0.3226258433714936,-0.29102335100470994,-0.8244611688238946,-0.04370657874684868,-0.3088805492215957,-0.3636169778273134,0.21612411516794958,-0.24746949338139002,-0.15328535678568206,0.12461938128673003,-0.6599749473538088,-0.11767287264155854,0.024518746349118176,-0.21250168855465304,-0.6325643410425005,-0.2795782884885634,-0.16701341090166152,-0.7237937594565472,-0.6134319008686897,0.39179215868919615,-0.10174114055615067,0.3088768744938866,-0.028463430847558934,-0.07426251336592732,-0.32858673465505894,-0.007853473989277271,0.1903390785644956,0.10806952067085768,-0.17813842554118484,-0.20171160228381593,-0.10098002076049045,-0.27744667935303713,I Love You
-0.03762803651227295,-0.007009712532296136,-0.37987453139906724,0.06708851080627432,-0.648892221500307,-0.8618485055470814,-0.6637999917618447,-0.3946318111699826,-0.4580492830336851,-0.3123565875537728,-0.34557348328744325,-0.3017356617724729,-0.8838233568167061,-0.05918947776136977,-0.355282503413342,-0.3847836262126575,0.1849345533837698,-0.1894675352232601,-0.16578835740322517,0.11531485542573243,-0.6160354505717617,-0.14824926704478972,-0.013998891507819577,-0.13827814390341725,-0.5671704856955114,-0.26022601458031897,-0.15342289781181273,-0.7212784675367967,-0.6122344914347205,0.42923776367197164,-0.06361566720439915,0.3009123524578696,0.052773770632285694,-0.03587983647837915,-0.2901295798362285,-0.009926438336075379,0.20324199959686676,0.07173250227541891,-0.1410641444988122,-0.2337757634727512,-0.1100975970326313,-0.2976007628636335,I Love You
-0.07523698502117017,0.04628878002520495,-0.4138176443562863,0.13620038500926485,-0.548081093014745,-0.802988619085377,-0.6433256983158909,-0.4484436223393733,-0.4347234627486148,-0.2884274263686143,-0.32029599505510786,-0.3106012906110493,-0.8505416863653648,-0.07459007017794653,-0.27608444412799066,-0.3450395123530246,0.2578274526476626,-0.2220112699579095,-0.16026195014670863,0.11992389786129352,-0.718400261352751,-0.10892187944480515,0.03686709629116351,-0.1703763574139383,-0.5970094016042128,-0.2733669785214296,-0.13054045902292136,-0.7754299132679051,-0.5749135534581244,0.3973319380510611,-0.1381853152293655,0.3043895369688117,0.06398582272052493,-0.03730924797767837,-0.38533364843365137,-0.08038314158594088,0.20993003646447664,0.09393989304130712,-0.13975446052705015,-0.19529830775271118,-0.10358407261733871,-0.293369014569014,I Love You
0.030468361777822375,0.04053703291625664,-0.4175886922876427,0.09203861359945277,-0.5788239430519863,-0.8208019288690502,-0.6616850276853559,-0.42360149996358126,-0.44998964754481396,-0.27414544471871233,-0.33730287531820663,-0.2796649794202768,-0.8598138995956577,-0.10345952929068965,-0.26102350551032083,-0.3373333910526701,0.20468291439323114,-0.24880462658216151,-0.2025446131303926,0.1098734322602621,-0.6828344868894964,-0.1348562958394962,-0.0014831790918930603,-0.19316335872305915,-0.5776798629993181,-0.25401331254845183,-0.16793785165771496,-0.7495164853840863,-0.5827559537934511,0.41798908839430426,-0.07492386416376381,0.2749946587199008,-0.0043387029850329994,-0.04376118062370389,-0.35115539592720985,-0.022888252639607087,0.17367611396465105,0.0523299296170105,-0.15600166868477117,-0.17715585353969507,-0.09127437383404706,-0.2815453969522439,I Love You
-0.02418287820937114,-0.011169493107634319,-0.4020385072157293,0.12102994237206877,-0.6136752817178289,-0.816220971911513,-0.6543130187817391,-0.39825968698923575,-0.44326067141032294,-0.23879217142976286,-0.28278040667467425,-0.3261009924674537,-0.8634406023339053,-0.07601543715541464,-0.32902364981134075,-0.3134092334261342,0.16060676007637165,-0.22369132401181646,-0.2350679314471202,0.09102735783445355,-0.656079769364357,-0.13143170305566867,0.00823801214063095,-0.17241272354634582,-0.6252920089382692,-0.29674112565584815,-0.21358710775463394,-0.7212265900015735,-0.6253226807623268,0.47907459309435185,-0.08901218260868592,0.229521232758712,0.012703219310019258,-0.031999933485358636,-0.31544657840955764,-0.01534981549747378,0.20205793585020698,0.0841316537032161,-0.20573256512710164,-0.2096770904203593,-0.06323064854084795,-0.2768890670194033,I Love You
-0.020215710416215418,0.030209893686382966,-0.3971864893251856,0.06340336169411186,-0.5948009494848394,-0.7872506669536917,-0.7157215139768003,-0.4573994083453864,-0.43350780505291164,-0.2878540165148114,-0.2958275207930071,-0.28544650747324307,-0.8315847706548894,-0.062382507148406874,-0.3351412366116568,-0.3906310169932709,0.17741381372947523,-0.2564939288824838,-0.2007085072319355,0.06205186874196482,-0.65688972379251,-0.15890413922724783,0.023769317667610056,-0.16401057156527393,-0.6201933005194802,-0.32920227632600174,-0.1669244006892623,-0.8153119134681597,-0.5851104187634376,0.4457217225553729,-0.06009807401575461,0.25750044131653166,0.03689747013153929,-0.051919830728670506,-0.31293499786569867,-0.06560801619290368,0.1943382654971127,0.052885626597394673,-0.1830837917667692,-0.24681749163310754,-0.028953012581191463,-0.29782929868038666,I Love You
0.00017040648418944134,0.020281711663477916,-0.4532376161615363,0.0665933587234682,-0.5862703065531099,-0.7935000388962778,-0.7053777323516476,-0.39719890822932785,-0.43864043779970874,-0.25905901869548803,-0.32949841770151683,-0.3575205858188178,-0.8480198784325764,-0.14664639606982882,-0.3197505993248766,-0.358034415330661,0.20045884609087214,-0.20253258414379596,-0.23250009252372497,0.062335981696310015,-0.6233941690372675,-0.16252833366695588,0.008076244076361235,-0.1502432757763983,-0.610460656327607,-0.2927005040381023,-0.18125967479832253,-0.7783098072266047,-0.6182065502733736,0.37517979034603344,-0.096214805166413,0.30279248880153214,0.038925406663199595,0.010410193374585729,-0.29228456399091,-0.02340720111987559,0.1977014095771408,0.08054554553700247,-0.16318482645218588,-0.1877813537174651,-0.09259488485794942,-0.32865419876066837,I Love You
-0.0015929443627278367,0.03468020890281302,-0.4109521901479301,0.09086781298934862,-0.5895070913945667,-0.7839040617741504,-0.6763210120749624,-0.4179026894642022,-0.462967837712989,-0.24408003515013085,-0.35399942198277096,-0.2899086381874557,-0.8411136911483602,-0.08935397359888107,-0.2816262806195698,-0.3702697010140238,0.19887226032082914,-0.21443936357868892,-0.19761119822628131,0.06505432474498506,-0.6833925103932373,-0.2086866092819728,-0.009068856756271929,-0.18909192650263373,-0.6280967163246116,-0.291614557802454,-0.16987175717662428,-0.7480453791652331,-0.6055199475012574,0.4493680554575735,-0.06461232482242263,0.2948443521885782,0.027871843475657156,-0.004048638286625512,-0.29660851376697334,-0.08011390757759651,0.19165788115331733,0.040139528061479336,-0.23297164364955764,-0.21275229550510588,-0.08520621142726792,-0.3153667748631702,I Love You
-0.05328269641686452,0.02325287632929048,-0.43546669301467195,0.10469717363360218,-0.6225852330173182,-0.8132726494787504,-0.6707777057628407,-0.4271146944538016,-0.4426071490041698,-0.26590606555546786,-0.38400446933547083,-0.32274483390750014,-0.8738728778986464,-0.12426660269091205,-0.3262236978378372,-0.3262394766038283,0.1336451522573507,-0.19836717599147968,-0.19975104955769596,0.08779217215559998,-0.6552031030610577,-0.1624141848359112,0.025117366971186446,-0.18659755589414095,-0.6568213925213886,-0.2904673605934194,-0.14775901931897856,-0.7482764572482754,-0.5680615684952861,0.42225806583923997,-0.09020386639021977,0.27958568342312085,0.0029257091852790303,-0.04611613494935278,-0.34857364470301955,-0.10447128950525422,0.17943483734929838,0.09494619537958589,-0.159361248694064,-0.21475570939530517,-0.09828810058990017,-0.2717228582128101,I Love You
-0.03993520267953245,-0.0048981964484629955,-0.38554077110933477,0.06876350215585164,-0.6482081695648528,-0.7471381914062547,-0.6598093703756849,-0.39172921839498187,-0.45040166142736643,-0.2550069240777007,-0.4159022389624414,-0.35019731572672597,-0.8173173565183948,-0.13281184786456426,-0.31442922849552835,-0.3410842584884829,0.158127939643554,-0.21767585548402327,-0.19836709085107895,0.09462133466968022,-0.6746256906367911,-0.17858266686411156,0.01653327248100346,-0.16362616601762411,-0.5993747958883547,-0.28471584019317947,-0.16159535587321133,-0.7367286341692446,-0.613195051969329,0.4327855452950804,-0.10118713250391492,0.3281613053268283,-0.0074760047212718735,-0.03800544170012636,-0.3326792968237988,-0.09046802317363262,0.20745590746124165,0.08814368850795952,-0.17732659102025344,-0.20285082487454856,-0.0587681241103159,-0.27619748444517844,I Love You
-0.03303797098167545,0.052960146397902655,-0.42146366318699735,0.10764330204279762,-0.5967926677296755,-0.7951722718748131,-0.6670831638709722,-0.37709075778791595,-0.42441066946404515,-0.2815261194723107,-0.34371803867374234,-0.3539832965591761,-0.8242887102309407,-0.07323765397878317,-0.31468915325613483,-0.3108788386481772,0.21387026722984118,-0.16319192792177573,-0.23363244358679405,0.08255644800752933,-0.6684986619710656,-0.07559972063965457,0.004944024060699938,-0.1358455752481591,-0.5770325779321621,-0.2906690292469253,-0.17013439359773047,-0.747354122935776,-0.58475832902084,0.4246935340889707,-0.10063871987148527,0.31455349431917684,-0.008191022555221212,-0.02433954249991964,-0.28560190125523144,-0.02274750636685735,0.17983225846102413,0.06420452922924214,-0.1426706717668323,-0.2027560126348603,-0.10840863049865261,-0.26847572492119665,I Love You
