x0,y0,x1,y1,x2,y2,x3,y3,x4,y4,x5,y5,x6,y6,x7,y7,x8,y8,x9,y9,x10,y10,x11,y11,x12,y12,x13,y13,x14,y14,x15,y15,x16,y16,x17,y17,x18,y18,x19,y19,x20,y20,label
0.036483817430148044,0.015102427306479678,0.033007962708495334,0.328548953238946,0.025239988850165356,0.45730244981674145,0.19318338203229132,0.46298894956795894,0.5325712862207869,0.5332104114036783,0.4758127403814725,0.11354621544145142,0.09865247078482106,0.5678762845703405,0.35677093762854284,0.13172855932445218,0.4160725853865527,0.07273686922454306,0.3424795859258359,0.4060137396708272,-0.2525167317972491,0.25918638339893624,0.9059356960341713,0.44327586710154926,0.9225857007443395,-0.061786987804108864,0.45931797183968603,-0.4406192090058879,0.10311987386503355,0.6132400513972444,0.48890132653797796,0.14257831124606243,0.5332945010840209,0.20435071990485257,0.1564764914125516,0.2788967246893851,-0.16696123790067557,0.96693933264402,0.1622160317653096,0.7432216475136803,0.4918079602407178,0.10917268701932904,No
-0.04744426284126544,-0.040017646281530955,0.04523941042620587,0.3230583933943628,0.03806488373635887,0.39154546089940945,0.16334306603684587,0.4578562016618448,0.5392506593238271,0.6012473743348535,0.4885556771915344,0.184029164430071,0.0463317655877358,0.5709219099371361,0.4156855280805184,0.19112550110535975,0.3682573677385442,0.05898737001652759,0.3498459585581675,0.37232210728141163,-0.20340035630484846,0.275296659986242,0.8706559833832831,0.46897430218881336,0.9655890568239722,-0.1108597832507287,0.4025892464184569,-0.41718318959885436,0.19480521055707795,0.5912866317517892,0.4517465336118451,0.12679547670859667,0.5367734486199737,0.25529829333823284,0.12704240687585108,0.32645370045397903,-0.10983538507102061,0.9320795516312044,0.22780276443229783,0.7985724405820945,0.5183350881602551,0.057799176940915305,No
-0.01577916178211953,-0.030088284092702446,0.0678890583120831,0.3240783422225331,0.06195422055664059,0.40873575821192826,0.1727644155297769,0.5172131206991867,0.5132287337034439,0.6083453046429291,0.5040166774856774,0.07265114613962026,-0.022834543772029807,0.662475071302798,0.3920354476238264,0.15655758443484233,0.3962560065517021,0.1070747266906066,0.36755804997692665,0.4363613164069928,-0.20275210147877348,0.22873398852452992,0.9189412788085342,0.44467343131403175,0.9234499502093068,-0.10186532605228008,0.3824804080331472,-0.4177949824594371,0.16505769403658957,0.620686967272836,0.45263750166987177,0.14583499295065347,0.5662714771327878,0.17672116127559442,0.11973246711001326,0.2587282288358349,-0.15928038366853228,0.9253068077819717,0.23514285826666892,0.7412408061599121,0.5361406892281549,0.09270958603033704,No
-0.04409137094021266,-0.004691264320648845,0.07168921518259477,0.328839954062254,0.02819812219428261,0.37104476140151554,0.161733801909086,0.5241443897664348,0.4700497522924113,0.6158878881654287,0.5458351686764273,0.12248280288065838,0.011186492302451993,0.6153753585062893,0.4138398246437479,0.14928700535369105,0.3691220245192314,0.1041700329050687,0.3752553981019507,0.37344505438113107,-0.2498481999051533,0.27312114237902696,0.8847046350806624,0.44721634966147916,0.9049149879504133,-0.09222618857496014,0.5133390763947872,-0.42273418088284087,0.23468890116529365,0.6433723570412471,0.45556238029068064,0.14763018063520034,0.5283200589763157,0.17291454620929736,0.09491179839905901,0.2547671741059876,-0.181403534301488,0.9489492928956097,0.20203107623461242,0.7968606673000336,0.5127468072261709,0.14014332191889034,No
0.015192734908420383,0.016898756873135915,0.04888209994067253,0.3323909437108115,0.10671042838864492,0.4047638739555781,0.15858787522362988,0.45772053026788734,0.5432305258244645,0.6063305769548171,0.5417233790992073,0.13052748840819067,0.03276151104539048,0.6127090927686616,0.44009487191313923,0.16764657748176437,0.4299464191110882,0.10153755405268507,0.2750638417159889,0.4096335632337485,-0.28594334335637117,0.2788371680839142,0.9169247815530255,0.4660929367817919,0.9438856395085309,-0.036079526238419604,0.4184037634337676,-0.39304524128939405,0.22862785060863802,0.6456550348418293,0.42789644039368435,0.14883276833179032,0.4964010285434809,0.19116235619801275,0.1522418219386833,0.2556253945427436,-0.13430608378757056,0.8818165892559757,0.20510672130954066,0.7446779252581354,0.5011836835671436,0.06108521395014441,No
0.033482959973176595,-0.016468651238433264,0.09970931563617258,0.33330280571874965,0.009503094631539324,0.4250200595325159,0.18444417437745225,0.47781126468902857,0.49037087588278105,0.552468017083029,0.5386793623684524,0.1180714194319775,0.005079745531994483,0.6137148321791828,0.38570671675876533,0.14658754391084666,0.37762193094431146,0.07060070441116653,0.31988491829735705,0.40732111328844545,-0.2511890273923837,0.2906303836291713,0.8642439572739824,0.4043693277312656,0.9320383230197126,-0.013366282219546742,0.4492021985289495,-0.32038690519408347,0.2036989251483996,0.5999191232543176,0.3964089688437379,0.14941570959981312,0.5303057373159036,0.20905738078292155,0.13736762275473177,0.25125870286859403,-0.17405400273119204,0.9548933316375808,0.19800240356130072,0.7434122091036056,0.514921516608651,0.10628024489993874,No
0.005302910999166206,-0.008397317195114445,0.006455980265466531,0.32238267505736334,0.04664173718881486,0.4072864790707692,0.1332960412672684,0.5081218716152959,0.5203294729495875,0.6235912206740034,0.5327023584085023,0.13888832615748642,-0.0026865449197377572,0.6552923865186984,0.38016106135413774,0.16700789603715147,0.4100931777291923,0.11325886095633092,0.364419287665231,0.37112010598072,-0.26598214177917595,0.32909796232187866,0.8886998234508855,0.45134301732119064,0.9061685178140675,-0.06170553940161048,0.43921327766543156,-0.4173349173415973,0.2051889509235635,0.6457586819889456,0.4432182677867485,0.13786979864822088,0.5058102509388082,0.2301209675538265,0.12441690372527131,0.23753843035583375,-0.2124418293648989,0.8951357262283922,0.2220213530526003,0.7941470879837587,0.5411236235459327,0.06928678560170276,No
-0.040790372630582696,-0.03663861016996435,0.02536616845852284,0.37142468936218226,0.06456334030399848,0.39161971219952546,0.13997399153003048,0.43944017122187234,0.47634819583908006,0.6201576972324391,0.49739467597334125,0.07769481457544411,0.10089570858396668,0.5657859374155656,0.39026505658304705,0.21436445638841678,0.40134059828865665,0.07646494735198248,0.3103111780740792,0.3541280571528419,-0.2749690765308057,0.25327293919918104,0.8956110961243197,0.4517365200014154,0.9263987981245002,-0.10056734572956882,0.4420666768348061,-0.3784325719753585,0.18885340106743986,0.5873839557227908,0.4635598805370609,0.17012343217493903,0.4984040145321656,0.26480543680102175,0.154107655949561,0.2541621409698255,-0.1322589630433005,0.8567400205275083,0.22478963048279224,0.7512420843231884,0.4989748971784235,0.09659645298923697,No
0.008499155381414587,-0.005362143590698023,0.09011954529959199,0.2979308007279709,0.06403866277150845,0.40515848530372267,0.1503288749943984,0.4802099469872531,0.48839510525379687,0.536479846983498,0.4442609962435342,0.14479053113615864,-0.0050360728747493935,0.6083723063985608,0.4096386726896076,0.16400417145027332,0.44758616302684484,0.09595285789452215,0.3699211903373562,0.391673246880787,-0.25472037565203615,0.2524893227566163,0.933635524575695,0.4888393176383686,0.9861348054928881,-0.06239638708455269,0.406964481677067,-0.4300636394112628,0.1581038057659692,0.6158638807819333,0.44349235949315796,0.04491774799257196,0.5991589754652227,0.2041619825744082,0.12417326100192959,0.30345007087867043,-0.20490367166715556,0.926300059339797,0.19150499109273034,0.6986189340500841,0.5782100819515814,0.11047021771249815,No
0.027600029535451282,0.011029666403663234,0.08220806763501243,0.27811868755625957,0.0592773511135472,0.38124580876385694,0.12710156411273676,0.47745200635493096,0.5293716643440577,0.5691689760179426,0.49193259261503747,0.08697428774117139,0.03179844472469246,0.622793054968195,0.43173594798259624,0.19141541002832826,0.3703331742945486,0.07105876603789422,0.37111432005412226,0.4074887283870946,-0.2529340425214685,0.24027682803672398,0.9248966544092515,0.4453976989159583,0.9499531792779435,-0.07315094511948217,0.4018466102169794,-0.36847876687975734,0.1973390683918712,0.5715302375190324,0.4193456789422193,0.09787726243505226,0.5140583623924868,0.27903388323506545,0.1239311324062766,0.2967253650692456,-0.17257903820132264,0.8567673710107515,0.1949319287419391,0.6999031596758666,0.5013594955513216,0.056204867444344817,No
-0.057114116024437986,0.045383882064441786,0.07056552954935046,0.2944950761301578,0.06258175778920906,0.38404428696812043,0.08863792072353575,0.5538241554304865,0.5003151739745831,0.5629996495653415,0.4402755350347507,0.07629431323938578,0.08121668822870268,0.6450489280604965,0.4305865669607315,0.1416078136071059,0.43418532894969497,0.10405611587903935,0.3668999193074403,0.3965138887538901,-0.29298380849729483,0.21711715674128793,0.8745726966136297,0.4755053500863491,0.8861622500749357,-0.07430604232206492,0.42797430834319794,-0.3930659404006411,0.2139772975881568,0.562545779044111,0.5044704340600945,0.10168009151964857,0.5580128877723474,0.20477566977860573,0.14638876736950504,0.26008134390198856,-0.16272490492196626,0.9124368586968391,0.22087204933345697,0.761842271284106,0.5409771479205914,0.04484365153284703,No
0.00809397223673963,-0.016916097075159994,0.030957144305463508,0.30638823151838185,0.061426093367260105,0.4165989496170158,0.20045052203883645,0.5043426800028373,0.5047156025969921,0.5961832320550667,0.5011522503803434,0.1441355710031501,0.04619157450716745,0.5983561287808085,0.47254959289089205,0.15867462385614572,0.43251981801163475,0.049933849550900654,0.37166068195043794,0.4262258109723978,-0.30499076508874934,0.2572305024553474,0.9113416628432018,0.46375506698419766,0.938919890610439,-0.0649589550024393,0.4004451588572417,-0.3458067633158052,0.17863101562045294,0.6058773940790421,0.4416646586629126,0.06830139068153632,0.49751031830285575,0.17785181596080352,0.17421801494323857,0.23509567961752578,-0.184078868318629,0.8602719613656898,0.21194932635690406,0.7168390418971514,0.5568091910476409,0.09183848899329716,No
-0.01715477357173344,0.025506991555110575,0.06447323433337915,0.3157283354693994,0.01204997828424962,0.40697611479382284,0.17841611886416836,0.5051304110996403,0.47207036877717173,0.6490132994463498,0.5149990288899433,0.07553645081264836,0.006225986919488835,0.6426207465230471,0.4452869901696349,0.17560292920621537,0.3933836404021202,0.05562432912892964,0.38689546806395453,0.35349574781735865,-0.2224319596248092,0.2936232563236487,0.8913239082324658,0.48522449984402166,0.9830044037830009,-0.061006585897417066,0.4280135391551311,-0.41885371680701394,0.17144751443976428,0.5698850431335688,0.47434205189024653,0.13165879171767872,0.5350727798208628,0.17658193223348054,0.1386924240108897,0.28420525560157334,-0.20222385645251065,0.8926976751678385,0.15348998506849865,0.6991689367197946,0.5512683757405787,0.07349878050123385,No
0.05466218596615627,0.012973293312729381,0.08015288858936175,0.28278896680185384,0.044375864090873796,0.3871296133159539,0.13680652749811084,0.48504020021657407,0.5205626536473318,0.5926381565698079,0.4734509635882941,0.13104070814658644,-0.025798421701914168,0.6396810496577838,0.36904561061164,0.1414463552862464,0.3923448773974904,0.09668742414797013,0.34506972790334073,0.34982492219112377,-0.21377375315041297,0.20248350923161704,0.8453811718924271,0.45298667570172124,0.8896481930868985,-0.032366891585461445,0.397926154585702,-0.37013731651415904,0.22479081649307414,0.6299042289809025,0.5176830284640728,0.13901412410503022,0.4948564666407261,0.2181897804559984,0.124471020604235,0.23202598192344775,-0.16413052503902514,0.8828507563175696,0.1865619738659411,0.7309707256103721,0.5435079030363484,0.11146982549840322,No
-0.04808771739572969,-0.009096032589856263,0.05999472247844087,0.27960782763187186,0.052337853404986416,0.4135485670635831,0.18433481604305813,0.4674381472026401,0.4681986953743447,0.6410309415719398,0.5231667825337216,0.13770039943315857,0.0617268680523836,0.6073290467508569,0.4465791424464217,0.17676628326797322,0.38893853311861015,0.10961949170444488,0.394542912245622,0.4284902188792719,-0.22998876501071186,0.26856034102099857,0.9107605139387751,0.4857647862604536,0.9665371707246273,-0.0761431723938547,0.4728144323432112,-0.40655827765832925,0.21326510019492542,0.6343110365616949,0.48348171647819577,0.16405715327674247,0.5135631485168521,0.2662293630415481,0.16234159009878762,0.25708369163407435,-0.13562389653643703,0.9698367976766169,0.17406052934079294,0.7142208187002914,0.6075977083753138,0.09557815456975356,No
0.005726090358947036,-0.003461572249864952,0.1004880986718252,0.39342084756300943,0.03597336917420702,0.40620239696170224,0.15824796582759243,0.48710935573826836,0.5312989808037887,0.629298024304778,0.5212945278636821,0.19669879083097108,0.014339340845833135,0.5749545550235614,0.4520704446802493,0.1787450943472904,0.3476078996079262,0.08108074819158528,0.3549219454798125,0.36374131328337206,-0.2782140135713494,0.24683311116791828,0.8579432389950291,0.47525009002976265,0.8692610671354447,-0.06633290203477654,0.44885789029133855,-0.4195643682729197,0.22653383843205313,0.551735719889551,0.440037163934192,0.1266762469946306,0.546627441597604,0.2278352443104413,0.20577196824877642,0.22912814318964264,-0.21050579510064965,0.9458745522317938,0.1662025068774795,0.7588246787299612,0.4976784478495782,0.02069775877519176,No
-0.011243513814396958,0.0269849988743148,0.027581885988489797,0.33236627014304576,0.07881493223180094,0.3709579945318031,0.1619369410232573,0.5124356511035049,0.5141449562731837,0.5728252668075038,0.5107518438226913,0.10056090783954913,0.06499280069360627,0.6333885735346068,0.4116172933333447,0.18198130945313112,0.35892220306021444,0.05000154452867389,0.33595404353864833,0.38050670912985735,-0.21589536803687207,0.28073481778224385,0.8954242282566532,0.4919123283915393,0.8992706271777979,-0.03672554325538811,0.40955973221760544,-0.37965729517854113,0.1933367575768275,0.5329039566195428,0.4829745638964187,0.16086365916718068,0.5115483028806673,0.21014222937723717,0.13668463036996575,0.1955471657200713,-0.2395979733360844,0.9312506518877136,0.1844062343731337,0.7939907206752808,0.5681506031444047,0.1297931687287145,No
-0.019508968574014646,-0.04825203560791743,0.03162854944485136,0.3016897864841135,-0.015267866589311806,0.39484592810365726,0.1627194388592951,0.42629077728608916,0.4634126247268964,0.5740520851093605,0.5089815758343827,0.09439412705365524,0.040349508629343604,0.6040961518361783,0.40939669165131476,0.155499701043703,0.34888472142932314,0.14145619673773097,0.36616136335061705,0.4133007100124148,-0.2502830835036794,0.24814122199589042,0.9045990320276421,0.4011555083467883,0.8941359084616357,-0.09297889621459039,0.4196356009718366,-0.44323900146457307,0.20372136527744933,0.59529597394956,0.5028557896680167,0.21079006109553414,0.4873601973108718,0.22569917314811103,0.1458367651127131,0.25287577800591954,-0.20120086527219516,0.8646859593745254,0.21634043275293455,0.7099722951887728,0.5318167082752475,0.0753988157642542,No
0.004249737093638461,-0.028599014113033023,0.06895909591271811,0.2886548507944031,0.06074989365591493,0.449290582450557,0.17659929518511053,0.4747795179051817,0.5191433731991978,0.5385632904105866,0.549860626596764,0.08945110731529148,0.05797176026312363,0.6223980712142323,0.38092512503562026,0.20532670886240317,0.40382049230278394,0.1472619966727765,0.35305354839713304,0.37987246047491474,-0.26321706879605783,0.20076132712315936,0.8803324146633457,0.44791920703258936,0.9354369580189531,-0.11173874320021318,0.4261022273124831,-0.399560589319805,0.21400244178470243,0.5370581016315551,0.48226204723507216,0.12918006898851253,0.5196953781903682,0.15034455563338253,0.18627812364324026,0.2586056866491983,-0.21459994093891133,0.9034579299912959,0.21946261762086172,0.7750091219759795,0.5177478860315109,0.08313719136877992,No
-0.019284234007137236,0.017938458419782144,0.040730308392430525,0.28829371278629395,0.05389509926280977,0.3723327856382674,0.21683371624080544,0.5229414082659463,0.4810194751116169,0.5390721905480695,0.5083907405521355,0.10665573155459485,0.06682236431789648,0.5763763737306454,0.42432551255361634,0.1784799324411511,0.36859826399198237,0.09776413219546702,0.37360816261113977,0.3857342159922546,-0.24485565300472395,0.2268784824280843,0.9242053855430046,0.4875325562046512,0.9152584368816352,-0.07277430365822908,0.47569921382879926,-0.45085525571189206,0.21186580326069038,0.5760941437217411,0.5144121852780247,0.13848068824211737,0.563057060059526,0.1984401962752238,0.10401512829677584,0.24627393638282608,-0.160775624404825,0.8768799322833095,0.2318774871837,0.732034190353677,0.46459543425723915,0.09936166867641236,No
-0.02647611177441472,-0.010847921450295553,0.11082895474886267,0.3682677800223335,0.038664222343423045,0.42644229769633746,0.15220154497194907,0.4565172170667319,0.47645391522731484,0.5289397303328899,0.501144636097085,0.12976376870204756,0.011451877982721376,0.6326245229396559,0.3949077093679065,0.15594377001362986,0.40468120285362785,0.0442821776415329,0.37445255680797845,0.3710636856987618,-0.21809561066668903,0.29170590103856925,0.9090838448765948,0.43183696007850636,0.8900502613476979,-0.11206782977379628,0.4663599146991288,-0.42089213444647394,0.17576049768400148,0.5888900923695082,0.4934884852441005,0.15993947994294377,0.5384008891865905,0.24041659845184982,0.14687615943141236,0.2623651118177522,-0.1620253712086987,0.8922000453749753,0.23172948091038942,0.7491712605740017,0.5006170981770286,0.09864354086630195,No
0.007417411991379134,0.01834240406745297,0.061108811234231154,0.3394356377117156,0.05408676887022268,0.4308250893753986,0.1550756342061131,0.4535057848107214,0.5126887533705752,0.5707168389324422,0.5644664602275186,0.13811215669703336,0.03232963492668155,0.624587794899308,0.39356970358146753,0.20275056933639082,0.41574316581029064,0.12816865907409528,0.33402789991643694,0.34644676279646036,-0.26607883213458816,0.24461306978451214,0.9398955896314332,0.5220465197341881,0.9379150816815496,-0.06876393163318123,0.4227753587338631,-0.3921074205741424,0.25939459327967246,0.6464280836513231,0.49520914735365046,0.17027636231557297,0.5502150011029483,0.21986129735780163,0.11937454209028,0.2526772974190212,-0.1559859400792895,0.8485928657822531,0.20453974251446472,0.7135548267502516,0.5574537839422815,0.06628605723592101,No
0.009846609959429624,-0.021000608788067296,0.11216599842150948,0.26406072020266325,0.0702042367015264,0.37079096872418427,0.1534898001700829,0.4713090075442251,0.5022878886137765,0.5875480459776469,0.5028454536143387,0.1018634792374593,0.026660330649391193,0.6009397920819101,0.41385092778352955,0.17308971057519065,0.4107738219399183,0.09336424644523704,0.35329196488554265,0.3716491899712472,-0.2793474507569444,0.2576828531856687,0.9261026229247686,0.4695119957822681,0.9030503943057864,-0.04460344909918109,0.42321908161427074,-0.3954085116660598,0.1826732755730421,0.603451750110496,0.44551492887674504,0.12178571148804723,0.47825774350245265,0.23664226130389246,0.15257607781111399,0.2660950015866877,-0.16039621130927578,0.8693343817441028,0.2381052423302584,0.7681161763907579,0.5033914251551198,0.09874102904112107,No
0.026249735561039312,-0.014102948200311643,0.055353947965351445,0.3311068305450544,0.010619132313778354,0.37645318213136225,0.13907652944854157,0.41123391548892513,0.5271753708998959,0.5210260863190345,0.5085862992880147,0.14546930893631918,0.022774051709657506,0.5799397428546053,0.4149753894028622,0.17511511477723474,0.4189912551828771,0.011707003128770044,0.3196909615724504,0.39997606693807436,-0.2462607696752779,0.27562301003960055,0.8977398408930704,0.45215404696311634,0.9185065592494249,0.0007060006025283866,0.47932098186903477,-0.40198297813761175,0.19609106832337936,0.608996533396278,0.48587489051166266,0.14914208695329254,0.5027043008137281,0.274815339760793,0.14885723559912445,0.31371962101055384,-0.16304170353691008,0.884832282180036,0.2506524681168449,0.7473684061303228,0.531041228145516,0.04676638313134451,No
0.019806534154074844,-0.014799311488677252,0.05080128237046279,0.3003669629365457,0.06910004043706647,0.3630474105701116,0.1624444194028542,0.4945317761669713,0.4572571115940712,0.585856409572822,0.4793509967769487,0.10900801350969357,0.08123649815375272,0.5504760960901923,0.4309590260259116,0.16072227669608394,0.3730561897560146,0.05721576706606075,0.36986917497510335,0.3773866219320722,-0.2573042753723513,0.2563570931398168,0.8847706278336265,0.39617552246774995,0.9128504870529093,-0.042182423145289485,0.3880740997247202,-0.44954626807615905,0.18093340965797117,0.5710838543565607,0.4602332845112272,0.10378498383179505,0.5136100688010437,0.21984018078107764,0.16093920125274302,0.2906454016818473,-0.17650254275883331,0.9488436899811767,0.20361112697911526,0.7631990518356858,0.5849837811520406,0.08695656157770039,No
-0.04120579864732606,0.002727115716228934,0.04588573199653469,0.30685046748952727,0.11547833187106384,0.372425796080666,0.17778378435380418,0.43879176802403824,0.485397439438244,0.603015310800919,0.5078378976892644,0.1143678390248149,0.012087920584116684,0.609473117361151,0.4592207173953642,0.1480195664806916,0.4462360258741178,0.1265475608624633,0.3883327868842273,0.39238173184848074,-0.21264029969321488,0.22279704679017576,0.8698379243704252,0.47917057327796747,0.9364505641989446,-0.07349702762867229,0.3581943269298668,-0.42991235252161353,0.15851553811097896,0.60765858625502,0.45533479311845837,0.11772827005716213,0.6045330189940539,0.2524252510298847,0.17314715300718564,0.31936817443932464,-0.14459037466273683,0.869073262459616,0.18249137384469888,0.7672798801506169,0.46525792071698197,0.08044392037033538,No
-0.06513373132669344,0.002965305251685188,0.08985712616404061,0.32346589433680983,0.08407230616532532,0.4680535070271797,0.16446362656676816,0.5493529299320564,0.501007276359376,0.6091449926254953,0.4799610979481217,0.16969822648258304,0.0628332362983344,0.6441343106735825,0.4096252485339817,0.13739759782790162,0.4026980324991468,0.0396520429410033,0.3371666117482357,0.3888611735195602,-0.1764574641831887,0.26261844362195275,0.8940653656783717,0.45430518613929693,0.8873124853992795,-0.06647087467334897,0.43635907393219264,-0.44590638594407994,0.158134783087076,0.578405436432643,0.4630178383326562,0.12285066094071352,0.4937194410257792,0.22995818428918682,0.15763699349158075,0.25694065137552646,-0.1855456095595381,0.9100471133807697,0.20341214570364155,0.7026602861676353,0.5581258797602793,0.09338254987861704,No
-0.0035787091708721712,-0.04713156614504175,0.04188921026862566,0.37564039967018864,0.010678763539786473,0.4015682203881315,0.16827970681401982,0.4747377101160366,0.44971204959947897,0.5858953284369225,0.4477098155109233,0.12404167097952791,0.012009992771768053,0.5740146935890083,0.4330346306407907,0.16799193745848384,0.4030974334576118,0.10576744468204329,0.3853507905255473,0.3468810281719619,-0.22020372308291902,0.25355583393683595,0.8785355041947926,0.4217186432846472,0.945772938388516,-0.09671238551375577,0.44880679125740375,-0.35901320789145447,0.22313646273070678,0.6345955866701944,0.4394997056587245,0.15945927776611712,0.4909192558612331,0.21427552965181926,0.19370915045307746,0.2350664539060649,-0.13531544261803732,0.9226712847337935,0.24137050190207612,0.7003227381043516,0.5427945780907076,0.07807935232311644,No
0.032654905725873346,-0.049650011991805354,0.0752686553146501,0.3218746843839029,-0.003774476721260668,0.38254608809453294,0.1138652132911229,0.4433327473760028,0.5111036902142259,0.5865310080142426,0.5033749818028802,0.0899263638257211,0.06519544508737149,0.5994261812457023,0.40900123024848833,0.2032721118277842,0.3591457368796085,0.09741907043686646,0.35995606060493684,0.36676171591177725,-0.22820299153571844,0.2673756803825816,0.8868439402375577,0.45223163215630985,0.9432816422783692,-0.0453915186733435,0.4351595911702887,-0.383242447268263,0.21349293039284442,0.5391986384238705,0.41892294804921115,0.1720443429528071,0.5178425105711979,0.2262052914129819,0.17564970429627821,0.2531093835777042,-0.16753809985554965,0.8661400057600501,0.2202280996122766,0.7559281639569946,0.5097020940001517,0.05511666795144633,No
0.07878867765585684,-0.002787254095448489,0.04372424845440327,0.3362810216574687,0.05440520433937063,0.37653570907951917,0.18326138683417176,0.4395297773614154,0.5419209177389404,0.5955051796373565,0.4899865666492912,0.12439921763432596,0.05868057397500132,0.6055696092033666,0.47165339959776953,0.20913615025126603,0.4035143303372183,0.06245306113545425,0.34284554273983453,0.39749500952216626,-0.27246003543125585,0.29186479151258304,0.8606545213525393,0.43707938791897866,0.9107062369953837,-0.04673091605474522,0.4091245026329663,-0.47084742819304004,0.22637831659277832,0.5795209683625081,0.42901462001091734,0.11393152978608108,0.5767485869908553,0.20156870581087033,0.13776994560519684,0.23989416923027895,-0.2056360044462428,0.869920325876393,0.17009501218525613,0.7670092356584113,0.5300649210486451,0.15725764216585197,No
-0.02126732174971767,-0.025765807384368577,0.11024781169334186,0.34682273926074486,0.06747197604933805,0.3756979533247341,0.22111966771646643,0.46296031164057955,0.4817069238194203,0.6149588328523329,0.49762412574746184,0.08614870452470609,0.032791008327012976,0.5765503075494196,0.31770988160026786,0.14860881899489634,0.3730540421843491,0.05589328406191733,0.3645095818203154,0.35980532770072926,-0.23342140693347804,0.2160623931726451,0.9171558092383566,0.41790168306036096,0.8573293002604979,-0.03192777231884239,0.40759577953615433,-0.3641402593344862,0.21067490855616902,0.6165604564671125,0.4924340239894576,0.13995766676962934,0.528967367050481,0.25972021745488694,0.1448117436374468,0.23145641469496114,-0.15108337133836341,0.8287925803122534,0.2487150284422574,0.7785459714669426,0.5629835491539297,0.11757046817195316,No
-0.002525259760233694,-0.003200471534790674,0.027345815949556325,0.3675246658500323,0.04137848020541905,0.4193052580699387,0.17639113817327176,0.4249108309855653,0.4422869269505752,0.5808376393708049,0.48468029585672845,0.11843570131636252,0.0635443992481525,0.6067390961126532,0.430745792103705,0.18841996962466762,0.3793960835131897,0.060508542324916856,0.3551937219002983,0.3856455390009754,-0.2203195028333693,0.24853498317201977,0.8809589952524148,0.4493111773469077,0.9000134134920666,-0.025638351529125476,0.4674614562865623,-0.45323902594920984,0.2178555957791034,0.537502404997704,0.49062852596880613,0.115686772848927,0.5360427212456723,0.16339472604280753,0.10550986181616537,0.2673628091163417,-0.18968337364471352,0.867002996632636,0.2510041153190139,0.8046615737261761,0.5551489672148218,0.05002089214857043,No
0.05290557998453098,-0.04684296778945147,0.05510027502042223,0.31672676130832206,0.11365016071136985,0.436488472903934,0.15485704884064283,0.4367747183102975,0.5246929572883691,0.5646692720281737,0.504795182021023,0.0800255124158891,0.048659665998781534,0.6146516259689669,0.3707415140310179,0.2060088181455495,0.4055284835576681,0.11276336492411171,0.33589182507439036,0.38849745275918596,-0.245872826892552,0.24861687312106764,0.8949943399508559,0.4938894480742472,0.9598237317033479,-0.1045014701978049,0.4628346481552976,-0.38111382989802733,0.18920182131935595,0.6081059700296082,0.47588989899456596,0.11107828788192824,0.513787015889475,0.24380432389460588,0.12659632166156035,0.28256670687672863,-0.12950695491773728,0.9265120380032161,0.26852240249053466,0.7356108289192564,0.5323545813293091,0.09239720073350155,No
-0.0018119377497221537,0.01626536922304933,0.012898897772322344,0.3212305899594764,0.014605925899720512,0.38023000044915495,0.1907564740155258,0.45914991928021937,0.5155556119157456,0.5740467426367506,0.5314851688768084,0.11394638592502347,-0.027065624344838175,0.6067525490568807,0.3429243205096865,0.13147849768342806,0.36239771344042754,0.060331353007603145,0.3309006617244057,0.3518667257146595,-0.2899527728660819,0.2993170576089178,0.8695349052141236,0.38927312926593377,0.9167476613519524,-0.10278758161456582,0.40672356482930505,-0.3955378566398939,0.1802924229563704,0.5582746588791384,0.4744574542741928,0.17107551130042983,0.5413518693945202,0.14767334957954492,0.10802130369459345,0.2547251760179456,-0.17598511030115058,0.8823836281256261,0.17964556361022596,0.6961652748956667,0.5872720006446279,0.0835906378947897,No
0.01926365366602253,0.00018753520751426986,0.06562547960182169,0.3132203263044222,0.02231564962397442,0.3636740150363548,0.18035654089697803,0.47075867865182497,0.5227756046280626,0.6027308655440452,0.4740376136025836,0.15509654636131873,0.054532746196691045,0.6207160186922627,0.4754699196401273,0.23637888763464593,0.4095835223070312,0.10751855351583466,0.3797018413099847,0.3656101473304815,-0.2648690706862432,0.27326462747645197,0.8641849589320534,0.47397924342605335,0.9322801775383158,-0.09473135301150276,0.4340485889567384,-0.3776956833163159,0.19620826503954206,0.5954489863442143,0.4709394073426133,0.15035294206890554,0.515320490532889,0.2317878481680691,0.10999887797878188,0.2293295883938428,-0.1887906013854988,0.9062947634328252,0.2139352492221393,0.7343020100706713,0.5477616487977959,0.09414317178289242,No
-0.008699303399486156,-0.03105692528459436,0.039643754605879426,0.2710791443369141,0.06014611190073216,0.3832445353037721,0.1539100902251123,0.46129568601482407,0.5259470334141919,0.608533758694289,0.4966517252474545,0.15908391177567155,-0.028788524937570302,0.6563073880895379,0.4287651073099006,0.17814422330999818,0.36214531888782275,0.07742061635679484,0.3655327127242355,0.4020911419265351,-0.2277223918407881,0.23120708323270073,0.8619838102154243,0.4620523161909309,0.9506708312753742,-0.06895010438859345,0.4777171210546445,-0.41585400721476506,0.19371589220493735,0.612969356651455,0.4976467531032366,0.09609962858802093,0.49170535327425685,0.21188217359673653,0.23623924230416377,0.24545766322263146,-0.17230961643354717,0.9107524406380395,0.2384361314798552,0.7434263508816326,0.561968973961445,0.046958173809844746,No
-0.022982652742281753,0.03487460851738918,0.06456331208618624,0.2772099101484409,0.016252887447691163,0.3847804746170411,0.1688335459493659,0.47914479352549366,0.48475537767594723,0.59222001642197,0.48518098478426525,0.1578364131421701,0.10813713317922619,0.5882123896340099,0.42238810020473144,0.18701244948390366,0.3930469720981824,0.11016016570094751,0.3616168215262891,0.36899715330904587,-0.2082778197798311,0.25911197268829783,0.8783352290109696,0.5294922345757778,0.924088811227562,-0.06139733463102673,0.4385358039854996,-0.4207449694090047,0.2071970926712474,0.5675025596429262,0.47896615057116715,0.08382666553038438,0.48630361197761096,0.2760517531441131,0.1037855879648503,0.19450295453775363,-0.20559861321521572,0.944403600819704,0.15537241218726955,0.7096583719102433,0.48329277458072767,0.07455343338792209,No
-0.013080626945422094,-0.014422695201811005,0.11991903262483611,0.2791111687695744,0.05286339200469406,0.4192667361670043,0.1393635018224641,0.47972110587108807,0.48263286283767215,0.5918993127304801,0.4950530018393041,0.05960287032667345,0.07076489172502776,0.6621045210571648,0.4026874904227187,0.1481215632034022,0.4340664909456553,0.1472741244267329,0.34218832350919437,0.37656834196397726,-0.2501715258886567,0.2028255185863354,0.8811454652450836,0.507644415486833,0.9225145527191133,-0.10024668570990536,0.44817316222722386,-0.4368640950352918,0.19174358780988912,0.5547870934992566,0.4299711241398735,0.15870706402806506,0.5287217078973575,0.19799829512377318,0.14505704267565098,0.23508731883704165,-0.1921689332243352,0.9271229146612512,0.23261459099111415,0.737694611899057,0.5313686692277284,0.08252536878059204,No
0.014610277775206168,-0.02398504975367083,0.0901101606437413,0.3256904034354252,0.048037335259520836,0.394475357832126,0.19400370793763266,0.4606088169491868,0.4736603847993763,0.5691329477355548,0.5213691188517485,0.07280221105628137,0.020919663174641348,0.6321082516868155,0.4029436127176653,0.18324462672773553,0.4214891782465005,0.11733252694262387,0.3340504226656966,0.37921695385447757,-0.2206312759066413,0.2812460698822115,0.8872377378464322,0.4545897892915829,0.9356057233782457,-0.02803862917322042,0.4652995772678281,-0.39604652996649786,0.16137707323801018,0.5846075547192272,0.45440124876477833,0.17913183736026145,0.5180797727799357,0.25888330142138605,0.12435002865057135,0.23857520136903665,-0.15421250496883587,0.9392462839109547,0.20277495051741468,0.661449761532154,0.4801130470400707,0.09171615598555603,No
-0.04424388080345304,-0.025966884791892374,0.06460527716182972,0.24160241092630702,0.04453725171644375,0.3741644420415742,0.1237943881476059,0.4410578732571482,0.46255090992218845,0.5947544472845535,0.5341887829855603,0.11018600154533069,0.013698156970650441,0.5875646215618056,0.37474450264260917,0.13639786789080996,0.33951947572358454,0.050677008591163565,0.3962119160702731,0.3624161293596889,-0.3360230471114246,0.23545027710926436,0.8421668055030559,0.4579807070602706,0.9261246028851199,-0.06736908074297757,0.4320508112857339,-0.4280294402190609,0.15006026787372734,0.5906129347565322,0.49163758664954627,0.1909874788960134,0.5181059646961447,0.2173917183705471,0.15648380413917068,0.29809896688302256,-0.18324502645836652,0.912981422252312,0.18444368642971934,0.7482282670959549,0.5561566744087884,0.04405149110418845,No
-0.015754341660546536,0.028643492900850043,0.08271985555812586,0.3461618125081465,0.08138221478982939,0.3988755929398811,0.23474548413646915,0.4692307061562918,0.4029559091999454,0.5721996495734655,0.48421784167509385,0.14497628211468092,0.018046370886111607,0.6329598714711167,0.4247330970529643,0.1450574109152985,0.3846749092420419,0.06729663401244675,0.3527949452625044,0.3596840344035391,-0.24554113604323985,0.24489281273398222,0.8853125439654858,0.5177243702542986,0.916760655741014,-0.12707864250225492,0.4637473779901199,-0.3866094540264082,0.13436894630602214,0.571825568279433,0.47414416568087114,0.15230338421866926,0.5251039916117431,0.22181477809705621,0.11331335257400835,0.18130625869518882,-0.10717090859772402,0.8631418644126005,0.21442343509738546,0.7335673575182098,0.5539544756784437,0.08622422570508709,No
0.0046032285927599965,-0.07902954744026788,0.03923484646641442,0.33742241969667075,0.07556907214836527,0.3805591140688659,0.12142892220299475,0.4689207856353779,0.40742395621039695,0.5462098131746516,0.551097811639733,0.16447082695987564,0.04619941110500988,0.6092108610309802,0.3494849923450311,0.1528401076599268,0.38003105137141135,0.0689802248556731,0.33674488580965833,0.4221054931509815,-0.2640288847966514,0.2428338098469916,0.912065180206393,0.4136118873022716,0.9023690751770647,-0.0911773275064445,0.4349403580446419,-0.42719699310527837,0.18433692423951292,0.5729069373026001,0.4289449411690328,0.15485157410847458,0.5151115809464571,0.23985058613347887,0.10812216885206946,0.23334445536637016,-0.1752916189786331,0.8883658716393157,0.23175932617341727,0.7254175187002191,0.5494408163945635,0.09402562955741317,No
-0.0032055783024884737,-0.02853896389489559,0.0869412766065816,0.28729330427929134,0.05529061399148902,0.4074904854892999,0.16255692540610994,0.45344381474413054,0.46996487682542126,0.5321619476236821,0.5404071213702842,0.1063671031659451,0.027738567488531443,0.5959639500785243,0.4408582459976255,0.23305595140492952,0.3936815318980452,0.08585255728700124,0.3135484756421119,0.3398211069382097,-0.30099344084783475,0.2291866364779905,0.827153597686487,0.48856105747255907,0.9402680998620329,-0.07659486531428261,0.46655411307091316,-0.4489828134025667,0.1691377198589903,0.5348387585066227,0.4843004598260818,0.11226704779287906,0.5257165729135995,0.251357308746298,0.1825965114314865,0.2524273295541423,-0.15712900505508942,0.8650863753624921,0.259629464685677,0.7333482805790089,0.5294470976662808,0.07057171713272556,No
0.03597746995241269,0.005987817692495684,0.08706305596509073,0.3257021724980673,0.04931674389972724,0.43699275561637,0.17912926552188985,0.436294034608273,0.46495083615999,0.5851348426157335,0.5255167164567025,0.1703014235488547,-0.021734473385368554,0.6007605670695042,0.42267954574601296,0.1839301988092432,0.4191659224613959,0.11022865663545384,0.31768718034948407,0.35268500975987077,-0.23840054727395998,0.2827771479963703,0.8941817681944614,0.40885816677330733,0.8961600700827419,-0.04830017419777929,0.4228132409205755,-0.41330941198436977,0.22569969269447965,0.5567862854870763,0.4486425692984168,0.12089110198093896,0.5359077806111608,0.24446666207721743,0.09706296505954043,0.25313562932387135,-0.14257625502184376,0.8365582891999769,0.20719649115226277,0.701859264164493,0.5077915420037513,0.007626271616176683,No
0.0417820235626508,-0.010674873822105383,0.04001926272160458,0.32493143966241533,0.024659718415589907,0.3749913629109434,0.21407965477904023,0.519383297283494,0.47686526750579694,0.6126906820422698,0.5089741927047163,0.07870386834235209,0.0037379735265619767,0.6465237655724506,0.3651862648960378,0.24349010490164608,0.3717452440330313,0.13798708452950575,0.3380852720176092,0.40712586816562724,-0.20592319875489104,0.29476059979412483,0.8723482756820914,0.4304745158633819,0.925138852249696,-0.10806003850475855,0.4404505189164062,-0.44147203064879387,0.22621844472621438,0.5757491844291308,0.4088020798910748,0.17860472966723615,0.5307467446152807,0.22215406344165986,0.17430283231489016,0.2794490151678041,-0.19151173446354286,0.8787084345630172,0.17573960689367085,0.6943992357342454,0.544396325157699,0.09454283860187279,No
0.022824876345675496,0.03844816324487828,0.08746926249045218,0.3409872125878586,-0.0064098123489567255,0.39989914151963246,0.19770707452472802,0.4300771443475335,0.4973773191594043,0.5962539739631897,0.5115785842002283,0.13218269633241156,0.04954931191342278,0.6054130884443891,0.36410226965903264,0.1902687908215051,0.397428506126997,0.047070183815045165,0.3886442421894914,0.3991438914130339,-0.2891846425878355,0.22854523034453006,0.8729576803534951,0.4392532556963362,0.9363667182067833,-0.09833620240548706,0.4671166960617475,-0.38547402753942867,0.2123166708079146,0.5941798101774904,0.48919327443002153,0.128298854698037,0.5035110386738285,0.2569833060976499,0.15099727147707417,0.23277999088141768,-0.1811883991544775,0.8701090432308439,0.2697935101603091,0.7384557505115056,0.5317716884478474,0.10441388073648056,No
-0.03646082947821017,0.032896417988586696,0.04599963471904642,0.3699839168821553,0.04654926349576959,0.44023789922027784,0.09386583617105582,0.4298694141511109,0.4858189629043426,0.5197465508010377,0.5163195128503159,0.13050755085675003,0.001857100846259209,0.5995120127006076,0.4321844327784568,0.11196863925330108,0.35068143882334496,0.08050998836400844,0.3479638946558685,0.3813704177725464,-0.2210953493954404,0.2673783226333565,0.9107782868230123,0.41449988687622474,0.9319199281862115,-0.07825992515087751,0.4771347500981525,-0.4116162619591314,0.17366553347844607,0.6184275951943261,0.47796878285141486,0.11192923620294289,0.5147910134322495,0.21133662294080682,0.17829482153489,0.2593989763152127,-0.14685265378642495,0.8774037311098994,0.21917227312963422,0.7774336244758796,0.5162062461527178,0.08623195341575562,No
-0.04089918768712822,-0.022966742697300827,0.054201731882747316,0.28325824903014923,0.09558823572186279,0.3839684881701369,0.1923737374481458,0.4707284935596343,0.4955527361295853,0.6252549500937392,0.43047497047724637,0.11523266018896942,-0.0008294797549077346,0.5411481593225514,0.3721481638680323,0.17557725080949244,0.36712569543419127,0.11746104503546323,0.3408368104186544,0.3733866097789644,-0.2573826214736945,0.2501071530798084,0.8773248855575979,0.4306585479334308,0.9572507590615111,-0.08776850138540758,0.4217667951577039,-0.4039659786777591,0.20329938890464452,0.5660494150452935,0.4837193072987978,0.15270739657730942,0.5305849495409425,0.20834051121161293,0.12926906805086164,0.24724780700881116,-0.2056110863770631,0.8910238292858933,0.23589132560886095,0.7646239330830106,0.5156129959719437,0.11469980748238844,No
0.05717713663588334,-0.009486226057884822,0.08498045983564706,0.24719912941797706,0.018184623550747653,0.4118423296573879,0.13856778780907678,0.5262994677753634,0.512563568293168,0.6096449901505283,0.4974221872002561,0.091022566497753,0.01601762187680911,0.6076221859853334,0.3888526557284927,0.1951958845112163,0.4102285583865238,0.09071207645889642,0.2924831332463843,0.4345723084305715,-0.25415437865919727,0.3343402847178256,0.9094553124964464,0.449897506558394,0.9410098688371702,-0.12962421538609756,0.46405686574516847,-0.33983989395458414,0.13106014730462556,0.5842302866209037,0.45790970529172964,0.1628341452570492,0.5884249747402909,0.2327664804069246,0.2057247434929697,0.2584146944053993,-0.15511341357934322,0.9020489497286096,0.24573725788560358,0.7256631656446837,0.5515871518730826,0.04585341111292953,No
-0.008535123139542276,-0.019102308688164246,0.06687386540122027,0.3056010358165874,0.08989303616991663,0.382748655922233,0.11683030161029803,0.42440489184234326,0.524452219063311,0.5515833204452978,0.510228311850695,0.11227518199622018,0.056309251984653176,0.5930678004430443,0.49092057136427714,0.23200363523395545,0.37942980389821385,0.07699859966785919,0.44122197038114813,0.35076323158073497,-0.2494248993960622,0.2537354528548574,0.8898091046714433,0.4040348072444399,0.9424732848325083,-0.09815615261550871,0.4763522673731616,-0.4605270823535071,0.19552112934119123,0.5263689375071183,0.3964383377852537,0.1113967276333783,0.504299402045214,0.2652518091187407,0.14025323367864692,0.29207392712620606,-0.18004972598353042,0.9103844382302119,0.18736400488788396,0.7145286053150318,0.4724130449427004,0.09284992911616058,No
0.007862502441004489,0.023319386618575567,0.07068256725692387,0.37586930761451987,0.06120985449653268,0.4388635002075259,0.15904650719465535,0.4378693054046483,0.5161580327798705,0.5779956011101742,0.5232542707629624,0.131706903349003,0.0077915305383508375,0.6322209079268535,0.381854417267223,0.19381991265826545,0.4273344426561602,0.07902479218825403,0.38193201946706373,0.39505726544218844,-0.2222158796066238,0.22795931453061696,0.8963082485674929,0.41395371955962057,0.9789142280015439,-0.1294655995212744,0.42263003905922397,-0.4447993889064571,0.21397816397599406,0.6505709352935725,0.4807173019361012,0.2254157972906978,0.48390749921855963,0.1822444927532007,0.11467756181804188,0.2569390609577366,-0.1994637994017276,0.8696520001146512,0.22774277011326963,0.7011576408945753,0.4930426687211342,0.07082114671092019,No
-0.009133292125179632,0.030300471516639473,0.037215826203338395,0.2934750287750739,0.07337912888457758,0.43315052849088376,0.21163151369842606,0.47919701707963264,0.49853809947312616,0.5979211929471691,0.4902705952084173,0.11287577926239821,-0.021641379026307084,0.6267932502972225,0.4143338842323155,0.19837130275044948,0.3044117944760658,0.08914958610390239,0.32157574066556527,0.42816963556519966,-0.22934768549399684,0.2600890475880114,0.8769212525256498,0.4681124081643051,0.8997296436608869,-0.07203741030431218,0.41592169203846685,-0.3488534414310177,0.23783558420565215,0.6247439814351599,0.4163605183108507,0.1625019997506789,0.5308757047695829,0.25798382091454203,0.15114284162031205,0.25310019011771034,-0.16164259925313335,0.8380328839951257,0.18610616623041706,0.749532863549088,0.5612201998624348,0.06626251581125879,No
-0.0012242063959180109,-0.048029773340261706,0.1080143430432948,0.34849568026569444,0.07549210395322334,0.421312884406309,0.21534625163903234,0.44097307669424846,0.46723233098447164,0.6125156343324774,0.5281223808363175,0.08531393951098801,0.01564113389474954,0.6506635655288643,0.42034013572724016,0.19867497029994546,0.3541147130345039,0.11026197307682412,0.30466593948376786,0.32373411945257213,-0.2259694741530857,0.2960953403527292,0.8822656593334055,0.4397996384047219,0.9789006722296212,-0.07488915094717744,0.43129953194137166,-0.3660294142872583,0.18312960712908063,0.573231728635329,0.4855350956995881,0.1152216017507838,0.5209076583716593,0.1817052586776917,0.14703290141779926,0.2553446447149522,-0.13961551990153578,0.9179195788436539,0.22567380464953846,0.7501604681714202,0.524840925697667,0.10106398837049643,No
-0.03336996521006961,-0.07046898215562927,0.09909254877906881,0.33530824216613825,0.05211943236780994,0.44134545703076183,0.14682485717623261,0.4439586304711955,0.46930304596344635,0.597698699998261,0.45080423706863115,0.09810995889020133,0.04027338103913959,0.5638662393188643,0.3881808037109275,0.1087130974459634,0.40706030879243077,0.0699275815404404,0.31427374835265964,0.34427807864183546,-0.2603205983246647,0.20565731765695136,0.9481506319203405,0.3846538203452861,0.9140566380486354,-0.06583844199500156,0.41001122352399283,-0.41048417896167494,0.1697491042715421,0.6387553908258694,0.42750353855218215,0.0660405681417077,0.48629070900172516,0.23287485997346904,0.13793325738003795,0.27586570733832294,-0.1536037896419011,0.8731134722520458,0.1944557595815846,0.726772934118393,0.5835689316151369,0.10350197874124342,No
0.05675060697535516,0.025223381170254418,0.06232751679503547,0.2845025836891309,0.0619746155306697,0.40728262361089534,0.165960361124482,0.4588504341267125,0.4330532964469847,0.6184952352408242,0.4967793747085542,0.07869121361280332,0.04603481161426488,0.5743156865383467,0.4248543345698865,0.20150981857477412,0.4194752040304642,0.08573513554106416,0.3348388540163387,0.3643626096126526,-0.2694508756123266,0.252545083337367,0.8835989497341283,0.43143704438569075,0.8932616699281429,-0.07230833264149668,0.42024666510977454,-0.4510891402789244,0.21865428192256914,0.6460153394404324,0.48994749539500215,0.11497164603187594,0.5237388139776267,0.2674928852796815,0.10625999948317909,0.2767795738994162,-0.2120986243875498,0.9427230115667419,0.19621882865292128,0.8052041091237042,0.5788804630694921,0.07958439401318071,No
-0.02158216119331232,0.005843264156727415,0.05883024964328509,0.30303641939113307,0.006185627758858475,0.39367209126774466,0.13545540603194123,0.4816728376264471,0.5243593171721941,0.6028905608624924,0.5085642320738989,0.09553159507943552,0.037743953520112825,0.6237737259058739,0.3904030486487712,0.1786297174012505,0.3845222616322869,0.14043363742902332,0.37279862991483,0.4014035487730444,-0.2992750049774748,0.25824710506672205,0.8852288387381434,0.45128644554325953,0.8806728083599809,-0.1016787085426663,0.431232069010916,-0.3834174577347546,0.17602141442474423,0.5808543951025469,0.5145026088340616,0.12767261470712218,0.5213820187997174,0.21782267326750546,0.10110583437436857,0.27045566380131286,-0.18824241170076028,0.8912997642326098,0.22245945332798492,0.7966095250590516,0.48750544777384996,0.10872677485260905,No
0.026061697685219036,-0.019146443183378197,0.08222013408424145,0.3643865128374576,0.03297988911983413,0.41635279269143693,0.180913820602822,0.4811487720822965,0.5177059304957518,0.5856591855923496,0.5136960649755138,0.09377459758995088,0.03650203515124225,0.5857005336261272,0.3710952487261404,0.15978578827629328,0.3969698010763264,0.10363655563181456,0.30919841222921113,0.35499845891884657,-0.2260345045677151,0.2683064280421705,0.9164923214672711,0.4972310716756525,0.9437118258299481,-0.08148987868886537,0.43671807739054697,-0.36705121805264695,0.27667062145348853,0.6067454478879457,0.4771364731398146,0.15834853739207977,0.5259594898899057,0.2561956337993364,0.1717123475484894,0.26393301351332393,-0.17819672532339859,0.8465809911224879,0.2311006708238785,0.744718546844773,0.5049055171906143,0.048879701350783525,No
0.019842985481497547,-0.048037089648508946,0.07322425426599616,0.34038994057376765,0.0724258119887061,0.3973865055466291,0.131288545150381,0.4827339836275457,0.5306428704328741,0.5634880401024932,0.5135002253938595,0.16856426065561686,0.041747343235303824,0.588084367250209,0.4392157220826578,0.15293329553466595,0.34994034885879394,0.11493227307508816,0.33506731795238737,0.37363313000048215,-0.26658241202504385,0.23887746339707205,0.9319702444316864,0.5060711218338657,0.9814245716265684,-0.036342031238413834,0.4472607314412866,-0.4598166988384618,0.18811141043291643,0.6575551915743856,0.4480012016128958,0.18200162062532552,0.5268967790862412,0.1409357451534633,0.16068555567657278,0.29128936098420877,-0.17012600720244644,0.9291934128783643,0.15909343896293837,0.6967658694710087,0.5331844783528079,0.09709075113514828,No
0.04069736605776836,0.01916773400245682,0.028426145961730723,0.3214747969609324,0.07395084875485186,0.35288167881646837,0.16746077559248795,0.45505593011554324,0.47498638546189903,0.5956333522973646,0.463802533588336,0.13362519245377205,0.048366664218322364,0.6325036709043718,0.37428753799698494,0.1299030982087639,0.397253217530555,0.08197450032467772,0.4343316937317059,0.39688371470788064,-0.24602934160738626,0.2478771465934021,0.8533373862426971,0.4731126054489936,0.9252008617541061,-0.07139506037662226,0.4361058934130491,-0.41021175518295105,0.14155948214240127,0.617963247106803,0.43567651773099775,0.13243632045809844,0.5638228521352835,0.2746634744971611,0.09045615560771214,0.2542090649290989,-0.16046873258824904,0.8469759819580586,0.23320600532799593,0.741820677710415,0.5328633369810872,0.055250721750364294,No
0.012386599301440452,0.02514671869169812,0.06805395515446001,0.29966535126980925,0.04284694585481646,0.41572056999116125,0.1702337010360473,0.49226807000727185,0.4802194290485464,0.5441186226625597,0.5090745617046888,0.10679291150370147,0.05509238881314653,0.6002169305102706,0.4276345120117077,0.14463061335747668,0.39318769720727925,0.06958474111919127,0.3106409762646077,0.3572955240784622,-0.2641085057117875,0.2904028210744101,0.8727510296211007,0.418049951352009,0.9315195352171302,-0.06817023005340897,0.4185110032877835,-0.4216848350558522,0.22302396409982406,0.6129737298776503,0.47859675518168737,0.10106692284655036,0.6118421463667845,0.2528175830372843,0.15698184566223003,0.21837236686694314,-0.14022422476120688,0.8771680274348221,0.20330014025637203,0.6879094191062114,0.489794056532022,0.09593370426543639,No
0.030187040258114695,0.020547132593851054,0.08375958854497047,0.31314043458990964,0.04372781493522102,0.41777555308434405,0.19341202937763663,0.4652692740816977,0.5309347382716736,0.5742179628303042,0.4688846113261922,0.12080793983243254,0.034761098689842576,0.5975298695782503,0.4464097827072309,0.19921918418112147,0.34595787965173336,0.13659364776665733,0.2650096740320191,0.4476594916061676,-0.25639335836521804,0.24737495316414954,0.8880787544366713,0.4677523218455611,0.9275673165042247,-0.07304750553885722,0.472540142928775,-0.3998802486879429,0.1649730358888041,0.6150727743457467,0.4767930590709756,0.1202190746147207,0.5490098573061897,0.21655283869236647,0.13482078460275085,0.2458343265758714,-0.2414996698518021,0.8764009027557639,0.23052346165921903,0.7376604601008769,0.4884829562145648,0.11171624695638346,No
-0.008958004786301868,-0.03664726471984569,0.13041539249281248,0.28348825046406817,0.08231377073477869,0.3860292757517441,0.17284458472184308,0.43805797753264475,0.4574480522360616,0.5963361170849267,0.5104516957391058,0.1554582904202345,0.030550472433179633,0.6666013254203373,0.41604051590387414,0.19206336519651668,0.3481332319571678,0.07214010788703284,0.3628425768723736,0.38060192754818517,-0.24214369890747264,0.22856717259226875,0.8935376508100291,0.45975253560810775,0.8921621619456729,-0.04976915453332149,0.3822706452405504,-0.4113209886625379,0.24670493233469193,0.6132690730502475,0.48129882635658855,0.10965448613369673,0.5783175661099106,0.2625815595671263,0.11616328807963687,0.23905882284441313,-0.13101644679542948,0.9460863040933047,0.17118768334274234,0.7082214742962526,0.5227249464175722,0.017644488417346893,No
0.000571354806282697,0.035572305420899536,0.02107590815560953,0.3188966372479535,0.03847590424634799,0.4583070772399998,0.15167602382063688,0.5106931990661475,0.47670352554993456,0.6038053149048084,0.5058513479359547,0.11697062709823353,0.007866073270436258,0.6096836342360794,0.3947740580062157,0.15436713801515617,0.43306779155165626,0.10698854416550559,0.36656135441411036,0.3713808048622248,-0.25335354337101085,0.2456046852431612,0.8999964089809098,0.4754502624156309,0.926667671432883,-0.09282499969915844,0.45608970735888593,-0.4158460150342183,0.15051206015679752,0.5287937144132843,0.4700067642392896,0.11169307241582616,0.5381775683972184,0.19801146746313963,0.1454665619413541,0.2419496742599967,-0.11609850383503097,0.9207113524783613,0.2495471714010859,0.7390542304615618,0.5517093772836837,0.0855268116286566,No
0.04408774102301179,-0.002176861957688207,0.0223103384318582,0.2551247825410827,0.10597835898314284,0.42346383300190804,0.18509748518588068,0.5098128417024375,0.4450751293624927,0.5699120042878302,0.4912108844966227,0.143387064089873,0.010802723589029041,0.5639495592910989,0.3716796563508499,0.20954266704756092,0.36661014649629114,0.07400211281105443,0.3662871303787314,0.3621603981735457,-0.298922645641181,0.20561095005194757,0.8881750197044167,0.47111601177131235,0.9215078552267175,-0.05613236875946714,0.3848874678678604,-0.4632072373095117,0.2613552290087542,0.6298360850797754,0.48413900573243096,0.1167855462601241,0.5181055187934113,0.22122969721504968,0.1809013721779996,0.2653852030922122,-0.15287871410459608,0.887172234690277,0.2329082164006535,0.747402479810928,0.5283592310926077,0.060484784135034206,No
-0.0034071522630489707,-0.03238598111339867,0.06303084846307337,0.3177507690376478,-0.01620652614198203,0.4021985126043672,0.13349337354649066,0.4800825861991908,0.5137419699808012,0.5678798462148249,0.5147636419987311,0.1388508151837144,0.02469045515970248,0.6460193808556522,0.386237867770568,0.2192010958569953,0.3821301264348885,0.06526284674392975,0.3367057315827628,0.350147083588713,-0.22423745693683564,0.20497891592143627,0.9315674982189452,0.4281201428079619,0.9526748136976088,-0.06831887404192517,0.44139705213957736,-0.43454943221878933,0.2043213915299209,0.5969017855722009,0.4173325169303956,0.10770228629415954,0.5090183411850306,0.19863012118526419,0.17905531712801342,0.2535121456142844,-0.19201626857242657,0.8774787880237108,0.19399437188903898,0.7296913132278379,0.4947786669686493,0.05835937598270277,No
0.022998207334926316,0.005560293101007406,0.059664892246475996,0.3151621128181538,0.05456220269894507,0.40283476563543297,0.1842829248458528,0.47841820600912777,0.4474742884774549,0.5767231751675072,0.45311839740485077,0.14018612319733376,0.05461192704756403,0.5816674046672917,0.4044873472207216,0.11171691584573293,0.41806980373314545,0.11185284954825082,0.3817547437090201,0.4277250846307057,-0.284497471747815,0.2797033113128478,0.9342583749384343,0.4113588227294786,0.9224388761868587,-0.07994770937062193,0.4589364495738344,-0.4886663630707908,0.24821588240689277,0.5894764449898372,0.4885526810359898,0.13477016925140956,0.5400094560447151,0.15163746897057317,0.12992451758248258,0.2787345564391698,-0.15999415774181927,0.8430966499619993,0.21097101121174938,0.7137705276121447,0.49987597157503416,0.03715648110112081,No
0.018561078657213896,0.033390433318069054,0.12783931266756737,0.270861976546413,0.07895019023300165,0.4341038398900095,0.15135463936808818,0.43759605487141007,0.4620549080452635,0.564849443440978,0.5043716272607522,0.16192216740886695,0.06474208048235902,0.5515282632684827,0.3843248184227477,0.21404933598868442,0.3669533243325326,0.08885521243840348,0.2960935178184717,0.4177197628859811,-0.30515663913405333,0.203777667840096,0.9214037534309816,0.5137980092473524,0.9188568800004826,-0.07045153422962395,0.4605209804415791,-0.40816469663954696,0.182540606138627,0.5782889482741042,0.41406591025092593,0.14356553954576387,0.5224881998532406,0.20814463135567726,0.11141654489963222,0.2262857945000565,-0.15010482052802912,0.9186517921960734,0.19931477970673248,0.7253584101905984,0.5014291077118112,0.11088191060785008,No
0.0009298730896772085,0.011037029379817943,0.0749891225454859,0.30585237968268275,0.02096822240090474,0.3792247041068047,0.20260634566405195,0.44335287698817283,0.48231630808182085,0.5466383246836481,0.46181098381728153,0.0980438571828009,0.08223414586938929,0.6197318933323155,0.3921864497380544,0.20754642859596018,0.38431714311149123,0.13119283875046392,0.41360409636878065,0.4139736125985784,-0.2449376643018344,0.2740412814691853,0.8903313781843468,0.4011162079411044,0.9079364501158688,-0.09759339774333572,0.41296886239316327,-0.36303798810128507,0.22740164380556668,0.6060791009589244,0.48544013748901615,0.07981388180498158,0.5470912159080107,0.24946874621512272,0.07427857313588539,0.2762588227122414,-0.21137833742324266,0.833101722050421,0.24891781090123832,0.7081213259596196,0.505560146928706,0.1124654455833427,No
-0.009157148167572035,-0.005404961211872469,0.05817241144954413,0.3255113914279444,0.0491389929044871,0.41253248100815526,0.15366303592224723,0.47567799413007084,0.5040424686314084,0.63760661587531,0.48685545089486265,0.11559384155951319,0.03874666012016677,0.6289238409259842,0.37524256128544703,0.17816742041265235,0.31365132822873265,0.0824166798390369,0.3794339967598751,0.36134448733017316,-0.24246906449995237,0.23719481803218648,0.86409717567387,0.48534073880839873,0.8962174518468604,-0.06025669105784641,0.4425231422710742,-0.44240211659162715,0.19840770922865578,0.5648041217916356,0.47672360522275015,0.09712891494287046,0.5150575394195696,0.2136968669393207,0.17485964891282396,0.2575030122502162,-0.14000572343986833,0.9088426141984983,0.22557735442232374,0.7283748016810878,0.5576657256159839,0.07209219702156226,No
-0.05189476439790323,-0.0064436150540067875,0.07783931078200405,0.26688465673731643,0.029375954634595813,0.3721910455720616,0.19237129282589732,0.5153092855440649,0.4883362030478749,0.5966159516368322,0.5134585603620654,0.16773271548686142,0.012005343223477318,0.5933944026537928,0.39776705639804133,0.1773211419606082,0.4640156133738889,0.09148697079662817,0.32161086627868246,0.3484938436137991,-0.2101948427391203,0.2272843501443522,0.9097868503818534,0.43580541898259684,0.8895744304447349,-0.05088966186468457,0.4143502476451835,-0.40408536190330163,0.20871563974530824,0.609240514266049,0.4530253884571798,0.1571627930772985,0.4975693146618823,0.14765730919713366,0.1626777539601071,0.25826943524398355,-0.18695847546364924,0.8480672998845507,0.1480309154303907,0.739885097834259,0.5765021280821359,0.07862058680769295,No
-0.010840061600746362,-0.0007310352748752911,0.1296111719999451,0.3376405550982948,0.027921767845195712,0.40995181589444535,0.17874288701927665,0.43343324043632464,0.5174012763445481,0.5561357768304538,0.45296460636487157,0.12340281370885592,0.029117254557344867,0.5999601145304617,0.38505077735087945,0.15630674622326907,0.42273950912145797,0.10379520579073122,0.31854980355957574,0.3246078535879895,-0.275206685021878,0.25778095742850027,0.8709212900552472,0.4349066527050511,0.9099003993743102,-0.07122687675582784,0.4568114310368399,-0.4168607071988392,0.19559526216545645,0.5861067459991903,0.44608914401083327,0.16340451252175517,0.5475177665506507,0.2826384142590392,0.15978791771818146,0.23834929044463554,-0.1957956674165358,0.9207902405651505,0.18467865786614768,0.762624897983652,0.5042411292934589,0.09325206081424076,No
-0.031792536445990865,0.023396560629962437,0.02722486897740454,0.3232721481839019,0.04999382736939703,0.41216289189417005,0.15689566465977942,0.4525456080125603,0.49927061379456456,0.5506058894020889,0.4680523175350734,0.11036232210451022,0.0196578261504853,0.5698288776824113,0.435716556668203,0.16502592220645215,0.3820862432205013,0.05073678756162237,0.40940126149525785,0.45594078228724005,-0.27118615031064214,0.2898445766987675,0.8871248400937528,0.5043092466447489,0.9376622051342417,-0.06605278481071723,0.358294507459532,-0.4432063102832689,0.1943527716071752,0.5988125444967943,0.4246248375573539,0.1147141405218689,0.5418491150328494,0.17978369483705695,0.14548288047821006,0.2904403260435311,-0.1570920392698755,0.9022664850387813,0.14852372092011806,0.713675414095453,0.5886646041179685,0.06480245177424437,No
0.03793428628641204,-0.01832522668068848,0.05590040359739812,0.3305510336593064,0.05894981587602767,0.42055407230741465,0.1442180720428188,0.4310353007496273,0.46805102924255637,0.5647004965009135,0.4914145379233514,0.15223706851285718,0.034202174022806967,0.6145286846718001,0.412238146258167,0.14159709715353702,0.38940419509055413,0.09448610064645485,0.3700498824971335,0.35107111833128873,-0.3089865189129625,0.25834989971880945,0.9004947416535319,0.45081461467084427,0.9284158395640338,-0.04268247851625506,0.4195084263522642,-0.4252073563452258,0.19610824485834188,0.5562581165405946,0.4565129322240428,0.13466498686213108,0.574356970944933,0.21233654700020385,0.1474713259648379,0.28086024826055167,-0.19378066990254295,0.933474094350087,0.2620443713571693,0.7374659087585296,0.5108557672664559,0.13159089203233398,No
0.02386892618304444,0.0024590761399150823,0.10704033323115308,0.3547131939551804,0.04584131677746071,0.41657059437635674,0.1860735543224071,0.4659853073303255,0.45290105994714297,0.5525222556338371,0.4575450958212669,0.1359065361843827,-0.003948639171656804,0.6057633137210655,0.4629472306690178,0.2178932303067647,0.3337636099023653,0.052201593217578585,0.3239566931314985,0.34805804974401167,-0.2973886242781637,0.2527367750719373,0.9110322580883774,0.4848171800220423,0.9133409274199158,-0.07720276088320696,0.44394291100183214,-0.4201026979356429,0.218055354802801,0.6057635028007103,0.44978071627005456,0.08087819703255397,0.5702166526797846,0.20069754804572804,0.1521977481384117,0.1958039700372865,-0.16899562564480425,0.8952097415696679,0.21358632657188084,0.8287465958695297,0.5081049978964343,0.10739723610932313,No
0.015696973566281316,-0.020359169780027584,0.0884051007381099,0.31015380019077676,0.08218632192350894,0.4679375774800337,0.17329374640365142,0.45668964956163643,0.5261738631885837,0.6225696357228147,0.4717952532033122,0.10753009440752032,0.05184462849729338,0.596029811284101,0.3793601554911595,0.19128096959626215,0.4090308007815878,0.0805310646637995,0.3490926488168314,0.3658315683522091,-0.2806313157358709,0.23815004706484896,0.8920972121111577,0.4119434822162768,0.9148548246046653,-0.06641074595595704,0.4691123909518355,-0.4262259017244844,0.15636008101665028,0.5865627565347431,0.4440727698527727,0.15314264303387817,0.515108544724458,0.13996301808167955,0.252219723802438,0.25757261884658733,-0.16598038283397273,0.845959583583891,0.16519118641660263,0.7355743286577989,0.5371236890795865,0.1038407334759249,No
0.007123129719547813,-0.03557826609504403,-0.01089897962971946,0.31207675781735467,0.03990978527793355,0.37123154705401373,0.1936115264077972,0.4178561039582903,0.5131362428579689,0.53836590149426,0.5023156399525737,0.14913803675422121,0.021443930873987303,0.6506883666317472,0.4655267056485682,0.18217537475998996,0.40512767042809283,0.12238390333020435,0.363584977031459,0.396246056948549,-0.26349627504179435,0.2024413000083632,0.8481763792083962,0.5276671796232013,0.9372489812763801,-0.07641615431547916,0.47117241142162675,-0.4393318702663233,0.21123039954232256,0.595168317922476,0.4748706740085835,0.12648499030334157,0.4963048752966134,0.19659388453486842,0.11795446269869496,0.25321261072919476,-0.21534018355744838,0.8547790242931392,0.21319399332132705,0.7345025460555724,0.5327454951379382,0.08142600327062907,No
0.0755685062066464,0.0038021530197262015,0.05286262915806374,0.31811738185954613,0.08652767667151728,0.4076198470960583,0.1893116304437158,0.47700478536575647,0.4859147103689921,0.583996314711243,0.546260642810836,0.1284111559448015,0.0020012996169234167,0.5904054587825563,0.3445626983887789,0.1791820859619867,0.42824797962386907,0.05032046429669315,0.35174416789213575,0.41269171459667126,-0.2150400339626172,0.2914560204319695,0.8338316266655154,0.47134408749871,0.882408256989392,-0.09899561397091335,0.45790626143634466,-0.4121067174249199,0.21552723374710814,0.564979058771624,0.5052779422803617,0.1572273043973888,0.5519246480941286,0.1888750134456036,0.17661302597288242,0.24381687279964734,-0.18699291624759184,0.9109657889451718,0.22662461763908914,0.7129282319552697,0.5887275794160128,0.13720782659231556,No
0.018151054224353085,0.012912102681950647,0.0741286054304909,0.2685835295181407,0.05931324703385127,0.4120949462342547,0.15148942909747698,0.45584293127364245,0.4231884058328072,0.5477518528410347,0.5259477681302924,0.1730547141428434,0.003280509783182395,0.6054762312458207,0.44094158576268255,0.1594536739825577,0.4091735546274231,0.08954894647330396,0.38296424550965474,0.344655238230534,-0.2809114918215413,0.2614481603319789,0.8927654246028935,0.4545064419655558,0.9448502373483646,-0.0969651368104713,0.3921895252994466,-0.4318513743213302,0.18208879475898396,0.5843401414839376,0.4991412203160917,0.15968980378613354,0.5412429005899877,0.227940004567937,0.12844533509503722,0.22768336539535608,-0.20457085076399073,0.8713666772296818,0.20784060474462135,0.7036832713825099,0.5321241418423356,0.07694416548355298,No
-0.01191895234629608,0.03484598703634911,-0.009583540023999929,0.30357154194015296,-0.01464409797267694,0.41626557896526556,0.1916352271805962,0.42459022030727595,0.4579354501575297,0.5297210457934708,0.5002022391664688,0.11089515880754175,0.02322228843030772,0.5889516224119661,0.37878214394972487,0.2090163454762814,0.39705632971433347,0.05502273123738064,0.3262357813819192,0.3569666971865684,-0.20559635585431987,0.2743985634441805,0.886084557898204,0.5074127944089715,0.9711365203982056,-0.07596697669799231,0.4209556339843752,-0.4277190497573889,0.16515475364085902,0.6448717903696899,0.4308774738837091,0.16262641584498047,0.5459619984425897,0.2121340373823507,0.19577234187643738,0.20652883046641357,-0.17104686717259682,0.8775306777955868,0.23794605890357656,0.7489397733192449,0.47521969375024253,0.11996169261301592,No
0.01456385168773703,-0.031064755858887922,0.053744645499090235,0.27608688084953836,0.050803884627712986,0.41361223779817696,0.15873036492560996,0.45160947143750435,0.44624496660273605,0.5907872845898807,0.44055934147918513,0.12205119264078043,-0.022392744378918306,0.6015059183111312,0.4078065457431306,0.18716047378975653,0.41475468081443245,0.12199029000823691,0.2989509078756164,0.38138257882660026,-0.1874459664217101,0.2566350023186258,0.8649387973968411,0.45380512506717563,0.9160652343328083,-0.10433939458770383,0.4593457192942997,-0.39931755433220756,0.1537018793565631,0.5900543194011679,0.44407593950001173,0.08852951094640826,0.48280112079104526,0.18330122201504773,0.13971809616321998,0.23956313009275873,-0.1974317670061075,0.8804453918551735,0.2315543135508153,0.7490336803061515,0.5570946133388943,0.07592792335904487,No
0.04807671572044932,0.01044239651095476,0.04956749594244029,0.3178719825894119,0.018486746818512867,0.39992314468994916,0.18166900659142665,0.48347349167664766,0.4823223109893355,0.6626867535704635,0.49312674709041504,0.07076698582936797,0.06797994610231045,0.6182045907120329,0.41494078050942057,0.16111249802664696,0.4006865047911779,0.13913312472063769,0.35330117397709865,0.3390277528162649,-0.35137481545414473,0.2645987720828461,0.8603018353680773,0.4532047773384816,0.9033028838518281,-0.09547291939963715,0.41031436964950146,-0.4370943918779654,0.217024231174412,0.6100618707097725,0.4248301842911402,0.10442524459114702,0.5366193616494059,0.25285508769212334,0.17258522956392763,0.2232144548754525,-0.13897678518622336,0.8389137937142365,0.20304173188514982,0.7529435906662494,0.46467439871898775,0.1455630170231862,No
0.03980085548929847,0.01941011917081767,0.035284172415734366,0.31304031956138684,0.07964163048909804,0.37542885176738783,0.1633555527474879,0.49243492192801946,0.44978932762107987,0.5906427820753981,0.44564989049643833,0.09280340442630297,0.016444152171772697,0.6153974399781059,0.38696644280557696,0.17882657649927483,0.3682692651761377,0.07464413417725421,0.38477203109047875,0.3486219150733255,-0.2249995737400962,0.2530300686994451,0.8726126309386408,0.4196704738880522,0.8931881233292573,-0.0912050006164776,0.4287709614314552,-0.39874284199577636,0.18472997372225605,0.5858532313592084,0.45855014227580626,0.15088061712531914,0.5445897890912201,0.17967105246190224,0.13300874747420452,0.2901238406192971,-0.20813972675482872,0.8944312694572707,0.20400294428154755,0.7213325296898915,0.574762028641538,0.08388238356665857,No
0.04533435215832942,0.00016881615733229844,0.07804269532221396,0.29776678303089144,0.03894621513727478,0.42138912468484807,0.18160070341363616,0.4830630184314456,0.5059275262829086,0.5405774129346619,0.47410191908370125,0.14661709367812342,-0.0271720306200446,0.6087689888417107,0.4046337129086876,0.2005475807835711,0.4013847448925073,0.0706432289494549,0.3259716847078444,0.36744525623068514,-0.23037230153739288,0.18399557487703722,0.8946006249365923,0.42970512124353466,0.9333002714764478,-0.058710716278638136,0.3834027961602288,-0.42365412389048734,0.19840426222393434,0.5954910597739294,0.4574038203819965,0.09995066078773693,0.49318686359592856,0.17993859704644216,0.15809235589169648,0.2498345948446614,-0.1702087253220115,0.8410370794284552,0.20812018047761482,0.7573419095474704,0.4717833618730089,0.06671512153827322,No
-0.04711047394634416,-0.012608462241896615,0.03720526171555432,0.3265106933079489,0.061006212298999135,0.4478538309464036,0.16714744420561362,0.4752780404968182,0.47789595322481704,0.547578101207927,0.5233358524257763,0.15841645870007495,0.05275160131920311,0.6039276152904286,0.3787673092462048,0.20930896996220869,0.406271388779495,0.15130899562059213,0.3126194673496971,0.4090057554580141,-0.2313009978122678,0.24280116925625286,0.9307942880119736,0.46826651331309216,0.8994684216883805,-0.0725958203619715,0.4048068294349961,-0.4309036025420338,0.21485193612611891,0.6225307782727014,0.4677062189891564,0.11407504008447131,0.5366939571271855,0.2429820058677868,0.08230763640931235,0.25679608334978693,-0.17436182209521003,0.9208132204060892,0.22069893934129595,0.7528633484321734,0.5125812201188085,0.08282686081459542,No
0.028310549094116642,-0.001946391989108301,0.06947510531462923,0.26900470934543885,0.05387282430639092,0.348748699734199,0.15328543360388072,0.46702887316549696,0.5176381015088085,0.5506952424412251,0.5095035036891767,0.16517360922452642,0.012359614370586854,0.5535791839448628,0.4166853145924757,0.13930021456331151,0.36431615210617907,0.11826274559178335,0.4035591641181947,0.35310805693034814,-0.26989678515897414,0.23986591639142998,0.8734450000001177,0.5141949342747167,0.9116581776515965,-0.08067820730952308,0.4817579178433342,-0.39954784173428937,0.22331412850840426,0.5656691707250032,0.44516445848020336,0.10538573565178846,0.5492835508963992,0.258037312962561,0.1234777576910585,0.24237448041173115,-0.17827083009438985,0.8457851629454567,0.18891360206266136,0.7615307838308979,0.5007759939768844,0.08556676516677199,No
-0.039240569233924695,-0.0043200273338660335,0.047335384005101774,0.27843328378518784,0.07964060828086074,0.43450751961341283,0.13968361831754916,0.45863790250787817,0.49595673816644487,0.526227187130949,0.45638019759325277,0.159707340184666,-0.00037187655302159395,0.6377362648440934,0.3676277056492631,0.1948249580736124,0.3795470160850746,0.08543964926607776,0.4029302632629132,0.3455031613910322,-0.2299302470706796,0.2696666751704292,0.9905164432808718,0.4238822342533991,0.908795668737127,-0.04456798129876259,0.42726467787203354,-0.4307396597824209,0.22246249616962188,0.5848555038265634,0.4343140768640329,0.1583635910250167,0.5365043447561606,0.21189461886087838,0.13066194320370322,0.22585452195064254,-0.14690322248976986,0.8813986482261708,0.18603288728824088,0.6997661423722342,0.5388031798475024,0.06751981993323242,No
-0.06038025941967214,-0.03609806368932139,0.057227110572912535,0.3089172983511858,0.04862275788508787,0.3976260154303554,0.12449416800253608,0.43888695070921846,0.5301404872687945,0.6117568845503765,0.5156315328553952,0.13580388521488262,0.058724607584020275,0.5663669294717796,0.40897796688347154,0.1414521102399915,0.3557986752174265,0.101604585473117,0.37565469903097054,0.37731328638791656,-0.19830417999222666,0.25941551507506067,0.8665756756333851,0.4235943023041455,0.9581191570677715,-0.06519187640154475,0.45355401499317394,-0.4965870288940657,0.2010773125503351,0.5774993312607879,0.4192570628979695,0.1346968160937045,0.5580001105249585,0.28926686532164925,0.14873556098617918,0.23202732240001375,-0.19174120483878412,0.921095853605758,0.1792220408208642,0.7570056187738228,0.5358489848090258,0.08827035105710872,No
-0.047043557696423766,-0.010708746066789745,0.020490284901953627,0.29743600625919786,0.08344318524182276,0.4460404358780492,0.17518823916935497,0.44801319106067045,0.5422701576450839,0.563162321732099,0.46422238463080356,0.1420132961311661,0.045313951619146725,0.5837134942687674,0.4109968727678501,0.1883249244249535,0.39499647454193915,0.10433080598964618,0.332080740010095,0.39891611174778063,-0.24724745783101326,0.23890766961760396,0.8825026987388822,0.45325910378262313,0.8842138624303917,-0.08814542727083706,0.435219759115873,-0.457377862142134,0.1751394416654895,0.6643919062668311,0.42719209803083963,0.12506286900264438,0.5002341861594629,0.21777391661045756,0.11702343847245449,0.24600442640008643,-0.1902125391977269,0.9238557172348967,0.2115773755270374,0.7082436176790933,0.552262444825218,0.054029310819718956,No
-0.04692240566734953,-9.127462298422276e-05,0.12145295137288137,0.2602535044312242,0.01599938774913448,0.4316844686722076,0.1495001376962696,0.4834818634510863,0.469502510466013,0.5849289060670597,0.5506271971466383,0.08528111768300645,0.06229475464617465,0.6203819754955052,0.3633127883477958,0.1918271404716535,0.39107029317626285,0.09329545763812065,0.35734771285044536,0.37261778508811855,-0.2456712241902398,0.2603055580149032,0.9122609797724464,0.41038132785901327,0.9663017894369632,-0.1037043601655156,0.4561214475724811,-0.41446477810228505,0.155302461235966,0.6086969210067951,0.4327076497996203,0.16864115303688648,0.5039206593602875,0.17643043380089635,0.18748634191759272,0.2587414302359667,-0.14264039437039064,0.866657726381201,0.15237394829420497,0.7885888701106232,0.5268457447448688,0.09751786612552873,No
0.019697873417948073,-0.010061731590470682,0.0710219050711475,0.3629020060738642,0.05495578852982748,0.4373717382699695,0.10903237028370977,0.49883622534326644,0.4489670487340922,0.6109523054657895,0.5100119159986118,0.11824118681144623,0.02859428370581763,0.5924088387958225,0.38337003029745614,0.16888083640049892,0.4551278816356573,0.12963183866425065,0.32112209050122126,0.3911593824904113,-0.24489481806141877,0.24879318197340441,0.8597959149067561,0.46957309840455524,0.9529573614396691,-0.09406261042574261,0.4919388361667657,-0.3711880336034018,0.2101821182884639,0.5559009658356105,0.4731121077550123,0.14503662642909124,0.5406403628018798,0.26899394489774975,0.13619176712800526,0.3147365174885317,-0.15646099776341763,0.8834879874739641,0.2811095805966433,0.7632295543885925,0.5133965325015131,0.08530380696901561,No
0.01905699065563602,-0.004525830803560254,0.06825225471403051,0.2905673201888192,0.005373189471970144,0.41230127845972364,0.17297061435140504,0.4809369941804256,0.4773414864610855,0.5404534119085646,0.46933324529265324,0.1527878197988573,0.011583590975828385,0.5867283420224297,0.3986177089658297,0.1564818396807966,0.36808978448439966,0.06442893040169445,0.3892718830939403,0.4035317809208806,-0.21033956976400459,0.2965421779575197,0.819382847682891,0.466499798121198,0.9099898535252805,-0.03554136054313876,0.41102845755081263,-0.4484726237713797,0.15071577570033387,0.5837723095863109,0.48851820685132474,0.14426230288799663,0.4891662565612405,0.2858597894399144,0.16095714795125093,0.27662402357159,-0.13010526332280037,0.8429954150850286,0.1817852402378145,0.763023138095718,0.502716399269593,0.07452690513297089,No
-0.002332219584939002,-0.03832216165889752,0.05341050317867281,0.3425185248192558,0.07781264209074262,0.4424991386364063,0.1990660558983523,0.4772996242047675,0.5044275326235623,0.588269963547983,0.47948156436745487,0.09022046538204416,0.010894009958458517,0.5902098920998186,0.3883153375384798,0.18747507691391777,0.3949429657923122,0.09984234230231531,0.35779442783436766,0.41899867855412865,-0.24803137973012473,0.28331306827873287,0.9053768023452555,0.49008516495940824,0.9760141075738272,-0.0517461624743671,0.4363856411382494,-0.4139288965571692,0.17963216913307178,0.5777393925183932,0.4881333638748215,0.1076671776087306,0.5736888835821916,0.21672831914193708,0.22733332556018832,0.2325082572939709,-0.16115046054382007,0.8816464046363494,0.18533574164915284,0.7702468079143514,0.4938719232783031,0.062495074091395306,No
0.01758959126744732,0.02234882432848214,0.022478456005856386,0.3325337348551621,0.05979602279869756,0.3815769980415364,0.1451033336245618,0.40411986359523794,0.5461505105081987,0.6111326531940947,0.45961862907972717,0.14508603727741645,0.014361260023565529,0.6274350876870336,0.3931079088059906,0.16415950190616155,0.3802356912776547,0.07084197709086938,0.3892303271138934,0.41008457021303707,-0.24447573680851334,0.28379903018326885,0.8410670901485168,0.41934239550382474,0.941811855412969,-0.04697955319950255,0.441654820035762,-0.473328971332818,0.1618671157897945,0.6053503129108,0.5338640176527134,0.1731146663339101,0.572564833469448,0.23147177939476665,0.1514457181901852,0.22229715608117714,-0.1401014665516816,0.8900064316675719,0.22991023565936256,0.7392533879744179,0.5354121018527594,0.08014546581166368,No
0.006738740934686789,0.030002296726356917,0.026248132770605295,0.27029575550924756,0.06870496272537435,0.4523259277146108,0.21955211818866088,0.42839109990238783,0.4825409626122002,0.5362935831114372,0.4817746305934601,0.1548042499451434,0.031195176835303533,0.5887745492078289,0.42434268857309937,0.15120856206511618,0.43667546025684034,0.09078118650795297,0.33519835856809727,0.400734237464461,-0.21959560815218032,0.30094124246817233,0.8835801744181355,0.4887778545411672,0.93061156089923,-0.08738705050295005,0.4099682477779624,-0.44975763438945854,0.17148633155325352,0.6263237555684775,0.48227113702905655,0.09934093670389878,0.47285397690887676,0.18791122205516536,0.11816890251908943,0.24420374878154918,-0.1334702224529687,0.8757703769768119,0.2595432632007692,0.6879268006183488,0.516579573487368,0.10634376937471438,No
0.025416157570993008,-0.010071418691651785,0.09428762165620791,0.33944932157390734,0.035465585616832065,0.4185565528307149,0.18987817820693378,0.44680736340650523,0.5454569411823463,0.5556091823462552,0.5026157658839091,0.08362548760107733,0.03468273630193233,0.567978575114418,0.3991662416408852,0.1274621979197674,0.4128805113201563,0.101251038832957,0.37987450246599525,0.3726946054813976,-0.21375877195208176,0.2542403746255396,0.8932742653887425,0.5196177586209139,0.913034933594072,-0.03222187893909371,0.44766314186451783,-0.43400527784783294,0.15426642480602273,0.5618600054020102,0.49499009291111074,0.18860927218726597,0.5279889016116316,0.22559646960769136,0.16476459176119848,0.255500780979455,-0.13566512700412045,0.9009505502636975,0.21319450380502428,0.7173564119631664,0.4986805367260388,-0.011995331105734947,No
0.03702350399825615,-0.0043982116566697645,0.052223098300608575,0.25653220940713783,0.03672564242303683,0.3859581050288954,0.14492658706770517,0.47510849072826883,0.49829463427015147,0.5398311627361932,0.45935774638785376,0.08212845052375159,0.08589771296907084,0.6447724504572915,0.38242114590777515,0.11576229515952838,0.39272743660076026,0.09197084082783892,0.35675969546654623,0.4053699771949127,-0.23422307435663348,0.21956879931868695,0.898700474220801,0.48181086612042534,0.9058551608521289,-0.06004695581106345,0.4166891721240552,-0.3569630394522315,0.15393233735391632,0.627531025011533,0.4109454661327174,0.1903688669386555,0.49099923249259253,0.22697016304873774,0.09259519316559975,0.2128022865882081,-0.14172371671449147,0.9230467520878861,0.21630903236648039,0.760565247352697,0.5583849113898565,0.06225200338664291,No
-0.04196884302950444,-0.0004111015860838385,0.04691898306576576,0.3267420727047307,0.07236988375884518,0.38865917506030384,0.1898930359736217,0.4847475577122292,0.516326705040942,0.5684362694344667,0.521690644329931,0.13671887551391837,0.05078746968475235,0.6503244284891984,0.4178233415785254,0.15685125803947628,0.3555724733804007,0.12440072214052342,0.3579714161379577,0.43322942007019943,-0.3086607586945258,0.2803819978972878,0.8820451215432616,0.44559052901392054,0.9046309773377723,-0.04205851945718492,0.4516786789665862,-0.4511195918316516,0.19868479465767908,0.6140359868360891,0.46641016475325264,0.16981249538296544,0.5165445481986494,0.15364928653592344,0.14707251558955098,0.2587204931810118,-0.1593205332420995,0.925411255682833,0.1505543667966518,0.7311782982580101,0.49935881487019074,0.046536397657067796,No
-0.0021689699868867804,0.021054660908420262,0.07326341678845678,0.29445775562382803,0.05156487740989584,0.43700559211627077,0.18926365703642908,0.4485403060368911,0.47610228640435204,0.5291755159268146,0.4854106393776028,0.06904513918050709,0.09359402096363897,0.5743372268905412,0.44125954154015956,0.22960331099616002,0.3953721515662243,0.08756220964910158,0.3075812281752418,0.3679907567711294,-0.19965524152244093,0.26359956415236263,0.8907296878296456,0.49555985513562556,0.9484639289959016,-0.07348184430713209,0.4397602687182974,-0.43989008220340764,0.17690593212901934,0.5866635980379152,0.4777939808466861,0.09915639720145591,0.5275329144280066,0.20958415192716573,0.11444311221251774,0.2417669736141098,-0.23829822603473677,0.8694742225229506,0.1761436579331723,0.7299353161099669,0.4586448544213193,0.08850409160590642,No
0.027282698892205894,-0.003518891166896969,0.0791987748448133,0.29970151160666353,0.009290391682931179,0.40915943841595187,0.189181130994185,0.42539176266546025,0.48067035938461633,0.573256548717652,0.583835208743622,0.12781994293525933,-0.025585277023857794,0.5354052445412762,0.42990508078867556,0.24961108403929616,0.38045687477236306,0.08033804957895349,0.36017541114282214,0.3591798681702394,-0.3240988315713719,0.28417991694196515,0.8714837777538256,0.4876996948349968,0.9047456088329097,-0.06539227604992306,0.45891755207275026,-0.38473760254831224,0.20072681154436964,0.598349729789645,0.4796610343808488,0.15050237241398184,0.4865102884901854,0.1831175460999424,0.0781992156758775,0.2762969601240488,-0.18052802135456011,0.916807800105091,0.22123958159908572,0.7082599969408607,0.523431876104194,0.06913264775069958,No
-0.018276704407906866,0.027458619764798436,0.1395573227591122,0.3485695375510073,0.055120334375485275,0.446893931576066,0.2201568591939525,0.4233522829643811,0.5313728205151473,0.6037605013070806,0.5339365510847687,0.1455174307741696,0.0247500601160313,0.6609768909220256,0.41817807413822755,0.16203031413857272,0.40406544976159586,0.11973451439254458,0.3500950181327541,0.3949228519262594,-0.2451231804954022,0.23325971327067524,0.8652245078470474,0.41411167026320805,0.9731158135636324,-0.07574816731762904,0.3304453405954308,-0.40495213870208313,0.205011964655146,0.5368555264307631,0.4360979627254776,0.1102886153453294,0.5029776737915566,0.2576632925801648,0.1370046623244988,0.2404846735543749,-0.1349844298766123,0.9070623150993131,0.15689891665615452,0.7198340882129528,0.5366974117242557,0.054760605280261346,No
0.060886643652633944,0.0033863629095775114,0.04163372845535626,0.28139511899861935,0.08375485303727848,0.3896728406675636,0.18016750503337964,0.430577825727457,0.4967331114200065,0.5615934638082806,0.4888311469808221,0.09723038308209886,0.06235071867630364,0.5852606523428128,0.403686400033172,0.17220585633543797,0.4372542129593935,0.11727189496245075,0.37097260860523307,0.33579216172980364,-0.2674659645865879,0.288720546738562,0.854751317143231,0.45871656530400756,0.8956173674144065,-0.0979928675360214,0.48369616323401554,-0.3952700118331768,0.22323135835376456,0.6163648013205884,0.45689119810859036,0.11582938514504035,0.5131829967328,0.21552522309745528,0.19475957084634138,0.21321102716797352,-0.18526597160179395,0.8648129817546405,0.24082696032106538,0.7939464451681627,0.5363021399050292,0.09450778434592987,No
0.0027396276912580696,0.013124369678433747,0.08742967351341083,0.3278526436853055,0.07089405524455622,0.4323711296821985,0.1154214366469764,0.46518367433806174,0.5037834489368069,0.5931544861603631,0.4931663915315551,0.12594135208757715,0.009984738201632499,0.5467454295256107,0.43748422891993277,0.1410289766598152,0.3840724934169718,0.0680887483536486,0.39486246425317667,0.38073941898533126,-0.2570878868449737,0.27549796132547405,0.9545734666341261,0.4683668446720983,0.9162526286932751,-0.048147830433098504,0.3860922215906425,-0.4154552532785365,0.25355588116861927,0.5975849788162481,0.4643031786602049,0.13719638259288244,0.5133814161025388,0.2307147369000038,0.16472917911631296,0.24334711852413618,-0.24337868029225473,0.9061704079021646,0.2731220466910541,0.727044955146306,0.4829036476275392,0.10309969884259672,No
0.0523149679255201,0.01588120709145706,0.11597602026767732,0.3388934846674722,0.07713455496653816,0.3935686782951189,0.17733198640722492,0.4642392777321567,0.49271510605727187,0.5730540869062525,0.5050613834088303,0.08222845756956079,0.05593348232050276,0.5736584128131367,0.40048197913062183,0.18497692155045525,0.3610679067585193,0.03156874547155119,0.33576078552596905,0.3401958356430817,-0.2264048649783976,0.21845687808743078,0.9344339085171554,0.45602237218329894,0.9293504383800569,-0.12846458973007913,0.43761847251360514,-0.41925352858666604,0.15476448047216285,0.5954706070795792,0.4491321586512527,0.13007365184529648,0.5260221573811462,0.20713639033431164,0.14886468757496993,0.2507050556283305,-0.15447307409163286,0.8763416449246422,0.17718067180743222,0.7170667415348457,0.5703182521757907,0.11145630508682473,No
0.03640137397797327,0.038481418745106584,0.05024547692748594,0.32395778636095474,0.05820419548164625,0.42889485454512494,0.16009473232769938,0.4679126311464201,0.49679532200286197,0.5966379127422554,0.5179644960172217,0.12392893806386858,0.03530165386402977,0.6067677122190037,0.45738665849945437,0.12316019101989235,0.3597957194738504,0.11077302523408702,0.35534571782206703,0.39101124692511896,-0.22774932799711103,0.25948177205740747,0.8731007672524038,0.47506043306360346,0.9282018274322024,-0.08247296524042581,0.4539834123854268,-0.3973171153320084,0.2001801462679507,0.6443661315355117,0.500874651018584,0.16663300220377134,0.6022366716995873,0.2168861146691262,0.12752697888702108,0.2791126130779602,-0.17623515708305854,0.8925597142132367,0.17955066542294185,0.7565325811193837,0.48290833174410897,0.07988416266584125,No
-0.00046067212547269904,-0.013081165272594944,0.011518575882837015,0.2621444954854673,0.03354385319605338,0.4252802086402442,0.17743752552788675,0.4646303456687558,0.4680895230937471,0.5909040073826177,0.4443221010439062,0.04922232262250324,0.024289783805605383,0.5836092301936318,0.4383852548101868,0.17979963809258534,0.4384081686103802,0.07411618527984498,0.3618553546025591,0.37556044653812376,-0.20632260123457757,0.24694047184997217,0.9155114450102535,0.4238675899246309,0.9151188332482687,-0.0715669522315632,0.47117511984697347,-0.4827637393107096,0.18375781812655356,0.5818581531228559,0.398760643303644,0.12265621355975281,0.479025690579586,0.1513601123879359,0.1336016039116442,0.24441736647474369,-0.17600473563201008,0.8997876301207525,0.18274635969904002,0.7920584777913675,0.5260397288662921,0.12137022319246688,No
-0.050396977244661356,-0.025035889502756228,0.08482446279400892,0.30828650002836283,0.023733643775018395,0.35394980181805985,0.19076588985183937,0.48467147408215566,0.5019267984168483,0.5657928550212069,0.46490027855617955,0.11952936089676151,-0.007877627767306487,0.5774432491796049,0.44582763332274955,0.11953505186545774,0.40921194411739564,0.13538851588418366,0.3717399774383739,0.3950751467733872,-0.26168137834364547,0.23368534363067417,0.8224353156239809,0.4573063592683751,0.9155079990803573,-0.08998668213419642,0.43267016278171905,-0.4149770466743288,0.17467043259891532,0.6412449804199786,0.4829879323488482,0.16346564313335563,0.5221466210061425,0.23661708869689196,0.11459985074854699,0.27328947630636863,-0.17478820636264228,0.8615423766933722,0.2084452642588741,0.7295711764804932,0.5967306289268648,0.09583913675501969,No
0.047391524023446666,0.033938613190761795,0.06536843663660699,0.3017718522107995,0.0037222279601977007,0.38298039225744007,0.18865238341725485,0.4560594948800689,0.5059017874464247,0.5197617862043644,0.511898424857995,0.15401325380964115,-0.021690818352132074,0.6111376887872465,0.44829615548901686,0.22546272423958427,0.37378113718464584,0.11396054767905478,0.3901458804570567,0.39517020214400406,-0.2092218652886074,0.25198613566354555,0.9017086659190044,0.43754788206648965,0.9226372078120173,-0.0560341647774483,0.4123740138967164,-0.42355572227469107,0.21656336194833103,0.6544292829109579,0.3995866942260182,0.19587458640186578,0.5174495515826418,0.25022701279987924,0.17630376976625609,0.30023662331707585,-0.19049498408512383,0.885443743500268,0.20752038142686388,0.7276097821130695,0.5666013783554115,0.08047247827027837,No
-0.048556429944251064,-0.018990414669412915,0.016883017841775608,0.30823326469790063,0.07610551563324547,0.3894743986082716,0.1566787907455911,0.4568804476635442,0.4988494524893287,0.5961525241038502,0.5225106422231348,0.1887843165817582,0.0352868082720577,0.6220645632159341,0.36036341345041484,0.16368463519243429,0.3807736025065224,0.06004319067109565,0.3311724039158682,0.37990421889092385,-0.26291409418345596,0.3311170108988394,0.9052475018532123,0.5162268410261358,0.9723547479072502,-0.08822303387725078,0.4343994076706838,-0.42989286971270574,0.188882468741337,0.5635595468400131,0.44782378910036874,0.14736285282815442,0.5352393662235909,0.22888212668554567,0.1396807440199971,0.2791239928559676,-0.17636741892558624,0.9339484529366504,0.15370033768492414,0.7580371281072625,0.541689682477658,0.06254031258307584,No
-0.010656930805658308,0.013943728173271098,0.09171307605714449,0.26259953324876767,0.07477640742583505,0.3953791632106556,0.202528472913585,0.4099451500192047,0.5679861466279076,0.5540858427543616,0.541191814988764,0.11904326850167758,0.007021928226051612,0.6079441917579849,0.43886387922945413,0.12847898073705744,0.4099337747889949,0.09019728238099607,0.3645635083338843,0.3834580211407621,-0.26493025812115134,0.21966828772253819,0.9100585949672912,0.47621431862632074,0.9474433799729544,-0.056217760290522015,0.46161355980327357,-0.3746660526873792,0.1374446160977314,0.5225986335996023,0.5126082697718648,0.09634589094460161,0.49265840591163623,0.21265158737280995,0.09185184140511081,0.2418541191796303,-0.19709928846691005,0.8852016566528917,0.21752350354266403,0.7280266506251029,0.5152171305483229,0.09051718320437173,No
0.03132875393849844,0.04808893040764997,0.05767887102261555,0.36983010285639795,0.08223023043904477,0.37214844515818696,0.13093353201621816,0.4478047709156099,0.5379652971750631,0.5656290212778183,0.4415222746498855,0.11425228082703126,-0.02783522868475668,0.5683412021884364,0.3903792636919855,0.17955019208714104,0.41961097910859096,0.1113867156418617,0.3118724419034697,0.3719773925556231,-0.24548292529743473,0.24519577153029956,0.8818003848298317,0.40451385912072757,0.8929931880080408,-0.0811338453479174,0.3404758233997346,-0.39762880148017277,0.15255677852859484,0.6134577009136291,0.4790373291096027,0.12026649508878574,0.5552621542863709,0.24357593707680567,0.13220214464146465,0.24064893164310847,-0.13573914457329941,0.8991622979260319,0.24046917944649526,0.6666635751574077,0.5299931020208212,0.03545503669154115,No
-0.0007736552246028945,0.021414606250376517,0.11640922301515509,0.28693842644558526,0.0401578812371479,0.40624271156511615,0.1395338466407717,0.4944801982973677,0.4925243413133027,0.5843287514460659,0.5168981731882984,0.11896746160240029,0.007055756496779569,0.5981001644475885,0.38230467509536137,0.1782995514328949,0.41879424093443857,0.05531328857253882,0.3012810558136315,0.3846062584981829,-0.2708081814608289,0.2540143434960536,0.8994913472241716,0.3918855719924995,0.9482706953719864,-0.10413570496239667,0.43260215513114875,-0.4366296011436213,0.1771784410763981,0.6436712951042146,0.47064787459934526,0.163717938470765,0.5297739451414071,0.2398804239687063,0.15399233963080744,0.2609354044394642,-0.1354414508682897,0.89689704635913,0.27768272156198215,0.7671487445723629,0.4928523281780466,0.07748081803113287,No
0.011912327984720049,0.0013349050713611075,0.08484122121184705,0.33899392944371703,0.01514141582223845,0.4475410251188771,0.15386525572004708,0.4472462712577473,0.4766535058931052,0.604927332924502,0.49028094844064013,0.10121225776353135,0.018863155618749405,0.5461500218290662,0.38272520296221846,0.13787261829980732,0.3808110293955079,0.11048843544891654,0.36386846288489105,0.42083127534699016,-0.2167549184396131,0.23720408381614325,0.8904513836284919,0.45521947603371316,0.8630436320605734,-0.10556343598103154,0.42825399333355607,-0.4220350241346927,0.20910690314608193,0.6067618058017504,0.40794907391248336,0.15213518841588317,0.5306033207089377,0.23998121217839655,0.17347695639575156,0.24901523091522026,-0.13128848103382773,0.8655198691270106,0.18075612078428444,0.751195963092056,0.5159755227510819,0.09062628623919142,No
0.05978946359533474,0.01180485220511927,0.0706001048086056,0.28900681693914543,0.004929631197476997,0.40693230031917693,0.2007758870828743,0.45543526622186975,0.5066710526504324,0.6234649589263419,0.5403384687819845,0.13398328372171606,0.03668512470177581,0.5544317801264503,0.38908427655545486,0.16663745051885812,0.3633161609673601,0.0980162352292917,0.4046016313614773,0.4286616082004412,-0.2404577971035755,0.2764450074244394,0.868021112145197,0.5001188393804198,0.8807162146638746,-0.04166080504115434,0.4481402849540827,-0.43952391268310115,0.1874735488177888,0.5588249758209932,0.4283206475414085,0.08884566636343938,0.5482711215813462,0.2574403658118581,0.0766167528521011,0.3084508855834046,-0.16901637524233531,0.9008974788901071,0.1649558793278987,0.7779575698929357,0.5330460519052423,0.1169420964937613,No
0.0366257496194323,0.0400462326816381,0.044786595367115926,0.3088445680619047,0.03757796315432195,0.43596159265962076,0.17875645656554065,0.49719775235408714,0.5280093417659883,0.5288522560166172,0.5388160833016898,0.1496446358266341,0.0205051838464906,0.6104845545924314,0.40428002873328195,0.19354179511833558,0.37774421788923834,0.104930454575782,0.34927134499667484,0.3701629433157335,-0.24207010561144995,0.3342560724683573,0.86931314271111,0.4486978511225086,0.9075318405532391,-0.08594214143956672,0.4577458242496502,-0.3953716572913864,0.19356124642028763,0.6236414544737483,0.4848731478403047,0.13170726080137085,0.47922976226149866,0.24617350696752774,0.14656092739656312,0.2539684240098772,-0.18263756874352158,0.9145413512172914,0.21958315196830602,0.731227956103921,0.49027491269366996,0.11481518235702462,No
0.01814715669467631,0.0076620869983678695,-0.015468201210737914,0.31394660058521906,0.048692914291937485,0.390553828225752,0.19139683804155694,0.4865692074587083,0.507731919190043,0.6118067681878168,0.46762402396405844,0.10750918539058338,0.033825698237629695,0.5813307110197051,0.42980519253186933,0.15939409931544946,0.4278372094437873,0.06262785528820308,0.41121169534191276,0.4440076810886654,-0.25061678734797205,0.287447098791467,0.8778663997906223,0.48659475380729605,0.9222958625985269,-0.10760884682899373,0.3272880480177225,-0.4249095344625867,0.2021090267804857,0.6327620496967614,0.46216859994001713,0.16666459042368492,0.511627458098679,0.21116164764311432,0.17309205924236143,0.1793614855587813,-0.16826661327614265,0.880203042257126,0.24994660054101953,0.7224854085385952,0.5425360981973402,0.11042281838066316,No
-0.044777879823912306,-0.004181109248217035,0.051285925620103874,0.34347222570358865,0.0761814806205732,0.4021126378756068,0.13734753817214687,0.4962678073142927,0.49259759437630796,0.5321187437747605,0.452321567415976,0.13424780999585187,-0.006692255440910032,0.655780196404651,0.3798780073499831,0.17504930299868202,0.3936594682951938,0.0686813051636034,0.2800573749395552,0.38885561334907953,-0.27037139266157945,0.25655813809218786,0.8862093100387193,0.4640948963025098,0.9744313161619118,-0.08543114025555287,0.41920725401781456,-0.4668220501630851,0.1878816329869481,0.6051486565939239,0.44656500264834464,0.149070201394322,0.5199204487506491,0.18221202958998797,0.15083054090199702,0.2471267560919089,-0.16497339350094936,0.8751933862474894,0.18946618870572413,0.7430551216145788,0.5201205517489732,0.1345056567757003,No
0.023961915364834937,0.016350127784030645,0.05891059459763957,0.2543027248444056,0.03170117756767702,0.3896898951998527,0.160520248095931,0.4641226214519914,0.5143094266388363,0.5888644075768864,0.5330690751291709,0.11176174788808509,0.03929681866716037,0.6103060984299066,0.4153619044115207,0.2135168321976046,0.4129993389928004,0.0509805407556661,0.3438222528851141,0.3827095499536988,-0.18322796104766154,0.24316824982633045,0.8604047245057951,0.469345921744655,0.9424847841309435,-0.07125883578562997,0.42666476355896277,-0.38838101239860584,0.16812920689213232,0.5826239566296189,0.4454053531120738,0.1693941243107749,0.5338105306139151,0.18933019380941957,0.11253579696862082,0.30950417380722395,-0.1361595957000189,0.9174483911895064,0.20949567262465127,0.7835869945916021,0.4939364055308895,0.10536633466675706,No
-0.0132982051957669,-0.00746679958965689,0.08600869658765362,0.3107767030382556,0.04288802961236965,0.3942539693347445,0.10917940731929468,0.48801951501195967,0.4644282754903076,0.6364223229145628,0.4896646028906239,0.1604020010170413,-0.022689000638424897,0.6219352622325005,0.43764678785611744,0.2141670337903333,0.34304494612678627,0.0694810782281009,0.3645474844395767,0.38758201978591594,-0.23897340368159667,0.2422533870894146,0.9364032000575513,0.5344501223087501,0.9306946102625028,-0.055443012508581656,0.434959906016774,-0.3783265291090453,0.21861064004763126,0.5608611397965696,0.4426887886606361,0.10629838259198066,0.6060903744811901,0.24033937023651974,0.12360040198321041,0.23303515888011422,-0.14449918995422278,0.919349487233576,0.2330714957879833,0.7255660766284983,0.5362138584426626,0.08610476222962386,No
-0.028087811173152805,-0.027794815286280652,0.07659396997897606,0.3209769607300106,0.07252957672147373,0.4328393899381938,0.21375125835955427,0.4418462748502086,0.5135342636360328,0.603146005240645,0.4889290670093104,0.12477470260074063,0.022985173641173313,0.6632484830972578,0.41113569659399624,0.18860527802074212,0.3809665804028683,0.07617360035318507,0.30819210600584396,0.41612481916235267,-0.22472106803661368,0.244029091930501,0.8628681445139622,0.46159341465296,0.912644308353321,-0.07570692693270285,0.39536579531000293,-0.4103360436610275,0.2008472475795894,0.6256942434428655,0.45654760191649724,0.1265704120660422,0.47854287853180805,0.25430884517993657,0.16825568226321266,0.2541638733410635,-0.20853305977914127,0.8557660718111577,0.1927150865325223,0.7672895686539898,0.5357486781674864,0.03797659363416908,No
0.012126357438006627,-0.025174397375125716,0.048568651847317644,0.344235568674352,0.07889414790963234,0.44190169526214496,0.16807577411210206,0.4916141431696756,0.47704308976137966,0.5729430627066256,0.48850418265293,0.12183475764039739,-0.007012802247306826,0.5932406245028418,0.4515398349263252,0.1422842799050573,0.3490064708529337,0.05310198751084193,0.4271079691791335,0.397074319846704,-0.2558821544887532,0.25511159765393865,0.8967084235832851,0.43698265958847426,0.912058710080957,-0.0737761438398001,0.4115299410010423,-0.42875616929110405,0.2043298988398373,0.562937961527072,0.539368331603911,0.15917198470874325,0.48714316235994526,0.14694291145603933,0.12084589021237052,0.2738325395870769,-0.15394203130972697,0.8888764274333436,0.1910849905611584,0.7112088561682319,0.514961056976952,0.052405910085794274,No
-0.011966332686253484,0.03992852807468466,0.041097824665200025,0.33340986679026047,0.07883173978573348,0.37672065922130477,0.1434686234478433,0.49719170954329367,0.46685425648475043,0.5789454682684604,0.5594924940501295,0.1505137748055035,0.0341388438941225,0.6252126888324802,0.4063124533213425,0.20560707975550452,0.32749814636999053,0.08638465744946042,0.28466198865910963,0.38796941606754753,-0.2548595299066927,0.29388388066296445,0.9112340626638105,0.4404135282341537,0.9153887248448042,-0.05762475396684579,0.41609577587149127,-0.4178193146720048,0.233238093455373,0.5679786514097636,0.44763961799678353,0.12735431601867778,0.6199879073008935,0.2395272966042727,0.17543303893793916,0.276345491455211,-0.14359431216367113,0.9064090888637706,0.22008634039722375,0.6948104577539338,0.5377744858005254,0.0795270015288336,No
0.016363707085484857,-0.0021257749992134108,0.08712994742452176,0.34328140543317626,-0.03143577534316553,0.39609191423240353,0.11304817250798463,0.4722917430729498,0.4856059263386514,0.6213448948623826,0.5045103192391001,0.10655290779975117,0.05973907653742306,0.5904446978617193,0.393050189203953,0.18686888719865596,0.4372752510085688,0.11616919458790344,0.36426011481533854,0.4656572164262426,-0.2697464940492965,0.23042045015543133,0.8942463260190728,0.5016469503834972,0.899324633253392,-0.016408471946847407,0.3900989189658378,-0.42048467260210376,0.1989411214899864,0.5663735994261379,0.4424328180275094,0.16047620076222724,0.5684923767906618,0.15784170585417703,0.14687808033028332,0.24990245299038533,-0.1654342374745116,0.8826988884753159,0.17041365530876115,0.7846017067293285,0.5618184370601583,0.07965763363371586,No
-0.014649396374200284,-0.01828321887017639,-0.013334578101752398,0.3256980305367732,0.07933873310529271,0.41324576226067533,0.16617968664663585,0.4691249116882875,0.4690303982515441,0.5656833839236746,0.493302988538109,0.14201910433660944,0.07294768154090887,0.5931163363073538,0.3766465497538006,0.1761295284823032,0.44923084268805225,0.061828444286696746,0.3738274082708786,0.42320757710421086,-0.2585746387532763,0.23204024793212336,0.9071279420908781,0.46679266204448067,0.9484184376818567,-0.0068343669290450645,0.43828399024938636,-0.4526148765491515,0.19573635158497965,0.6000992607418364,0.4990849080881229,0.13067435451932619,0.5129736695044633,0.18014419684405997,0.15789337252842778,0.3537479356650287,-0.17533385766334827,0.9057605313794604,0.1926932787960021,0.6998942497881147,0.5400656272862532,0.0836229578037381,No
-0.0715666242919747,0.04830086147220357,0.07671394993279548,0.317300294801809,0.043269719473438134,0.421267522092175,0.18231165825710946,0.47716304764549133,0.526666969009376,0.6195281777597849,0.5584607712936256,0.09601354162020093,0.014379284929039005,0.6108262366077917,0.3846173901186295,0.15651967258823368,0.4031429967555835,0.11758790799010427,0.3855300244402602,0.37735032800786467,-0.2338796040523726,0.2603447173405077,0.8904089649612801,0.4317158839041152,0.8992788798661544,-0.04904540647506051,0.4082880122515634,-0.4701556958252792,0.1927843118212213,0.6365097659801674,0.3772243358234082,0.1279273781875519,0.5455021504751117,0.16657512373261363,0.13507100128047142,0.21911800276228316,-0.19887147156343668,0.8801293365127414,0.17543382769148588,0.7021437762934355,0.5252615965639772,0.1495914811166929,No
0.022732299523435685,0.03031598301115065,0.08815289179524735,0.29415801991832435,0.0652539922696922,0.44203952660565227,0.19361990371808216,0.47095993665474156,0.5102285725000882,0.654556259699859,0.5234762758997641,0.11166402637773311,0.02936082015411762,0.5683662296987991,0.47840119431915196,0.2231762165227066,0.39138250039854805,0.15598724090371208,0.3662241872055436,0.37020336789211816,-0.2205806167429178,0.2650212894175941,0.9150149449541725,0.4151234030706692,0.903265787826312,-0.024391524970043953,0.48406671839501114,-0.3743947492714268,0.26029655862753265,0.6101736058620908,0.47628234986038837,0.1091810793454429,0.5078297612899356,0.16163218905977111,0.1318264083954727,0.191545937433862,-0.13622714301731928,0.9038538488003155,0.1483431870035683,0.7326368866230853,0.5860682177806923,0.07900732477555003,No
-0.02995112830913977,-0.053565068079157216,0.011565620269365348,0.3311508273343809,0.042912846726465045,0.3985788745293991,0.15587737978130933,0.4609162079497477,0.45781228771317994,0.5901531905554658,0.4556117920723729,0.09844353335242496,0.06190676127200924,0.6112769215882983,0.4285605712668045,0.23957177654393688,0.3870964890012497,0.09120644514145809,0.33932255718138404,0.36982633599882825,-0.2780919177803253,0.2555839295995701,0.9005306998037652,0.4685192690361426,0.9295061273482425,-0.041260525729139755,0.43415569437036106,-0.42912718772748726,0.1659275060606914,0.5463833005683371,0.50488230431357,0.11560564761753735,0.497475690216706,0.2087538698792485,0.13311932517049,0.30245709317594266,-0.17850054123596523,0.9712033897058513,0.21103918053504647,0.8000436448571275,0.5538564275531589,0.0936084318959652,No
0.047335443997124624,0.03366689381820899,0.08327539116826467,0.3846112485918516,0.0409772440375987,0.3792612884985303,0.1484828574302698,0.5176916021361966,0.5381499783068543,0.5649121837603729,0.42765344075725775,0.11494345600230091,0.0011840010843173626,0.585172692451859,0.3763578444483855,0.1267739824500296,0.44538224036031165,0.07005259122240622,0.3896322199546693,0.37648763312518696,-0.281698319095085,0.26833403696156466,0.8781475358978926,0.4499831256904583,0.9319223905724231,-0.09341203494619987,0.38463850302447866,-0.41838621952249855,0.222654682598942,0.5658048191483223,0.4656887169634445,0.1817425008386332,0.5225527578971094,0.22386284788293345,0.14312735937451546,0.23283138732206762,-0.1984567636962314,0.8625240116641697,0.22017376030566918,0.7610689682459721,0.5511910162633729,0.07142102368795847,No
0.03279925622791939,0.009220914585312795,0.06635728529641258,0.2149027284205933,0.031406737048015894,0.36347576171026397,0.1875819848965517,0.467974406391591,0.4624675860827181,0.5898009174988142,0.4555882083988833,0.08980591414563505,0.010275290416107315,0.6161948612518885,0.44997336625688017,0.15747987130908225,0.42855986855863293,0.09198474385905257,0.354336330684651,0.38121462368876935,-0.2536936055600937,0.2662409863658623,0.9120888771913418,0.4296578197512801,0.9218961984551449,-0.018967396957041256,0.43858825327764517,-0.40824731544759396,0.22875520768894975,0.5778152219371351,0.46005103031843786,0.16108263328011466,0.5624127714536751,0.15032571792389526,0.11937092503964268,0.22335076090838119,-0.17237088124499156,0.8645216994459979,0.22905142938074824,0.7435051076194569,0.5537142541908622,0.11136754802182938,No
0.02037258055247546,-0.010073716533300739,0.0673633448053807,0.3012572111391068,0.014986965977113659,0.4377223341900137,0.1662478408665495,0.4200450475099516,0.5107356648068995,0.573951573216102,0.43649886020644735,0.07990692891972222,0.010563595582222637,0.6063061333498592,0.4316307154322799,0.19767319268032701,0.4069719979582937,0.08953176618994939,0.3989191551748408,0.4041248977405893,-0.24111103188124303,0.2700596284356054,0.8779081915112124,0.45447885082930706,0.8651165913556832,-0.08064807974806727,0.48606923412109265,-0.41239687276185555,0.1969393448407753,0.6228106797701534,0.47180461144414676,0.11298277225445943,0.5259554298810345,0.18722344298870225,0.14697935388511238,0.22816922152674118,-0.1408072897822178,0.8768946640906621,0.18438714712141463,0.7349478377386455,0.5380003036841287,0.04655734939542709,No
-0.0156379979197076,0.0031548691708020897,0.10438607512877783,0.2392219553698876,0.07438392150670453,0.39760173184519904,0.1539314692777584,0.44468959762961724,0.4837103101652437,0.5992945567721443,0.4821893852504155,0.17087656756807124,0.05029793387082766,0.6059299353511287,0.4030084323462644,0.21075575087424336,0.4289666999131341,0.05572117292308144,0.32619524269492156,0.4021676666123535,-0.21967376462519106,0.2440517688144165,0.8676058958145054,0.458554537639352,0.9718760154646096,-0.06781462207217494,0.3953543705533355,-0.4135606342531458,0.21721959365682253,0.5898112375751822,0.49881485334999276,0.16255275744768183,0.5233929368044342,0.22257433731827153,0.08621819761100717,0.2896085218462243,-0.17854164860333943,0.8802031805655115,0.19263265619962847,0.7520337242626928,0.4931777590873575,0.05325212584924602,No
-0.0015757530509805952,-0.018795399947546042,0.07429202584387447,0.29738674991771535,0.103780113327475,0.4299124239809144,0.18919636605599688,0.44697455381905077,0.5667975679074548,0.5674997103165547,0.4768786710663702,0.14232108500232302,0.03743877433026546,0.5754392423193072,0.47386553074342047,0.20432810970518545,0.38900626834842283,0.1625959412732066,0.37157559018554187,0.38277173132680586,-0.1793310636032039,0.27283152726792076,0.9083365994754916,0.4446057300455406,0.9290576171132194,-0.08136643974966566,0.476464666029333,-0.4651305553829923,0.23471326451187238,0.5665322810547366,0.4593322128805701,0.12772079474743037,0.5096411299204686,0.24197354117312248,0.1413153123666396,0.23327075729439284,-0.1640362622378963,0.8713192809438067,0.19299499942540832,0.6934149047168257,0.5135292793056944,0.09760344509245837,No
0.00111374753874112,0.054451910069194275,0.14261954285432116,0.3011568764090791,0.03092949266507873,0.44300319516815057,0.1788260269456048,0.4991996347441392,0.5065920996104066,0.5748393053445112,0.49263242793851036,0.1341021104446441,0.025248513470609735,0.6365758088924787,0.36891999869572717,0.2114844338412332,0.3326840868729035,0.09491570593154543,0.3373209039381878,0.33763808931105727,-0.30957477545887385,0.2201365451605395,0.8912497714026907,0.43813063499696414,0.8963467455070947,-0.028477217386067642,0.3963070533102326,-0.396474611133985,0.1670672412684608,0.5591683789209181,0.4429546901677887,0.1551747677982806,0.4841017318173824,0.22990367454425872,0.1126481888363623,0.22987871399147788,-0.15663688047199817,0.9574063676421363,0.18179775469582302,0.7599292148976999,0.5176571777932485,0.06853500565671844,No
0.03214128029250462,-0.025305684325796707,0.029611621838839357,0.32888870215527344,0.10377253929080979,0.4316085399361168,0.12655925826253242,0.4466634151146225,0.5240151249215756,0.6281033472820424,0.5051543191433063,0.10374363107042878,0.08096249552311409,0.5977529640418875,0.3898158586561322,0.15181214861414932,0.35303555890071897,0.17557005022440675,0.38988092182071193,0.36343996093908437,-0.19581941515685422,0.2690610504657891,0.9041024816454549,0.4346586479568748,0.9121513971978517,-0.07031837091123642,0.37430612381488576,-0.4314527353824405,0.19387184045692973,0.6321381241096921,0.4425734225934183,0.16094142971559147,0.46343088991318976,0.2562909219932397,0.11446057975315095,0.25720990917110226,-0.15646583456785354,0.8985072694644778,0.20592487163583204,0.7010873088267912,0.5003523215615525,0.11267026759727046,No
-0.01792132376380241,-0.0030988678009047665,0.019472430929964556,0.3408406291444486,0.01634453419200469,0.4365875830354455,0.13688842686532535,0.49555864734352323,0.4949329651334612,0.5639073188513717,0.5463050320485174,0.11905315730911559,0.020727561544376147,0.6272643094244829,0.36357640253516316,0.0992451566389025,0.42362550851949093,0.06547357498114781,0.3731908586184892,0.3845136315739333,-0.28269387688233605,0.27128045785392046,0.8775741358989482,0.42387594877116036,0.8960363213763275,-0.12103081249889105,0.4453633401135716,-0.44491015341382417,0.19269548768878128,0.5874008820803037,0.4328231485400853,0.09089029495799264,0.6012570293892286,0.2198240409497102,0.1961724773493128,0.28824982361066315,-0.17829108718794237,0.8976308218639962,0.21368573785446543,0.7936588180559631,0.5519335598595396,0.05855912691983421,No
0.010548565096641744,0.024129430242607587,0.02897544717552978,0.3299079086428614,0.09629369408236099,0.3833845192286279,0.14719022265709314,0.49993758159411017,0.48400008828707664,0.5512097883422115,0.524761170676096,0.13842443419543776,0.03441374756693786,0.6337282504500037,0.44385917317659973,0.1725754374947169,0.44811590093696574,0.1380643359435187,0.287723232360176,0.35222523771759723,-0.3154329475477789,0.24332053542195192,0.8535426956568786,0.4317666068981655,0.9602922569457163,-0.12169052166579161,0.4371646658790138,-0.413137837806056,0.1912654728933626,0.5967759173750682,0.39410139766300256,0.11229065090822651,0.5715357304730465,0.18537388416376724,0.19146931317342986,0.21109704774550725,-0.21446734711559973,0.8636485182258791,0.24300075344405853,0.7219491724955085,0.5374007587634115,0.08498641696113846,No
-0.0016338654819095862,0.03822354277822722,0.08738055687229318,0.28079633238382956,0.04766190188845746,0.46141189337830724,0.17835663335966648,0.4198880275109504,0.4515160106029677,0.6073744000017711,0.5193660989003557,0.09347783983954262,0.054010835711285926,0.6479725356981201,0.4517258810705811,0.223188465864074,0.4055507725622688,0.08523284276681213,0.3351777834428892,0.3826071537622074,-0.2740548920922177,0.24228302352812364,0.9281328340548085,0.40792402860723087,0.8813551207714875,-0.044129731741186354,0.4227674059075852,-0.47461742181721844,0.19189712682971372,0.5867289093712668,0.4481373146807354,0.1571484671766018,0.4852498374515769,0.2216695791748455,0.13514181392813077,0.2544364769362106,-0.22062171288733173,0.8765224160996017,0.20972134012656782,0.7545675864769268,0.5824304442726123,0.10695576096279295,No
0.013834656019002458,0.038144243768411315,0.05512034524638499,0.3617012732077465,0.08950720909807085,0.3957323650581084,0.22648843495662713,0.47853146588089035,0.5604162469561236,0.5897655083732837,0.4814350835997546,0.09809270779306037,0.020909626700067352,0.5828519233356526,0.44613177258952386,0.17419089742289276,0.34046542913351235,0.09695276681685942,0.3510175771502029,0.36907053178552235,-0.2397464322989836,0.25173870226982764,0.9088922026271775,0.4734455270208523,0.9385222982342022,-0.10801132698684116,0.49684309549235883,-0.46352770218043776,0.18987587621547422,0.5600195563752108,0.4729599938252792,0.14072945812637652,0.5201827219767186,0.26681320024719324,0.17472586628181738,0.24348825980611352,-0.14453208888574248,0.9391422904789556,0.24216861558173988,0.7342462398239648,0.4793295220673518,0.09251674644821814,No
0.020058310061819698,-0.023088507008505642,0.06491137665442326,0.3125967940357201,0.09756034447036467,0.46472318404508495,0.20402621379364946,0.4625567359384067,0.5290586650827059,0.6001336869196925,0.4960459920936215,0.18389051576376156,0.009441377145580503,0.6181080408648288,0.43317693524738077,0.1664351595736883,0.4056602549467649,0.11892755484734312,0.3545912184727317,0.39730362732087615,-0.2446112592700411,0.27698758860949585,0.8830098815300663,0.44684222535857004,0.9281920171577046,-0.03353558364778992,0.3808516991879599,-0.44412921058179294,0.2620102529684902,0.601108209418904,0.4488587675665944,0.16042284144680588,0.5016948945092641,0.15819634936320803,0.15211498719892555,0.23137820507751455,-0.16561443479933313,0.9020839064389561,0.21339174948242431,0.6870629350246303,0.5278269743878595,0.09611536754155456,No
-0.04200177789672735,-0.04557520676539601,0.03216428106705012,0.3374863704615079,-0.004020446998419733,0.43400191431171287,0.18053145213333532,0.45739834791773254,0.450208287802259,0.5567760143980479,0.5217501009453928,0.1588205631489634,0.0006410458128176151,0.6342466769050559,0.42856637286200694,0.17485500882645677,0.36675045542117257,0.07312093670230907,0.40193986434152323,0.3884820148469844,-0.20787814269818447,0.2603087247623388,0.8762983038381376,0.47371886427340976,0.9923102647046268,-0.08836914968832212,0.46068866075151005,-0.41113286161183965,0.15025161102875756,0.5486963416304774,0.44751033656731903,0.14700194390638485,0.5515968936059802,0.17415262510962065,0.161051914371218,0.2497503124329533,-0.16855671469725367,0.9098602381247873,0.2615114239989707,0.7474420514001728,0.48633643962896606,0.07716453391274562,No
0.02556402069439444,0.0265513019074964,0.08420974986539123,0.29978249363852877,0.014894266467688565,0.42679393145210015,0.13234267389669047,0.4859137369264455,0.5154258584351105,0.5666392526428535,0.49491908068554913,0.12707914310724916,0.01313749014242225,0.558540370573241,0.40681353756935595,0.17701110307379564,0.4297175302199762,0.067102875191873,0.3793070710703276,0.3487166760527996,-0.28811225894947484,0.2440361119224163,0.8616519712875889,0.4154376846390024,0.9859051220166732,-0.08259507896441748,0.5026117012507769,-0.4466901450474257,0.14248075452093698,0.6315912484835247,0.43927015000766795,0.14074326032812184,0.48457669996493835,0.22013662247115637,0.10032220667079111,0.2510844981675305,-0.1828741043278845,0.899109914655385,0.22789900552871534,0.7455651973639664,0.5405699453751017,0.07950632903863662,No
-0.013059561046969113,0.014103560483687041,0.06089158416633647,0.3128841348352765,0.06786137435961324,0.37811223083670675,0.2116581125074614,0.4576427090170021,0.4983526261533735,0.5793344573068672,0.5178752740021373,0.13129425722278776,0.030084211935970672,0.6434533950806487,0.3118897476046225,0.2123403561734087,0.4164925714661134,0.03548813835663538,0.37513068238841185,0.41488278378737886,-0.23092128826208003,0.206289361953252,0.9103588231328072,0.4864120645404135,0.9104090176988039,-0.05581163419415751,0.4226763567825059,-0.3902868213649632,0.18433195096309463,0.5754490330302946,0.4598909526953838,0.09632772276765655,0.5210882450183539,0.23214279884980482,0.16756976684749442,0.2607704222580054,-0.21163417725582204,0.9327700168906948,0.25221301958667813,0.7417098150461133,0.5044803004757776,0.06682877120677598,No
-0.006105671931542555,0.008360053685929798,0.05510046019738982,0.28933180228166555,0.0866193219227005,0.4168272754196053,0.13719861901154995,0.4738627201222637,0.49948330253764384,0.5591284533864527,0.5341444721734033,0.12516548328648205,0.025083281079590493,0.59748631915428,0.42130761975640785,0.17289462232349717,0.3864697991192184,0.12254158939047013,0.3047000560322763,0.34558216623274385,-0.2244652921587536,0.32553747887620355,0.9161741051104421,0.5121224227425374,0.9145440641307583,-0.08815808522387375,0.44696858884547097,-0.3882386622856575,0.1543906244814563,0.5864560057307799,0.4602593339461538,0.11621117991159605,0.5083790497189525,0.24657209576083347,0.15556152319922859,0.2772552627546431,-0.1585498874320469,0.8660041824382259,0.22182135595062613,0.7097700103166646,0.517685948939207,0.05168984965607559,No
-0.01832663376212601,0.0027143654206354673,0.05051030050782237,0.2885885559979665,0.09006294954366978,0.4055209472560465,0.1529319382916407,0.4326514331126307,0.43846733111997693,0.5740086303328508,0.4569464182794746,0.14247990087449117,0.032466666180011386,0.6467415949706866,0.414682344077877,0.1532603908416108,0.33248588123933115,0.11475895325296145,0.3082837380408326,0.37088442473989985,-0.19755154556186433,0.27139148573515637,0.9015752052419287,0.48452583215395895,0.954786707109396,-0.021617256915114097,0.41520721313402337,-0.4281486556833914,0.16606561264807632,0.5918716278241557,0.4571028671003696,0.08392871926209006,0.5056286818024884,0.26445351275502665,0.14879724661311644,0.2747636786414608,-0.17227246817875055,0.8355890770178667,0.2052691867405648,0.7695836941136192,0.49146803537292,0.10518847710293144,No
-0.051054950078780297,0.0006057371469699237,0.08057057214708088,0.30572005257061907,0.1301031716098079,0.39431298566472417,0.15141729255428235,0.47125816768934015,0.4719779835991551,0.5374299129303252,0.46536288613740723,0.14385840988009943,0.022433743575794876,0.6510514001116003,0.394753028528587,0.19637543540136923,0.40421136869424074,0.07687811312530814,0.320887917981917,0.3311746494528143,-0.23118056956810895,0.28900977724019894,0.8421813214532534,0.4450828108104555,0.9075676626364476,-0.05250457536413297,0.4234130130095094,-0.37715871396793393,0.18220535579092142,0.5557610531295978,0.44700568921915107,0.12581884837739465,0.5410287028801647,0.21007444506809314,0.1546738841685152,0.22958719193618887,-0.1774964285370698,0.8686508544424263,0.18372901670516684,0.7765778041065102,0.5055846619664592,0.07234916583618939,No
0.03133813379848288,0.022500041888145892,0.11347123514252805,0.3295674842338262,0.03791704370562565,0.47082303824605926,0.18623220202128646,0.46048254626964,0.496351144165287,0.5860484881283059,0.491188623141394,0.07984313903614756,0.08038356190945298,0.5993357493112994,0.41349501126184235,0.2374044465412347,0.3683875514138571,0.1102271970821319,0.3234832253497948,0.39275939529695586,-0.24172902057097098,0.27678001817790404,0.9261243031365904,0.43881052612436555,0.9700754577639477,-0.024421221716899838,0.4257730321072842,-0.4170456085225623,0.17890664792144376,0.5836893205003658,0.4249655793179734,0.159903359552033,0.46373688773958166,0.20036717120617709,0.14008612723441685,0.2922956400116976,-0.18501346522228732,0.9050374328768793,0.20669874096194407,0.7666863644021599,0.5383061215789584,0.10768359094181401,No
-0.016519047454637698,-0.030420746824750076,0.0752488682142829,0.300451587727523,0.05683874155170654,0.41862694698530495,0.20602700560427017,0.48872052573539,0.47419688749105227,0.5463193736120577,0.5495144125277072,0.07363901693443223,0.018006844911323996,0.6193481162062061,0.45715295328926403,0.16937027900567445,0.38970639913851146,0.06431181469278602,0.3510506692209504,0.3486241410415663,-0.2702827415550713,0.27597870188784895,0.8768719371000228,0.48371362652194777,0.9229699987427568,-0.11011085265986365,0.4683235519194285,-0.45630791363202505,0.1756835262541085,0.5868615844575307,0.49124470759525163,0.12078274170144997,0.4974441896412223,0.22616020887586955,0.1350520170697053,0.2392800021276846,-0.16216156744859475,0.856093996282008,0.15747304816648056,0.8024947006060376,0.5301641319110846,0.08800273575949043,No
-0.02345968142031233,0.026930965304820326,0.048230460838306614,0.2314989976652848,0.038918025180948446,0.4006663064396488,0.16366727155459304,0.4591530565513525,0.47527973916498306,0.5584244089536834,0.4893536193813128,0.07175452448258512,-0.027145958472260742,0.6029324362941317,0.41143216210871275,0.20144214216102022,0.3812191499992615,0.0547538209474829,0.28906278140095526,0.3564228781418867,-0.23509860063678614,0.29630545236596223,0.8915018039890259,0.4197884621502723,0.901177594467078,-0.09450682759566874,0.42109293560114514,-0.3832212683306223,0.2297044350246304,0.5876848800724284,0.46656195227888336,0.1126505495959533,0.4739484511847136,0.27493016733294007,0.07179637724869771,0.19822651056892285,-0.11476395248844073,0.8927003448839154,0.1753508171828097,0.7588139063206691,0.5502301482916166,0.04279673994619001,No
-0.01598536129408723,0.026287375911171623,0.03972784625156728,0.32354834045711584,0.09867339098719557,0.33733415383114873,0.15853233010476556,0.47297248639071465,0.44086569609596915,0.5647816990372104,0.5296279387093281,0.09998935263134588,-0.012947862734517243,0.6339157262914104,0.421325166686676,0.17299443601426168,0.38593435449714397,0.12141111147385701,0.35608803560717117,0.40249712480864897,-0.2685511848027243,0.19554133499949222,0.9085366526121341,0.48922399651034115,0.9208383535120556,-0.0424129523599338,0.4232162098527819,-0.4195691059200226,0.2463100151715451,0.5841069553044821,0.4505527671988736,0.08047790068593785,0.5459478993147546,0.19998477576542847,0.14588773909688466,0.2438505474758779,-0.1820299096079884,0.8886699980479527,0.20790269420866875,0.7736151691770465,0.5726449048110147,0.10229876237386998,No
0.038146677404125695,0.025624424122401457,0.07907344170075661,0.3587377163575042,0.016674786468447687,0.3885748327399052,0.14414273387894563,0.45608176893450625,0.5152041884168003,0.547216937179182,0.5133769552894069,0.10350697954153544,0.02117000874644723,0.6060032414995583,0.45842756005260804,0.1536897131917765,0.3864833075055816,0.058215880572797106,0.32559375436655263,0.35050851737285843,-0.24043064031951455,0.2658212483483579,0.9104907220075953,0.43358666753316544,0.9428135048985808,-0.06565264752629867,0.43154001873054965,-0.4540908159056997,0.19833475649947038,0.5984012555130099,0.46412170231174243,0.14857880910047355,0.5460835742874077,0.1883393174603261,0.13497010617365332,0.2687747481457867,-0.1767079727694802,0.9209845894556573,0.21183361929622793,0.6796851181542833,0.5522214166861681,0.07926421249496243,No
-0.05309132499375859,-0.007568695808603933,0.026184087284243616,0.33767736686652544,0.05485379599182243,0.38139633783332927,0.1930952213935142,0.47887917641357747,0.48755423556351063,0.5433021175586936,0.47301876557897593,0.09539506980248141,0.05397684643998718,0.5495638530272158,0.40657307138387055,0.1675515930362377,0.41995227984364714,0.09754473407096836,0.36330849441120433,0.3673679603086921,-0.28470413858366955,0.24329770598739978,0.9131941131836735,0.47944287779490874,0.9146575854087592,-0.09486796401319594,0.4015722199008739,-0.4209469291622653,0.19783368667150691,0.6370483023049477,0.46476977170404166,0.1549902661963714,0.5018316648781983,0.2225310468769314,0.14567334243260985,0.24908580426352808,-0.1693106920493279,0.8959884367724051,0.22355936878828045,0.7734063386904027,0.459072115361046,0.11618943472478296,No
