x0,y0,x1,y1,x2,y2,x3,y3,x4,y4,x5,y5,x6,y6,x7,y7,x8,y8,x9,y9,x10,y10,x11,y11,x12,y12,x13,y13,x14,y14,x15,y15,x16,y16,x17,y17,x18,y18,x19,y19,x20,y20,label
-0.03143397130806389,0.0034480816318162573,1.0034442127023049,-0.0789862524110631,0.43806672170862615,-0.16654466000347662,0.5864366158490504,-0.008707950584101962,0.2616630459745597,-0.12208841530783746,0.17513279110391347,-0.057908250943821855,0.3074816823005454,-0.014587102586370679,0.23885289629190862,-0.15627713256644504,0.4085308524427842,-0.053868141576240966,0.4327446174035279,-0.09954968911743006,0.22899139015977202,-0.025523288505009286,0.39357646128202267,0.17899184981581612,0.6904130388766069,-0.36612569829635155,0.6354538921241226,0.11452744572537313,0.12068920051935586,0.04512225727821321,0.6210340448022312,-0.3199013735133705,0.3817891155442405,-0.06224626645024883,0.6054158611136443,-0.28968220081815244,0.7224685348003081,-0.5816585115578934,0.7683592161021573,-0.02835153586200074,0.28004421769944216,0.14093783937820764,Peace
-0.05658646695653684,0.012187589481965062,1.0140158182643293,-0.14168227917485887,0.4276551058925241,-0.08973067027722076,0.577043663481452,0.04236314348984701,0.2873235198749517,-0.09184653184118206,0.17565003085727454,-0.16817545020589147,0.30948972518984347,-0.13461282723069165,0.19283922260218916,-0.14456463157375316,0.4013408514895537,-0.055192925124652965,0.4857338319882503,-0.114307119061358,0.2316520541506015,-0.045551925490994793,0.3465609943465231,0.15364963071998544,0.6999817451582482,-0.4124518384676289,0.5378998905601527,0.157148709307559,0.1111644166348041,0.04053324648627843,0.6324136430254025,-0.24802783544450208,0.36606594605107845,-0.018128288964075128,0.5406488677695834,-0.32721173179519353,0.7479628582109439,-0.5694452387590366,0.7413467418402686,0.059398582555185174,0.34317866044712275,0.13732840244276182,Peace
-0.024902300976408036,-0.019660527048457145,1.01971174655969,-0.12892473062923682,0.4767757378660134,-0.17337687066223256,0.5268711831709657,-0.016307804802512448,0.2543454764366212,-0.0618096144562556,0.1725326726799953,-0.11359950624607251,0.34557121963480597,-0.05289826029264548,0.2012266849968299,-0.12755156759522446,0.37612436480923556,-0.03269298457437549,0.5105297500065463,-0.14471849014670282,0.23077868989645098,-0.05145813020334069,0.4014912361218992,0.13804135268138404,0.7190727126441362,-0.4513146274776065,0.5936733736492278,0.15658284991716184,0.06933265449908256,0.10289861304341846,0.5914436345223394,-0.2753265216120991,0.40440232206092924,-0.019624411795531146,0.5530511608726365,-0.30844577393634565,0.684510327575508,-0.49410527120293035,0.7258786496934263,0.09869138506681076,0.24458035427194294,0.18403842573343476,Peace
0.06036985745265508,0.011579724330580304,1.0048887845450616,-0.11476766757337088,0.43098822013503796,-0.14272490667778046,0.6263800441799595,-0.0033517129695755186,0.319757338680087,-0.12196901444993524,0.1520145485440953,-0.09782830546884025,0.3133595762831977,-0.10350969090526074,0.22664983952627973,-0.12219501789511858,0.4184228317800327,-0.037349154016843876,0.5090584246960955,-0.12552174579616224,0.19753785352221773,-0.009090076067581526,0.3346684647534124,0.15753418359793503,0.6755892892178768,-0.38941782129337793,0.6098683707534595,0.11949112661183912,0.09631369911832671,0.07918790167684676,0.692784746370569,-0.36152122823481087,0.3835752918898579,-0.018703125181891996,0.5477917485461427,-0.30803156646773444,0.7248479479123393,-0.5553491902033286,0.808229606583944,0.06299379761090176,0.267624332293377,0.13069521377823204,Peace
0.016589365114376642,-0.00096174784457843,0.99668534083999,-0.08553540102964582,0.4592199913373837,-0.1699225288973215,0.5951774660104333,0.004542934754396837,0.27192984723087477,-0.10034160739320018,0.13353554403172477,-0.057843887309897986,0.3133362299738539,-0.023510174978619652,0.22422254535944358,-0.18895037659814012,0.40429240962912766,-0.12055869499092117,0.47924746133176255,-0.07425998152462335,0.1992522140293816,-0.11872092295690957,0.42034004439925776,0.16113275740117192,0.7006159354720302,-0.3881631508735089,0.5860528944687162,0.14721730046552353,0.11643326599464204,0.01394130806948865,0.5962341912087025,-0.2731789350895503,0.33779646062329943,-0.05017824296898387,0.5210316586385878,-0.3299668052197678,0.6921435967269076,-0.6009678922083674,0.7118821060601828,0.06872924274236238,0.24258709878801432,0.11794480963897744,Peace
-0.06558835040322242,0.058146007275930736,1.024543787372288,-0.10091447842964178,0.4362858203523549,-0.15133568091575555,0.5821382621765964,-0.025184635380544017,0.1770033752785906,-0.11944691348654016,0.09823155439461079,-0.09964740105924366,0.32174805454008343,-0.07139124636573109,0.229184504509543,-0.07529294590486224,0.444556240447568,-0.07000281692019447,0.5551121271444194,-0.1542275143199443,0.20202992294718447,-0.05885503235032174,0.3294021227075925,0.22910267523973488,0.7065826480983692,-0.43551001565443503,0.5837913200611845,0.12908360332610422,0.08028086378450393,0.03006929204252788,0.5955782656470299,-0.24270999504511875,0.3206665883627501,0.020940097960464168,0.5335741598750386,-0.29411739151313365,0.7165860713398652,-0.5528815105689202,0.7654350165736608,0.010822381306965882,0.2465267970204419,0.09509273857179386,Peace
0.0056790318254279154,-0.039700329963726785,0.9368576511758504,-0.09319461692614077,0.3969858768474631,-0.14390019899112058,0.5449053841631937,-0.012123030737511439,0.1851069829515304,-0.05416156984678372,0.10124534371225381,-0.11570883649738677,0.2626534497664258,-0.06726489966689701,0.2977766859699329,-0.11925989460624431,0.3995934547701217,-0.057460438188591256,0.46953657563574164,-0.12109200935562256,0.24872682626266995,-0.0654725469262951,0.38193207888663505,0.18248826523034714,0.6913037175181584,-0.43388932963754284,0.5546022108209079,0.14567748542321976,0.11289289745754286,0.03219091710911815,0.6308349433812628,-0.3309016810414856,0.38524720780753424,-0.04413495881347412,0.6249446488306584,-0.31128144684243175,0.7380829722641384,-0.6032823963819137,0.743826252879031,0.07765454292819791,0.2358181695400132,0.1367444587026426,Peace
0.03155577096601609,-0.009823500237704572,0.9707364913508683,-0.03198151316565799,0.42810588937269756,-0.14698562598130166,0.5613859797144217,-0.015010665460831166,0.2757691746273592,-0.10983071361091623,0.15730938428418711,-0.17244317109470575,0.331499200999125,-0.06381274276996383,0.18885647400445854,-0.07164201002058948,0.4393327904542779,-0.04961691141853942,0.5238359128285359,-0.11089231351913888,0.20245234438737292,-0.060788635543555236,0.3549813482731204,0.16038281351615818,0.6633569769613136,-0.44091216722145077,0.597195277499102,0.1346641910412649,0.07433000473233407,0.03548379111327823,0.6265027140486651,-0.3588295190574276,0.3650475528987806,-0.0016347231603001562,0.629926114105288,-0.3509161302162669,0.72973715201596,-0.594060414948749,0.7096208997049247,0.0253024061114119,0.2710392485874762,0.1082103686375272,Peace
-0.018205373138804548,-0.013212039922117856,0.9740900312910797,-0.1104478334108079,0.39038345554653225,-0.14905374612939323,0.5846644145512795,-0.010825983787169957,0.26433099025791257,-0.06175741029906952,0.14584018530662468,-0.0648810660862631,0.3835495651530768,0.033720875258134365,0.20957494994390657,-0.16367608685676485,0.40796948475766776,-0.05257377776113214,0.5339529073316475,-0.0995021553280663,0.19031215080150612,-0.07388932948331378,0.3740723284299165,0.13071860095653462,0.7014981406633183,-0.4474646176792185,0.5208360775123205,0.09629236949307904,0.1017510279550494,0.07844821837676787,0.6415642409135263,-0.2785656151521892,0.38781613194245307,-0.023867427357968773,0.5609083898042885,-0.31393196738274043,0.6981937232393293,-0.638074353376643,0.7775391337510497,0.0710950349339015,0.23032735341985539,0.1789686759264984,Peace
-0.017699396046383122,-0.0032330700797586678,1.0269963343550947,-0.07946611607814585,0.5033195236795635,-0.16222538980403298,0.633369466202936,-0.010239725290080272,0.29304813202554997,-0.17161791282802202,0.11212702878157169,-0.09584981530627035,0.30439224475597,-0.04443732401255073,0.24647156014402793,-0.16391127490801638,0.3878244962132621,-0.04947157233467474,0.4663633587816866,-0.07808837619195991,0.22065235002869757,-0.03397706993587901,0.38861788474809517,0.1573585685857189,0.6416782233285196,-0.37626330891880977,0.5409904392181274,0.11258918621280513,0.08489512306128211,0.06479440000406185,0.6675233832890737,-0.3081393032307172,0.3574280122082701,0.0005548110762732955,0.5769365054601209,-0.33988548191876294,0.6682084173130768,-0.5975550648338103,0.7419979959008086,0.02178773672197854,0.26953976820954123,0.13225822805461504,Peace
-0.07627557096931686,-0.04218525558801885,0.9097165591775225,-0.09638738866116281,0.4954786577824665,-0.20838208349558943,0.542965665270725,0.008182225686699955,0.2216068712806586,-0.13572481927304386,0.16138061350679095,-0.11963566279813755,0.27180386091832376,-0.10482634211718686,0.3114742656411185,-0.09433492502732461,0.40775338427757857,-0.053799493449009236,0.47169741547343036,-0.10300569003705742,0.2007843336601447,-0.07183480372338863,0.3889943598747168,0.2190091734342917,0.7233305397769539,-0.37479413361971337,0.5609851913937063,0.10601161565585918,0.031268962135821615,0.0684906977674108,0.6500360343535962,-0.3173141868402317,0.337947595133058,0.007303235575216862,0.5778710626194169,-0.27843360502377296,0.6740157057869557,-0.5940910953742534,0.779569905704003,0.05774893758441748,0.24974405344431055,0.12114872663544009,Peace
-0.00033241578402911666,0.0300885544750623,0.9914736809252994,-0.062354311924500194,0.477279581727468,-0.1780125160381785,0.5562603888249122,-0.0004136360530489526,0.21341433250639338,-0.11908880193502189,0.19053579282353772,-0.10573050953577103,0.2934120275576396,0.01527747413914049,0.21730351294742048,-0.15704068566836638,0.45818695511364005,-0.036595692010917766,0.4824515817605484,-0.09336212496112012,0.23542876472855612,-0.09112537970124869,0.3034047934584528,0.15837304574968078,0.7336358320140391,-0.4246656525978396,0.584160627469519,0.13023649133051948,0.038615387469847356,0.054132876235982785,0.6494310033263004,-0.33192841263354655,0.3503724902052115,-0.018246454857163752,0.5610958342778067,-0.28641107631160184,0.7141332060323462,-0.6015195715298732,0.729148186988569,0.05977823850387952,0.30696962909008846,0.1219284084398561,Peace
-0.05197706407194084,0.013217007104735647,0.9736211190377271,-0.12462933641708257,0.4638223388068617,-0.1224763155785002,0.5654178536746953,0.027991578320374286,0.2739768720375344,-0.07991074145104124,0.12316462103303813,-0.13842126119895148,0.28686301439150536,-0.01846562525179975,0.2652438271793309,-0.1568987146852148,0.4852817054497482,-0.0887261527965423,0.5163372698773618,-0.07272942878463863,0.22970349287148203,-0.07863132253650884,0.3528959938454315,0.16753069429001327,0.7335142102791318,-0.44780782432843663,0.5151947305466584,0.1355635775942466,0.10686877884605174,0.12536383045115032,0.5971950541549012,-0.3123582233272827,0.39610375787966434,-0.026373002591995143,0.5530537586316716,-0.29412120363145705,0.6846414097112439,-0.5473017463191883,0.7058676926407468,0.0135863988786043,0.2586095362272973,0.059235483741428285,Peace
0.002540989101387097,-0.051976840281141336,1.0047616821050382,-0.08050651368632517,0.461219376837142,-0.13857008480660654,0.5887601939229485,0.004304343604957248,0.3084496715605754,-0.09186531545446681,0.1682900329409225,-0.07259640714177215,0.3364500889115259,0.01969012215227032,0.2502022390838425,-0.1283930370392866,0.4018152220252406,-0.06412345189572681,0.46441661026480513,-0.09800303457074877,0.19904127727212195,-0.05332584213214009,0.3921187426979532,0.1799031168987561,0.674210640669993,-0.3908432025272616,0.5677975202629633,0.038520561383773966,0.05991984559077773,0.10835871413925427,0.6831942786583436,-0.2925306886664596,0.3847707042247999,-0.05334768705781304,0.5511126017413456,-0.28075737052555416,0.715400535914304,-0.5708956200612011,0.7378703321196645,0.09440351001413241,0.3004781414011716,0.15562432987138813,Peace
0.0019882519824768394,-0.01070269457300364,1.0170794780785883,-0.11912759217906793,0.43642115299449025,-0.19519508565629748,0.6196911632043197,-0.00852563701898495,0.2656396957488102,-0.10743136188232592,0.23205896002525422,-0.09153163583987482,0.2605413847629029,-0.006931792717576331,0.23360750363103608,-0.13421203072267637,0.4011270167691378,-0.050566858239773485,0.4918287414665846,-0.1376837072902538,0.21116642907708827,-0.05250102323643442,0.3050503900735801,0.13214847618578843,0.7511878498200313,-0.40197692161783394,0.5546104419168183,0.0738194429310624,0.08773091135988502,0.09588050980060545,0.7178408065524013,-0.2515523322185446,0.33464049431219395,-0.04487285356160581,0.5147719573964171,-0.34306802053806185,0.6962377837436993,-0.583858181476597,0.805111607603838,0.019708641702804737,0.2654643433190303,0.07423038447942598,Peace
0.009926723414632008,-0.04025116022027849,1.0293678557395307,-0.09480107362029228,0.42119872037359973,-0.21474339743948803,0.5532751452062358,0.02027578842718054,0.2661648715609553,-0.1186177756962383,0.17290670162458524,-0.13886108624780205,0.22859381226500614,-0.03371825589319886,0.2839249069197081,-0.08920418645447245,0.38230810744097904,-0.0727760294185741,0.5080679478085552,-0.13713257519955807,0.22957231050993593,-0.07703280410339239,0.34265067194504073,0.14850219075869675,0.7297598427256278,-0.41139806700851494,0.6085141606712084,0.14031454872580007,0.1376143532527076,0.09086679283593437,0.6614448483203043,-0.311928661927486,0.4515248322109495,-0.026617921023241065,0.4997142332297409,-0.3097773623509243,0.6731543113403189,-0.5423334259297642,0.7652490911518832,0.053423940479111656,0.24018038639137237,0.1405269491499494,Peace
-0.019237014235711645,0.0236341197835151,1.0129695379157884,0.002008700944969549,0.4499048122625588,-0.16076511368728863,0.5779909996464228,0.009764795676762954,0.28433183028510584,-0.11195500561290407,0.20430424180590104,-0.08732054616917886,0.3018335261006225,-0.06443223596489397,0.2764481983414603,-0.12732859210760042,0.42157418627214177,-0.07438964059165093,0.48450997690872477,-0.13748803748487812,0.26726210837846104,-0.034027802661421996,0.3700892694898587,0.16970935780931756,0.7038533119842673,-0.4119777571136052,0.5416496261397666,0.06767870402561801,0.06548937631504848,0.062469222327221366,0.6165296274813784,-0.2837338840565484,0.3543740408390274,0.026208339630781504,0.5420721065566428,-0.3135968645782966,0.6939572259523482,-0.559650729845768,0.7754471222763664,0.07741777874490409,0.20589328871068546,0.1511300256625113,Peace
-0.030326344268431164,-0.009293075352488335,1.0169689420931671,-0.11966312408228472,0.49793668864663804,-0.16226392181928628,0.6477623910520693,0.01515469647870826,0.3046797444258145,-0.06773425952503481,0.12679963785996123,-0.14383952128995559,0.3198144283773896,-0.05967415897113909,0.2926135959418168,-0.13558997181438343,0.41229026590387585,-0.09831218762103791,0.49892985772873305,-0.15354606041919994,0.23968387207810254,-0.03813685543414383,0.352842081309651,0.20409079823143086,0.6928418237583537,-0.45594886082456776,0.6167163317284524,0.0969978106549379,0.10463251254627373,0.07909858126858961,0.6503401636306334,-0.2971581674905115,0.33214300581924994,0.02074162042500453,0.5876044088095365,-0.3035666666018313,0.6626337915719729,-0.6021951078474757,0.76319828720713,-0.0009411733738133032,0.2769782925928783,0.09619887342675665,Peace
-0.02604095332528838,-0.04233202823002788,1.0036722589615161,-0.0525794532748046,0.47369877413646705,-0.13792735336508188,0.5876730367491724,0.03357516703101457,0.26753203057376185,-0.18511758208095555,0.17232199245144553,-0.08075424060212288,0.305536222620511,-0.10142106724745462,0.2524962533082388,-0.11838437254010979,0.40808788018261377,-0.05083424206852662,0.5185085550754511,-0.04639374041193996,0.2308178748791571,-0.04552219678848666,0.3506186684133201,0.16035163892160212,0.6970068080259464,-0.37648000888572325,0.5949264441998834,0.18258252819740634,0.04471361103847306,0.026612697927703106,0.6717271114699811,-0.26484821367898087,0.36224247856617803,-0.1639669835259434,0.5366110594465549,-0.3077535589748616,0.6756406890401098,-0.5672902868696812,0.8004312518726144,0.10195333456494124,0.2910839441557714,0.13420069898318057,Peace
-0.014840041737011755,0.02273253945832422,0.9970509060630539,-0.08427916364866242,0.4167217800356557,-0.17309825629952608,0.6051900838840304,-0.01993764351756222,0.26149067510433516,-0.09128952841511592,0.15925942479421673,-0.08798087297021925,0.33523738913446516,-0.060908658176749716,0.20119239562937138,-0.15439025903570525,0.4432000205665864,-0.09246063161279819,0.4551350269398048,-0.14970371198352517,0.1710315310493833,-0.08994973821303791,0.40534424206859204,0.15389046071943266,0.6486199422404604,-0.42716086559487865,0.5856741279958517,0.06977874493065758,0.11801970560125968,0.023095322586399916,0.6268001142433025,-0.32056197826828403,0.3444054317133842,-0.03194291857452278,0.5822737449228182,-0.3190424159784396,0.6844528688346438,-0.5591236110349859,0.7496925002651302,0.039084243179286424,0.2680862194571982,0.1135639022520976,Peace
-0.025972161851908288,0.02417403642449716,1.0096978306851216,-0.06295890777273709,0.48231210345663184,-0.17827892260437087,0.6126727277665297,0.0041661483964377365,0.2813959968442779,-0.10741813456017898,0.15452768295797586,-0.09449196159253939,0.3408016190987949,-0.09123124904573997,0.19793010115792378,-0.10803287071113946,0.43199325860924,-0.07970454324458599,0.49728261460684225,-0.160558198263912,0.32433945001775144,-0.01619246562424563,0.3940014149911181,0.17766231142122407,0.6825262455929318,-0.4511171371278174,0.566943032694359,0.09890910880631373,0.06537714084868196,0.02382204785393599,0.6461545149708362,-0.31962383014310236,0.37730078216082613,-0.016285903810433454,0.5658008732059072,-0.23803516079771786,0.727334244044408,-0.6106610518973097,0.7572366818440992,0.05754878768803653,0.22657125966987318,0.09348519094602604,Peace
0.01359608751838707,0.020926426046356948,0.9649013505083113,-0.056965285233994196,0.471805680326545,-0.11578657012447371,0.6153228818147032,0.00834125424280563,0.30258745404932424,-0.13738811896465408,0.21684162547011704,-0.13115236987552675,0.3149655255899328,-0.05921051437385673,0.23391830290281443,-0.040477586788785866,0.40742076403710675,-0.03090198263013971,0.47929125999774747,-0.09022287907316254,0.21008597914055135,-0.047855644419308785,0.3941932836830642,0.15373905670080504,0.7838198646638586,-0.39138331865042725,0.5635785828835204,0.10378489237164669,0.09217208701708879,0.0298448067287682,0.6921334813284014,-0.29537641179638313,0.3586090528937082,0.0013804680106242855,0.5372714909609383,-0.3524971561322564,0.6987190864855797,-0.569017762093725,0.7593921746042381,0.0148810124841244,0.25312767189409024,0.04363023355326863,Peace
-0.035470475127182745,0.021457846011012142,1.025119840745289,-0.12033043288922413,0.45352011194985525,-0.15089416017890947,0.6149775740297893,0.05896720770040509,0.2581119298029521,-0.11148313592850706,0.10182198206057715,-0.10154672242411811,0.37865328258497116,-0.0034890889173542702,0.25046778142697373,-0.11908286240320144,0.40064689381587737,-0.06714930266222303,0.4907813226038705,-0.11380036175124167,0.25673326267877294,-0.026677119246845044,0.3909493380752144,0.14541901495492082,0.6722456273016367,-0.43844829405597874,0.5774233201952416,0.06391229623448322,0.08923214413434069,0.10858402854079638,0.6586694044533223,-0.31883585329678904,0.3403009725035566,-0.005827409076776629,0.5680985952850854,-0.3252113421168255,0.6849521522702575,-0.5705525818871945,0.7343834854868454,0.08270073707459263,0.3040522496740287,0.09511668251304378,Peace
-0.03677458717586519,0.040441685629461946,1.0012636347679658,-0.12001981593349878,0.4927557966219058,-0.14141179183608432,0.6487316427222727,0.006035311386929154,0.2867805820583228,-0.1471296694350229,0.18701361682650333,-0.07646399771461529,0.36453603055407635,-0.008877455890211779,0.24225058696293628,-0.16331799358531052,0.40324079764851795,-0.10926974541487094,0.4587263764008287,-0.10554355148454198,0.22497817832692552,-0.06224731143305056,0.351539247190457,0.12222142997515092,0.7065505803342083,-0.4004367441733819,0.5406108047176402,0.10869871977225587,0.1356843999309622,0.1011096856543813,0.5941318865610346,-0.3108531165853382,0.4048973053872176,-0.036491497539302684,0.5508486386513024,-0.285036239737051,0.7322351559656982,-0.5447849712163947,0.7356150459312312,0.0790559904653426,0.3116595422133238,0.13463796639426798,Peace
-0.01210228863941011,0.03690217917268905,1.0576522605749608,-0.022620150322858856,0.452022903428838,-0.15988355231765605,0.5517593998704294,0.016635931437339345,0.22129589420253593,-0.11946363951226491,0.16616668426646788,-0.09308947715676802,0.2620839683852524,0.004913903532757745,0.2126121499246545,-0.15701221438057486,0.3841347201065056,-0.07627373395584763,0.45944915597636515,-0.14449239519646204,0.15248260313973777,-0.05164178546746951,0.3822942897033487,0.24272560243766578,0.7156783168670576,-0.4267092205389855,0.5343362621648391,0.12181363408318961,0.1028820829900561,0.05122428846760093,0.6404951042033602,-0.25139340214665096,0.34972533110487514,-0.08660213426385176,0.5851215379252603,-0.3083887251648917,0.6513533182997043,-0.5600147612595239,0.7135386819323227,0.07240902204802338,0.32403508207079595,0.13082509731802863,Peace
0.032498135971094584,-0.036854619535571315,0.9507064920979166,-0.025549182657963396,0.47249269882877665,-0.13256224659790916,0.6171949389498872,-0.002740082589043331,0.27827295293914145,-0.08345831139177558,0.10628864569812524,-0.05939924011856933,0.3556114230196492,-0.08070638258660569,0.25123062578306044,-0.13511658877159305,0.4638516087572172,-0.09875359398248568,0.5944257980626558,-0.12355391704195119,0.24856411967711683,-0.013914657268999833,0.3694523543737776,0.17194514373304112,0.6860031601225319,-0.4383755187313747,0.5785134859528233,0.12064392747191882,0.07413917035851446,0.052795828606161235,0.6559516270296973,-0.33224093084893186,0.35383969186428316,-0.0030388458664038984,0.5663336984055963,-0.3493051465301016,0.7019069465750327,-0.5597334229435236,0.7731527541435423,0.036507989974744186,0.2500612851136332,0.11527937768671939,Peace
-0.019365605981753655,0.01215014147091345,1.0141237403845564,-0.05454319204334102,0.4605230011498134,-0.19382203347613353,0.6027183747982499,0.01786867205712291,0.2553185465257415,-0.14216674091037676,0.13925771441343596,-0.14059844304472147,0.330864557193636,-0.055091686276589044,0.22963600064826986,-0.1742988611568757,0.45211526074996033,-0.06419217273580802,0.48896277044647274,-0.1403840946815716,0.1768935128926815,-0.07148837487440153,0.36418609453570056,0.18417620092834475,0.6904371146104168,-0.43336201573835953,0.5252575296047717,0.12615553273984992,0.06552359049515331,0.10594894306014323,0.6431690232530461,-0.2914509397674258,0.3537849749273749,-0.02396045892703975,0.5321954748304097,-0.3531649333094315,0.7030770109578984,-0.5557323219217805,0.6851002353046077,0.04419624525296997,0.322080840031319,0.15051100389842392,Peace
0.04612938101071494,-0.019021348553657544,0.9825518935382138,-0.057068297219498305,0.4819638590834363,-0.15449388211453985,0.5447587955864708,0.04779992057170271,0.3288263065720928,-0.1508206219099427,0.18724136481407933,-0.11883783374067106,0.30640154800911873,-0.03410568078932383,0.20905633416500669,-0.1292983500125363,0.372964775825374,-0.042152759105581215,0.5533650084752351,-0.13750533663570483,0.22134846454292978,-0.05912395251126638,0.404926392488612,0.18756057137245352,0.7286984672476486,-0.42699861000351236,0.5833647816636356,0.02366775588909173,0.10944427346795021,0.029790965783314395,0.6288368069679053,-0.2859564917090894,0.3151659399374528,0.0026841163265836597,0.5551877899648556,-0.2742249039507262,0.6755377538663682,-0.6272277033082212,0.742606186946314,0.07678163201250847,0.28694528495897387,0.1020695332705082,Peace
-0.04873899210359733,-0.009369719217046941,1.0117823862023148,-0.07209669336664391,0.5104220385162509,-0.1628660008752718,0.5272873767177852,0.048994354853422455,0.25937532156958404,-0.09519899894601278,0.1681455020847937,-0.06687949174989008,0.31571500801575714,-0.006898316415631767,0.26178612046346017,-0.1478516684034447,0.4143052304943837,-0.03793291309697218,0.46508860440902317,-0.09172561889670139,0.23115626971709732,-0.044091060056089385,0.4185474943753865,0.1860904066281854,0.7032304425545501,-0.41428920384068485,0.5663180027256194,0.13407090880327568,0.13032008583177176,0.04797145923714721,0.6180409092527742,-0.26976282811247465,0.34426422672029344,-0.023516021629495974,0.5411630103590414,-0.36820290229003705,0.7085698344362006,-0.5393890347570311,0.7416129428526733,0.014719593079404361,0.27008929428617967,0.11345563568896352,Peace
-0.07858515249737284,-0.002426511651706211,1.011819592304688,-0.05073913248587604,0.5159638906209507,-0.132134274511154,0.6106412921226938,-0.025442601797446597,0.30217423619264905,-0.06564383081389358,0.1341193257726005,-0.08433899570231462,0.3338376530437215,0.0019115399010379702,0.24068879937441007,-0.1505711757952051,0.4066024335695988,-0.02953135429801134,0.42875723503206997,-0.20823159513810002,0.2532382349007205,-0.047295443304424936,0.3758862347579773,0.13622700146124578,0.6497913939992321,-0.4308474224523868,0.5812085645001321,0.10712925649415131,0.11642340231553999,0.03770296678656353,0.6230842712181156,-0.28721799332788445,0.34994118442151306,-0.039819366429754983,0.5396122806940529,-0.3426865907634288,0.713248399254328,-0.5583328827384739,0.7502890415329936,0.04068384181048797,0.260772419797266,0.18401222085096058,Peace
-0.04263250131298701,0.05657673841285918,0.9992806618715735,-0.09147408852912864,0.4918595985861368,-0.21368032690450034,0.6240438571019185,0.06882613657334682,0.2861586481700344,-0.16673319732836162,0.16805782425561064,-0.055408842720389415,0.36268807117233587,-0.08443754283226565,0.2757127374872968,-0.07431708458083033,0.42218635621881967,-0.10001627048261896,0.511212925118088,-0.08670365290124245,0.22223451976190403,-0.09126131090499866,0.40478849718996684,0.15232913433224674,0.713008488733257,-0.3650665592970528,0.5205937686104811,0.15193484781624508,0.08322293539868532,0.06090514852763503,0.6540941164488879,-0.33145554591084025,0.3259980608081907,-0.08352471078099742,0.5958698155860938,-0.32896853409261223,0.7197212910081627,-0.5873950338242624,0.7086217733052064,0.07873872827526539,0.27665605400641186,0.1290272027287025,Peace
0.009056881903244052,-0.0288145366873201,1.0281070597247064,-0.04729845767379929,0.4860373855621941,-0.1628219176055594,0.5844146737050282,0.060159455148938286,0.29195444867459674,-0.04384856354577834,0.12171722472220096,-0.1308951679805639,0.32043671616772645,-0.029987992696584836,0.24095335758741973,-0.1398747294992669,0.45932424014431295,-0.05915719651534155,0.4498970047987903,-0.1513100645688607,0.23382269444568615,0.03453996731826668,0.3460540223565266,0.16594717824070768,0.773232230195072,-0.42633997184259526,0.5840215367571838,0.1809792495549044,0.060876035881164664,0.057046940386525455,0.6241336454038668,-0.3538508858574313,0.4083296132867088,-0.04756099777417307,0.5326295640288605,-0.331151385181456,0.730488020792065,-0.5694572654675762,0.7197245992435441,0.07144384532454277,0.29119501772712436,0.13542123971124256,Peace
-0.007042827865969786,0.030476278151466592,0.9909135090926438,-0.037824551641132825,0.44052920225937714,-0.17508974880557304,0.5555203664619955,0.005928968004195913,0.253594583987251,-0.1434337135482245,0.14803550835902174,-0.08782817384237125,0.27244086089647235,-0.05783000820690041,0.262246604396276,-0.16086677464048235,0.4118230290020352,-0.023789726730913445,0.5402088302301206,-0.10512193562332114,0.2213331661168527,-0.07058154784815575,0.40265495763202835,0.20939559227436957,0.6663950130235613,-0.3844987454691232,0.552146322467255,0.09891525465860018,0.0848110702017665,0.09607314432404322,0.6479467831580933,-0.299844075024691,0.3718218845360405,-0.01596912705936626,0.5554923977777233,-0.29886170557758374,0.6828326127581907,-0.5533138420494468,0.7691841488414748,0.08014344781410057,0.28934804174549017,0.15008014655522964,Peace
0.03520328746027842,-0.06814841351935985,1.021901445215002,-0.02680657101509725,0.4446013841733208,-0.1736742405836244,0.62122384025374,-0.01470781847948307,0.23351773276899784,-0.0985661806701062,0.12116425401700436,-0.07853806440114315,0.2926815438725478,-0.03137586498427342,0.2537565064291018,-0.07826755449195064,0.4562614406483109,-0.07232106004253697,0.44841857514217265,-0.09318032670147187,0.20680903964908132,-0.06560990936619646,0.34353750396697286,0.19576375822450448,0.6816932934439656,-0.41286280059652486,0.5697726195422678,0.1302087464745848,0.10926955135986877,0.05904013589034565,0.6164217959563069,-0.3641003639810789,0.3643275237970801,-0.03470883883861795,0.5376027493998875,-0.31594179467476724,0.7283025588158883,-0.5394874290293973,0.6974204658537233,0.048343510946631155,0.29564793316662,0.18401540838401598,Peace
-0.024517909594752522,0.04134968787697732,0.9557861780210085,-0.051621759936235176,0.45480555845592624,-0.10477764686343678,0.5687133333768671,0.0037976399020852314,0.24951768327014598,-0.1497761409027269,0.09225861019883638,-0.08948417366972856,0.3460594779608639,-0.023967540330240743,0.20760276411385092,-0.11377853431204349,0.391596265448328,-0.04420565255221741,0.5202923216924131,-0.1072953863607444,0.27046678175893907,-0.060039231369666275,0.368832855029751,0.1774139392343229,0.6608088544231285,-0.4239000822159547,0.5609037164268398,0.11618192957856105,0.0974691313231817,0.02191487345247356,0.604296203897088,-0.2743519370692614,0.30103118819413577,-0.011507735553891781,0.5477101438795868,-0.31301469408943977,0.74936604219746,-0.5767795551537724,0.7622362285716282,0.06092635900754867,0.2635358917020681,0.1291389184131144,Peace
0.0210317504551868,-0.021948055983640226,0.9623283708315091,-0.0838360476269009,0.4690417685297414,-0.2063870897947181,0.582319647006206,-0.023711945931539927,0.272324755369696,-0.15777518193793907,0.20288506521748884,-0.11493475196002474,0.29045674908564384,-0.05068403922651964,0.26191015829822334,-0.10147009398715665,0.413073045358694,-0.09959594624329307,0.44998443332767457,-0.1097277609985726,0.2560305785769947,-0.022015349681560374,0.3803751119312054,0.20441238728634217,0.7584585634648509,-0.37610111856535244,0.5980188485611728,0.10050521238439894,0.11829898492111943,0.0801617213838347,0.6581839922639172,-0.27048083660008015,0.37200537036709574,-0.03307525753992099,0.5268209600736897,-0.32671385806870307,0.7090086466523223,-0.5645154913723368,0.7507908773665648,0.08795464576992251,0.29277811780118085,0.13427153010462736,Peace
-0.02541786322367844,0.011500738103327154,1.0636791929165108,-0.0764330135714622,0.45438052985088995,-0.13558726025873447,0.6005063576273642,0.03063387971706867,0.29470586799763243,-0.09208184755243598,0.18489515738390663,-0.09788177604882461,0.3617805555655294,-0.005992809543285724,0.2728760148857936,-0.10450862459131774,0.4903479149715516,-0.024136706138934393,0.46087383719760466,-0.11094237541674533,0.21846926164486327,0.006394682274854575,0.41287546145674564,0.23635193103953203,0.6782882510900473,-0.3787613095909423,0.5294218420279607,0.076937957853028,0.07751171233405652,0.11169600117204342,0.6088861721842858,-0.3088183803731128,0.3969139209622266,-0.004606472785298004,0.6254025316649031,-0.3177172087730475,0.6893741922985217,-0.605678504010182,0.7324345902029331,0.02606138120151407,0.21292381839737878,0.19503595478858793,Peace
0.0014672039782617748,0.07774400613687382,0.9711104133878725,-0.09893455509095382,0.4399971780693734,-0.17088502678253223,0.6088423821908092,0.03008408069282663,0.27978174490879426,-0.06339648849648188,0.17835344164662068,-0.13504349179420952,0.3006910506301924,-0.03855038111332471,0.3570570328821022,-0.1050121924002635,0.42450304891164276,-0.03623699214655482,0.46825992570401437,-0.11044662663072581,0.2550506302359833,-0.05640947776532416,0.3526357370474663,0.17305717872050871,0.6915007886792053,-0.4525253725375681,0.5532111467132634,0.08291754428725413,0.05231654959339859,0.032096412411178186,0.6672681623596789,-0.2636390730676305,0.3151662446049032,0.017406642368157584,0.5251191091147009,-0.2954119657201726,0.710379835760431,-0.5537685252364271,0.7085022968221262,0.004798631496928024,0.24272992449069009,0.148940236847145,Peace
0.058707125264575805,-0.030891707930582383,0.9933239418885977,-0.10854267278512209,0.4627414629387962,-0.20958590566363916,0.627575569926223,0.01381544405348457,0.281034432065844,-0.11063069696211333,0.15085163260540446,-0.07092262468154753,0.32035711223308994,-0.037163675692010185,0.22140380126044162,-0.14421690351457775,0.390917915524211,-0.07857576145331731,0.523890220650265,-0.06406111266058082,0.18899251815279938,-0.04368445367798066,0.3658015929628686,0.21730245730237235,0.7051338934824284,-0.41203582108966724,0.5480146321542496,0.07874852670439503,0.11224855079076397,0.0769141042897156,0.649987947628516,-0.32629383804817347,0.3568755815507489,-0.006266738036669588,0.5883803131954507,-0.3531725170168992,0.6836226365223999,-0.614540574239977,0.749512520784256,0.08569949934018806,0.2584557112831846,0.11624847841833386,Peace
-0.010059055614158739,0.0691893994492946,1.0320469094857534,-0.0641403816479437,0.4728602852895667,-0.15204458877132074,0.5554353049416646,-0.018756351024345558,0.23648214185086508,-0.1322780326551011,0.12689840146100081,-0.10784566824453724,0.3156465598833745,-0.060806303677008074,0.26007831917841273,-0.13385438782865625,0.4277433435947845,-0.07877294534693459,0.5071395239716402,-0.13436477496834248,0.2746673917938408,-0.062289347851818944,0.3724918128240462,0.1932010548911663,0.7254435927407403,-0.38422373954170125,0.6236253525094608,0.1445584935792885,0.08741080164293787,0.05043536958511777,0.6346497749169128,-0.263793530255549,0.31963964582537896,-0.05456911111384992,0.5523473319975104,-0.3427878326257455,0.6903599190921773,-0.5186570354274174,0.7345317972175563,0.07151880693197954,0.21707127129479514,0.10306105926877138,Peace
0.02798050828866003,0.05004085315634668,1.0029313844067027,-0.09525078461152349,0.4781430973487508,-0.2295853803193118,0.5895079101700672,-0.01828895629832964,0.27734225161298265,-0.1694336035064684,0.12628151104431776,-0.10601807460418977,0.29355187205158456,-0.053459397421118104,0.27235506305950186,-0.12891907709972247,0.39338496051050187,-0.02822323181869361,0.49388277340847486,-0.10954476757324505,0.19963543393483799,-0.13196780740894548,0.3481483976681908,0.14515734295983498,0.6826891782216692,-0.4370672199272103,0.5737386667904507,0.15112825200853855,0.12170523912886572,0.09144110279808113,0.6117358741385519,-0.3065470011688204,0.4082036103611516,-0.07754089760926439,0.5993638356362713,-0.3477014686310337,0.7114360372649643,-0.5604605180687419,0.7491719795035392,0.12602353680316855,0.2577922197805284,0.08694954110061603,Peace
0.010693412025805355,-0.005101199541733791,1.0129331027346222,-0.05960743957362155,0.46224755827095265,-0.13857303191348036,0.5869614078316369,0.06685098502713674,0.24240260956023146,-0.12427674220133599,0.17155471741493303,-0.1326641939212314,0.32817034170773957,-0.047282540025548464,0.2421824120029486,-0.05506505794389967,0.4583249870071061,-0.025787847799344406,0.5022704665506492,-0.13906481560400022,0.23425521529381274,-0.03803987820422382,0.381301897573063,0.1782359101212183,0.6891646079734086,-0.4036077904570027,0.5545905709754358,0.14580462326418528,0.028947260273550234,0.10708705404067055,0.5993146463568664,-0.34033167569050227,0.37351426048470043,-0.013800612709437218,0.6212652735956483,-0.3089298326600695,0.7014094356576568,-0.567105090221528,0.7911892212450884,0.13190134969702258,0.2612731678273976,0.15241734983348865,Peace
-0.0022316755348657986,-0.0028279902376159675,1.05266058520399,-0.11384224854573821,0.39322981215558667,-0.14213901406135268,0.6186644657273881,0.019691260492426324,0.2685855686825018,-0.0810928348272333,0.14846012252388435,-0.08809957075750016,0.332593964499873,-0.10095300333265847,0.24863803935110035,-0.17536768165298966,0.4201572395062164,-0.07129366226411038,0.5173736849673749,-0.11098700918449503,0.240606550074328,-0.061283128767951445,0.4068977725470728,0.12747364008521747,0.6742230133734506,-0.3732223362991771,0.5572882565450762,0.06032696772204091,0.1329996346066959,0.09863282918796622,0.6599937056112251,-0.30548184475986445,0.4110710454608109,0.007759685251797949,0.6053526163672776,-0.2969533541259264,0.7063069541749742,-0.5848190177082566,0.705406873132479,0.07423071844108155,0.2843778968385353,0.12564073739110557,Peace
0.018410430843499005,-0.009965334947974311,1.022311897228456,-0.1125335156241151,0.43160490237182547,-0.15887970664930873,0.6074978317295945,-0.021669202234875305,0.2850100727165373,-0.15294228029259646,0.13773041405376746,-0.14718108327402915,0.23810862661476623,-0.031201311272216224,0.23988769928027315,-0.1700971646491194,0.4058039689198957,-0.04318047699104794,0.47530885732666495,-0.12427982542784691,0.2144570675819896,-0.0730086711719827,0.3574722164265896,0.15665247931202742,0.6784938006548986,-0.44233038787816525,0.5589663419875068,0.10550409230732696,0.057269437392808535,0.08930518670788087,0.6756437025704045,-0.30831710820651753,0.3632428245539752,-0.05077578659616502,0.5909278750072472,-0.26567293508705314,0.697709263766672,-0.5884874674295884,0.7537188463851004,0.06303728129824288,0.2518125125309485,0.1502700523392958,Peace
0.02814472822169692,-0.023574552039743388,1.0725500858795152,-0.13205856154276835,0.43770752663185947,-0.14464330392367838,0.6500404634158224,-0.0037833590455233507,0.2215470727683938,-0.08718739190817773,0.13767495809005403,-0.08483112861231697,0.3142821910432506,-0.06790986167937252,0.31568831165163347,-0.2168159146366263,0.4759095471699322,-0.028437376671909542,0.4639856685905236,-0.062146788815782,0.1852681887143533,-0.025296278368858185,0.31285298127746863,0.14101705451178823,0.6666372321676545,-0.4343312497603051,0.5707051449804015,0.09992263695392273,0.028328067757345678,0.08022827010819264,0.6401331511007274,-0.29604620474147014,0.3664061721940293,-0.0013718091605221285,0.5566524637086842,-0.287442749495034,0.6793521791944049,-0.5944041829579783,0.7847557702684008,0.09983940972390987,0.2840294410780922,0.10946093996253105,Peace
-0.029088973058872692,0.03984191887083812,1.0344690143153918,-0.08797767755993728,0.5335147962311821,-0.13789534267436512,0.5494182886435923,0.004825428714858648,0.2536835794864226,-0.10107267715856669,0.1826328868571474,-0.1334774668408807,0.2764602385668967,-0.024125154925320982,0.230012497271431,-0.05547901296020001,0.44959899610370807,-0.07219712736913456,0.5227389594998662,-0.09640706810830478,0.24542167911557947,-0.0592069251767387,0.3879458602180359,0.11230466328311954,0.7406007690637523,-0.5148934216374819,0.5570940186982642,0.07683061128134645,0.07439486207133364,0.06410122887480912,0.6027608173954168,-0.3915483422475928,0.3674606066402818,0.032594325840759775,0.5483785292980171,-0.28903843985256933,0.7477546237641484,-0.6298452093141866,0.7297563338621055,0.020877781626427158,0.2426288656553223,0.18719452838272416,Peace
0.006710384592725764,0.02366470803135522,0.9949720933091335,-0.12238687620189984,0.4836017193386477,-0.11408508368946466,0.5921554963495856,0.02776809255769344,0.2164754205552579,-0.08245872726656331,0.18551320500938664,-0.09265123523280631,0.2625021101639564,0.0068740196077845955,0.2168773157298937,-0.11655059185750741,0.4498916727162666,-0.02404668413739753,0.43235164298294465,-0.11480287427860682,0.22794141301815937,-0.012368761597288586,0.3890940409412008,0.21883693013224828,0.7172856149336454,-0.4140365360842777,0.5761734941651865,0.17040983539024135,0.05051244124324187,0.09350338235078826,0.6198361436762795,-0.33358839749587665,0.39195142591453525,-0.056491485270406906,0.5702291758112771,-0.33248661120413625,0.6319149777605476,-0.5585125921746822,0.7472642265951588,0.0018669345446466548,0.24585949054850137,0.08192441384695615,Peace
0.02195069661889239,0.041639796081302895,1.0217737846394326,-0.05639639212583078,0.4477233362520821,-0.13525450449943807,0.5823622109602611,0.01865379718755998,0.2822424059598971,-0.06840001364162301,0.13344009863244072,-0.1470181438016014,0.3107834714994775,-0.04877306397489037,0.25375996893963126,-0.10319431911028107,0.36386492569491735,-0.07656264033467164,0.45743670165681677,-0.08079257830004123,0.22015963789110948,-0.07092611431593757,0.3914813854422793,0.1576032097734188,0.7006322436331853,-0.3573894139440804,0.623946421235641,0.1124803981852829,0.083949542243492,0.04775389202524812,0.580888665161698,-0.277228344615514,0.43388889841620293,-0.04330235074960029,0.5344131224848392,-0.3260037724295435,0.7051744600722993,-0.6069099748840191,0.7297202345769311,0.08961626759523175,0.2706385958286854,0.17424575819219468,Peace
0.010943035585845053,-0.03266751806318756,0.9790086471864543,-0.07861793492319907,0.4295805701432533,-0.1892319368200675,0.5468682532635541,0.02856849333930987,0.24253226168358527,-0.06819138732825168,0.11824017883319708,-0.17851080749956538,0.31248445397616675,0.0072317854963407716,0.2462591150476648,-0.16934699395819083,0.3725740867732367,-0.02049817638122265,0.4621302441930827,-0.07206553213109906,0.24603356815721963,-0.07862666866122447,0.41034643999823117,0.1476764857030014,0.6576679735637408,-0.43781391174777456,0.5934198110667482,0.15884093754720757,0.07753957842224199,0.010275407712997918,0.5919616295790614,-0.34034339212419645,0.3224287285385463,-0.02203595633814011,0.6170604096452509,-0.29394507131857567,0.6687761532877196,-0.5936753445478093,0.7284958680274909,0.07084577498688378,0.31395481887022747,0.12211216596479967,Peace
0.04616331873204566,0.06311732875266685,0.9857918604993853,-0.09733963546167276,0.452439667400353,-0.1497876452621127,0.5718888969610711,0.039619685546574565,0.20705452373447797,-0.11970329911992346,0.15500803051376325,-0.07868626424613456,0.3822641594506854,-0.08086562224440208,0.22566076011358893,-0.19617639386102487,0.38800631443885314,-0.10950299270694863,0.47071442548441017,-0.1251703597400439,0.24049439188680796,-0.06449759313868157,0.3894304470812466,0.17881562531371775,0.6700883907645853,-0.4623997611226675,0.5878681715159236,0.17409701742760267,0.1654819466587398,0.0943883880842109,0.6823900797712249,-0.29447023384724746,0.37030891648375636,-0.026668836906331254,0.5557426449828914,-0.29960607187646926,0.6870051661965001,-0.5772673451254284,0.7081355999175234,0.07341715004903847,0.23804425056027217,0.13714652706273167,Peace
0.015014732809271411,0.0175767429410944,1.01943432262251,-0.0924690425842752,0.47784016180377714,-0.1662611027261154,0.5235080584742192,0.029003639917142186,0.2624741053521857,-0.07326493117406602,0.14437412893544813,-0.15288370043247226,0.31365668400933655,-0.015597448473281997,0.2595030768030994,-0.13258653385104982,0.3713956078220436,-0.08721574244604503,0.500670513191881,-0.16827410652302333,0.21686341724897606,-0.05438694185979127,0.40983044934408375,0.1938281168348157,0.7299724239218097,-0.4027559502264629,0.5449953820526969,0.10629211383991106,0.061440607131040964,0.08404817230495845,0.6178469568452264,-0.32013403435927,0.3619233720616555,0.019240505777361288,0.5786309515418142,-0.3410039712773766,0.7071785083544285,-0.5233047187629376,0.7619299682593234,0.011221779192119398,0.23935999393553428,0.10637611227323168,Peace
0.043221894760799046,0.03768843707590967,0.9775379571544786,-0.1054677034240534,0.464599001901955,-0.1494222734499455,0.553764491984836,0.005620441457939104,0.20991136405066513,-0.06549501511370903,0.09232287493664579,-0.15793198211773235,0.3294567911756211,-0.07930115255049547,0.2301930837951704,-0.12628901083112626,0.4415614095554442,-0.06306769733739359,0.5397285012547338,-0.11833256162059223,0.2621346059394434,-0.04718293381808912,0.4392686274091019,0.20714430541862514,0.7023921802012691,-0.39294662844021677,0.5625332358531138,0.11657493272651394,0.05031807146721177,0.04207689897315842,0.7004937649675748,-0.34443496610677293,0.3415838535325409,-0.03281042792885018,0.5571046554609402,-0.3063065939474145,0.6885494573940198,-0.5594827805679226,0.7777461516408568,0.09716832029653621,0.258791822775562,0.1544744802154142,Peace
-0.03438400866423566,-0.02165148135816991,0.9610770645273308,-0.08744263749262304,0.4374816701312882,-0.19728315159689314,0.5710541131870914,-0.03876315156853316,0.2933352552556457,-0.12039032809833831,0.17469227253074004,-0.11955082416199907,0.2805574727617452,-0.006929146274796266,0.24788314003243875,-0.07157691808683586,0.40730669687244264,-0.06978314278592034,0.5164970726029132,-0.0879668124458236,0.23101367628712066,0.04451843846516039,0.3669155108992714,0.13730950319182894,0.6710114357196694,-0.420053734628218,0.6159209616837912,0.11911161201276706,0.13640195925926346,0.07935750050851603,0.6711657023037185,-0.2966989661696114,0.37262607511470813,-0.007417549586894851,0.5419156798409449,-0.3344897748757679,0.7131094882223796,-0.514610727312632,0.6972519916484456,-0.0017062186061096163,0.2589048617078088,0.16705958976313762,Peace
0.001541282570405435,-0.03507989540445135,0.9986618713940387,-0.1380594932163283,0.4821257602483118,-0.16093558532634203,0.580173294878163,0.025909925820229662,0.2596901296675447,-0.11990242347297343,0.1761411754509903,-0.08088082252177832,0.26317708177353527,-0.0491021455596518,0.2128134287283183,-0.16622593964006743,0.43735639336478765,-0.06901307221888457,0.4820701978679477,-0.13840993997410675,0.23751602827627594,-0.03518920066951298,0.4404399805581717,0.16996417236595493,0.6576355626938255,-0.4269283606603867,0.5957695091604914,0.10152257217325822,0.044956568324629916,0.04377021645853018,0.6226636458804237,-0.3407941114073552,0.36777293033954317,-0.032369536056278694,0.5826080915280812,-0.331194163587111,0.7193650216944968,-0.5876121953985227,0.709586217552193,0.042878775919713216,0.2182691611231583,0.18978064654781462,Peace
0.004274992433580065,-0.02386220670991389,0.9849597416195852,-0.15958421632703562,0.506288845174241,-0.11156590350632228,0.5858605269893288,0.02267823058679759,0.21548915883849162,-0.13951373311885562,0.09421390584596422,-0.10962084203415765,0.3482366696862412,-0.0536913042765442,0.2556529074445351,-0.09881917981739777,0.37257936432009797,-0.0010682710375490706,0.521072958959278,-0.10290261042798217,0.2541336006077633,-0.02640731813083183,0.3841115312665763,0.21824173888767656,0.6875082764785672,-0.3979572137915792,0.6100069955565435,0.043965935195391145,0.10255929668750406,0.08806289640047292,0.5874113824363698,-0.299859422387918,0.3374374555052609,-0.01809467917234,0.5560669554111948,-0.3462082136144521,0.7359129885454853,-0.5853950222974978,0.7515735022271026,0.09859077868161414,0.23931634196317178,0.1363756547875101,Peace
-0.014859814351300188,-0.00816538933613172,1.0609716227252408,-0.07236702030772514,0.4726660287207527,-0.13593972481480548,0.5955420586919999,-0.041680044464660095,0.32242228676192763,-0.14759572201519944,0.19711061830238463,-0.08624833851028238,0.32182897808429733,-0.051359414697773095,0.32337684907200553,-0.11004950985897197,0.42183302660699107,-0.07249311493423756,0.46669889927392744,-0.11680106654562852,0.19849267374184382,-0.035150075790741545,0.3559630636517918,0.2055420657342742,0.7305657083764294,-0.41347462032116694,0.587766778414691,0.1436128451629714,0.04555044803393532,0.11827553670678101,0.6309923119842884,-0.28744681956594453,0.3829573402476347,-0.10468498036613935,0.5392090584610332,-0.29260730392656165,0.7044906524204979,-0.5521749914876706,0.7462455852498106,0.09605080379118555,0.27023819344799954,0.17885685025173956,Peace
-0.029400857316361335,-0.0038292020843683373,0.9784870794305859,-0.07441121490796557,0.4548982100756092,-0.1585477704455584,0.5614912789670186,-0.0007277038029609179,0.2532111502287611,-0.16430499079653527,0.07607987464066088,-0.10301442119172544,0.23333031058325696,-0.04798913371971598,0.2339071197034702,-0.11192306056837854,0.4011418332878812,-0.009349790720168373,0.511798233533253,-0.16368821291034036,0.21788037396745083,-0.009724052903567676,0.35440337750689593,0.17380663055013715,0.7432119142127341,-0.4280294184293245,0.6040471097215284,0.0974019397987589,0.002791980803895755,0.10318062654039109,0.6518266746146274,-0.29317709670838155,0.3284597511768918,-0.06039944611498299,0.5934300298956015,-0.31052214931721545,0.6990993969173089,-0.5662162717143878,0.7887297543068241,0.08087999678866829,0.2525778208731125,0.09402954151472373,Peace
0.017641612854833552,-0.02771904031902686,0.9608177583594841,-0.0465978212236115,0.4894304208248309,-0.14009176703233436,0.5454823580364084,0.06677234352790785,0.2843855115877369,-0.11277820429291192,0.12967438857677022,-0.10243410722168188,0.30205304754410367,0.024160753288079394,0.23365618129806065,-0.16022068281041157,0.4689548604094314,-0.07350708879754055,0.5099462505798419,-0.09805776377821283,0.2246539031753295,-0.0847295101647648,0.3738868468595302,0.1402975671109329,0.7003765540609836,-0.38862810595365144,0.6218911135048016,0.09206645439883882,0.0819066381884015,0.05058041452041387,0.6468768047381277,-0.35396827625774013,0.33338875460230105,-0.08075936436213615,0.5157677980835642,-0.33763150235670586,0.7527495570222184,-0.5624160572698337,0.7454244646144492,0.09957593009794574,0.2783251132301698,0.1504614606902355,Peace
-0.014190733955394035,-0.019119850668272455,0.9569552579961045,-0.10410298381107527,0.45484254599911494,-0.14132077640724167,0.5815315174131849,0.002142277728864732,0.22616915958935893,-0.09169083202238379,0.13019980771058096,-0.09417490422119024,0.25900744425245714,-0.032102230526377014,0.26762923962309376,-0.10959827088329231,0.4154007718989183,-0.02897568433619604,0.4481645808476646,-0.12099557391699085,0.22060889065686015,-0.024447616557851316,0.3147175395531455,0.1436495087630805,0.7535056111960062,-0.48472853366279,0.5947904306696667,0.1036921129863532,0.09706147441766233,0.1087382191629529,0.647460829545268,-0.265278023665585,0.346478159492446,-0.040804155295364325,0.5825222017689491,-0.33100128234781323,0.7205434700685819,-0.5373299450804822,0.7695246952350767,0.011802003013693739,0.25657575348318157,0.14458915186996993,Peace
-0.0073168061888817595,0.0023809804017459954,1.0051411888161248,-0.10186734045136062,0.4574550820084106,-0.18709338667295494,0.5682990162573063,-0.03270599637807906,0.25701436301704217,-0.10946130239179659,0.11765893396013731,-0.05123100519608451,0.309043263048858,-0.03359827709308524,0.22606303759384272,-0.14061463728632376,0.43103478878489515,-0.06640276529313399,0.48645244804298804,-0.09411465350019102,0.21086997930611553,-0.09550444272622052,0.3295444059785295,0.21854657139250538,0.7290224879543579,-0.392137559931809,0.5572761273428813,0.08470952754753244,0.08095134790339491,0.06352411590859092,0.6047180734104847,-0.3524037143598741,0.30933925672393203,-0.01027707199376177,0.5227561848474269,-0.3085360589178652,0.6906890830352244,-0.5551549343145286,0.7535493237655256,0.052211227440352614,0.2707307795509437,0.1328240940970239,Peace
-0.01846041451899215,0.029402483563735888,0.9835968538907871,-0.08867580121737792,0.4208044954323613,-0.1434410067174049,0.5643168219501621,-0.0012110980698416748,0.22833263631972817,-0.10738452969769055,0.08493861187048637,-0.08431808907355214,0.3152456642998864,-0.056213433451540055,0.19877511256547908,-0.11519219606980563,0.4022725578505868,-0.017252627691477923,0.5009429162062334,-0.07227972130018126,0.23051986591533827,-0.023204924394219263,0.38921546602782847,0.16186395793478559,0.7067043874916148,-0.43683113794120926,0.6324210945082729,0.12167597458600506,0.09020670505383886,0.07802432289617785,0.6060562636834013,-0.26867289179841825,0.3304887483930085,-0.06754298449091892,0.5539212139224265,-0.35619729347303086,0.749481294723183,-0.5797651696683044,0.6468395634712422,0.06516780552084246,0.2834223564002884,0.12349120989661874,Peace
-0.04067679077283626,-0.0030992104999949433,0.9818379024712417,-0.11533745442560461,0.431343496319244,-0.14697527236462776,0.6097249238762156,0.02694067684480831,0.20167952638861003,-0.08520029612436061,0.16830701068240764,-0.06297789693551692,0.2879089748575064,-0.043892944596412665,0.26224776004832157,-0.14401080760839308,0.43785968016983795,-0.05715602358546459,0.4609597028366736,-0.14115665912151135,0.2638894453799268,-0.08543216710098409,0.3402923261437935,0.18572476624285375,0.700170903406816,-0.4511601912702433,0.554775106296356,0.10019848352935087,0.07017036992087225,0.14207385895137167,0.6295872262726823,-0.33475155329358,0.4219022596400395,-0.0033512236743052266,0.5806617011210796,-0.34281119736838433,0.738367579368037,-0.5483558339308275,0.7478872758615955,0.007680256290923795,0.26621957672033236,0.18803209877328664,Peace
0.006611484592261218,-0.01129399581245589,0.989435346195387,-0.09084786603424802,0.43926982200877834,-0.15289968971363374,0.6259163057508924,0.05297800807222477,0.2308893848365395,-0.06538771472451928,0.1679670297011787,-0.08578864333260006,0.32936296398946724,-0.07010615677885751,0.23305468699049314,-0.10319664457056497,0.38509627434319066,-0.08765848696080364,0.4955392700793172,-0.14200537178056805,0.2511275953027041,-0.07816614591678028,0.38266373901477635,0.1852355472404214,0.6866252466001664,-0.419000948837079,0.549957367117843,0.12414378670760037,0.060569779105641534,0.05961951450226052,0.6611193536467596,-0.3424165573402357,0.3466365525567132,-0.014450995320528627,0.49658759085309745,-0.26215084744736317,0.7339808160583697,-0.6189941389849323,0.6803487144085025,0.06005787759711305,0.23320985091760374,0.16497897605427764,Peace
0.01182006486395064,0.003701370490118116,0.979181374937339,-0.03807006763615294,0.4858618114437371,-0.13356737056212992,0.6186359488033492,-0.01747146419989068,0.29206159821743416,-0.11160288515191921,0.15517468121966968,-0.10948268975110792,0.26006963934905564,-0.013474417586306412,0.19048753285198292,-0.157179814664582,0.40771764574659547,-0.11504370017920573,0.45333466865222877,-0.11097478923727401,0.216011228945615,-0.06346419344083845,0.3478821411392242,0.17677884001363617,0.6913306461811928,-0.4610405119779922,0.5643301514319139,0.08744457306962325,0.11635130966655627,0.054579545006214154,0.7143103563348266,-0.27930694887277197,0.35734055965743494,-0.01261450262335954,0.4962229586421684,-0.2889469863320506,0.6780143637227171,-0.5701520804664821,0.7216459130209547,0.04052979871979034,0.2613832140952845,0.13843916059852382,Peace
-0.0008074764236787713,-5.953872414084883e-05,0.9475185852636038,-0.016108808701910254,0.4702176582941268,-0.13853532446363534,0.5724345365406741,-0.013130279131833253,0.25805053407536666,-0.09498632894180928,0.18418705664523816,-0.04246026895550599,0.36071627965996966,-0.0951907331180726,0.23140948831491281,-0.11810968306557372,0.4092938150870661,-0.05775003830129944,0.4219992600135446,-0.09089300193129582,0.17014710752748735,-0.10271429295350391,0.3448922111401326,0.17246738168783549,0.652406326281725,-0.44362331696938606,0.6048260627883281,0.12133111728640474,0.10242680566922119,0.02923746351967995,0.6370495426761862,-0.3123900231577566,0.33739052078885834,-0.03153118074361285,0.5021531755188298,-0.3046601062092594,0.6906382971108475,-0.580560653332517,0.7690275624699586,0.07213035430083148,0.25726700112283385,0.10263659647496429,Peace
0.03985984214362773,-0.04020366005783057,1.0151700735660816,-0.1339921151560245,0.4907944475164403,-0.12134431924624223,0.5252559445688719,0.026574413285533442,0.2645145715787571,-0.08257315712045932,0.15608999857214573,-0.1336582702446566,0.30988861851616706,0.007744530677545228,0.2119876282607194,-0.11849845791366957,0.4558400008780906,-0.0861578180647467,0.4438497479228656,-0.15630246197032868,0.2382599055389731,-0.09377772041883475,0.37127153344991964,0.2165315421899961,0.6995488432048319,-0.4351459335922653,0.5741200017004433,0.1226417422551177,0.1030001254723766,0.11489908366173784,0.6505676891780123,-0.24730054961543843,0.37490769202037627,-0.05301880640131841,0.6275660241303753,-0.3215629090596998,0.6709763116807116,-0.5031322116689146,0.7214810818210406,0.03599766701601434,0.25027306155333495,0.14107296974799144,Peace
0.027925841923466616,-0.07946374841064562,1.0240840810473921,-0.10270633489972245,0.4508714151272825,-0.10020659050510977,0.589033514660596,0.02652540214084844,0.25206265870167455,-0.08075535874457003,0.19367310751024253,-0.17904075795314112,0.34894414726235046,0.004216126500786746,0.2602539299762244,-0.1485050693453502,0.3867342112224338,0.014420136808470499,0.4592038367376541,-0.0727901448291074,0.23812610442595428,0.005835316951360706,0.365784529739586,0.12716597259239285,0.701153212352969,-0.45640497908445365,0.6506695274552696,0.14358687459959374,0.11276430978891305,0.08968785553795391,0.6178569329942033,-0.31227493974392717,0.3645595738568432,0.028317786282506596,0.5242041803460473,-0.3396758852319873,0.6917351454506613,-0.593053471351132,0.6997067947709286,-0.021971785635656556,0.2120118428245302,0.16910507532577,Peace
-0.0002465670293766142,0.025066167487622085,0.9788136586107962,-0.08902036663760633,0.511652973450853,-0.10508066666302679,0.6108934338422941,0.019166895323607963,0.2690585449727386,-0.09254548730167833,0.14012498651197264,-0.11691989374416185,0.350076645899297,-0.0810636918823579,0.28984278085666587,-0.1364474808666392,0.38188077951850863,-0.07280037952982572,0.4601211107236018,-0.13558962252391046,0.20859215913106616,-0.07455045037034061,0.36609362262468687,0.1734502003390673,0.7240038759925198,-0.4191601289070542,0.5801383357178695,0.12492786723862359,0.10563781942306812,0.06772500723684809,0.619259970153394,-0.33586001454763315,0.3675555228711765,0.008202487076942062,0.5520431954932252,-0.3388442781541894,0.6949379583792947,-0.5896859069048874,0.7234651728330976,0.015861512532083656,0.2594849282068106,0.1432074919636269,Peace
-0.03245712471594155,-0.02635019250803562,0.9678472066534006,-0.12767063584121957,0.4345904853129085,-0.15759803769752806,0.5423725356831808,0.008968087680950315,0.23241545837244898,-0.13153409802564894,0.15644905481279014,-0.12399256762036699,0.3023051915582337,-0.003254661115467336,0.21762036352694747,-0.08120796023643384,0.4108686507878593,-0.09051927278508631,0.4697348971044795,-0.11625614476212383,0.2640458804869025,-0.03157486297218551,0.3772495401639532,0.2131920797455732,0.6446569755010663,-0.40432830404564557,0.5796559033178097,0.134366201904537,0.04111586132861806,0.035817374996818085,0.6336703907481713,-0.2748702798195712,0.41870656978757986,-0.04993192516757977,0.5196215305443844,-0.29334552544658965,0.7810541789764682,-0.5396358525787772,0.7210156066866343,0.14500352877360753,0.28742116540873464,0.11240378094057447,Peace
0.05802906499013132,-0.02609975434196521,0.9776564109281888,-0.06427167215959981,0.46251108888540887,-0.15055213087260627,0.5837950149138098,0.04652875948100022,0.18378774295491274,-0.09512921968444599,0.13642668900918065,-0.1273636804368684,0.29375151500226315,-0.12130815549205043,0.22126948943117078,-0.08947031491602464,0.4462640310002653,-0.06217668667076213,0.4440156756811203,-0.0936632987930211,0.26570621704149366,-0.02451376710515399,0.34627056801929085,0.14944703987501887,0.7507654247024173,-0.44808968119235,0.5847041124845088,0.07136984346497163,0.08041093528706186,0.08387925906920296,0.6377656446986397,-0.29259662533676234,0.3244624826464377,-0.05459892655494676,0.5733714856584834,-0.29691172427777207,0.7092174642293276,-0.5444323393280633,0.6937583502493168,0.04518341146668541,0.32149768999145273,0.17463824221813687,Peace
0.01900914495022633,-0.0046610092006650955,1.0273335353385462,-0.07319605123998532,0.41773503748386964,-0.12178947142106542,0.5566529674348589,0.035885009205440715,0.20504027848393247,-0.05569405629803384,0.1368858989575326,-0.13806888942758522,0.29575045054814,-0.052300338334884997,0.24504894104638852,-0.08863982757401478,0.4234066631537613,-0.12156273773060298,0.44946119197127266,-0.035593348188311946,0.23047242856156888,-0.027015903808769382,0.3660819504840668,0.14525506087469361,0.6866496202656367,-0.4079617674256891,0.5565506214022297,0.1822559608730604,0.07093281248148059,0.03467967873966445,0.6629287062039726,-0.28035394985306716,0.3621479485622046,-0.04806317629629892,0.5018971698783268,-0.28119672286602,0.7286799059350931,-0.5860407211702856,0.7452617627593469,0.05236903450144284,0.3156790840332574,0.1049966282596985,Peace
-0.018601844820597593,-0.021501787171919355,1.0055939050813152,-0.08438641321891535,0.469260293325971,-0.17808055859898428,0.6271811747768378,-0.0005269915117417055,0.28914716062815715,-0.009491216342599779,0.11893270870716484,-0.09451725246481102,0.31245749839258563,0.01873158123221108,0.2368024147146536,-0.12072345233866216,0.4281084342447789,-0.059447196897362595,0.5090175603723454,-0.11551749994714361,0.24086631683303356,-0.049131526083375,0.35719620289756276,0.16732453850914317,0.7177507725193796,-0.3952707408903408,0.6077079829833926,0.18047925231232753,0.07378832999104906,0.07037097179556145,0.6328624491263489,-0.3415332540903818,0.3781852890801827,-0.00666375269990143,0.5266071975179218,-0.3290533487146029,0.6884603929645615,-0.6180968126745677,0.7423832685015014,0.02481209968393413,0.271586987532327,0.144207823097119,Peace
0.011790683499141776,0.013239665331896395,1.042217287985973,-0.11032968105430124,0.4405037939415694,-0.13200742791746503,0.5786748241050546,0.04685415991664371,0.27037012591724274,-0.046121296412254265,0.14239293682841545,-0.14924998662054745,0.3266254501396376,-0.0443450901528962,0.26125665713464374,-0.10830598106394862,0.4052659292065614,-0.08670540355468201,0.4819750468359684,-0.18975513803402863,0.22883078245526764,-0.06776274948316884,0.40118258600366236,0.11581794429460601,0.7012784462311099,-0.364524821405927,0.5906197513575723,0.15412208774780334,0.09961240198717776,0.0164787249501525,0.6436604986059774,-0.29605934416649543,0.3289018985903268,-0.0337954829208571,0.47188481543219984,-0.32784131381759757,0.6895318003529527,-0.5307768909094123,0.7253778953275943,0.05117863821922683,0.26444031347636293,0.11842457663041388,Peace
0.02159374265496477,-0.05977176041570641,1.030386367612371,-0.08642664037930961,0.5023076624659493,-0.2340793090961774,0.5095473902461927,0.004335004917330389,0.26869692378627824,-0.12031261774113533,0.16264816522407163,-0.07534950673766103,0.3363855939509042,-0.03909681028407141,0.2480901180288283,-0.14662804925585626,0.41964115493332577,-0.08716216041596916,0.46281146331550826,-0.1028884659743923,0.21252433074574065,-0.07766646405416391,0.38880926506443175,0.18679039000881198,0.6946290993736325,-0.4162796128690903,0.5828361482154389,0.15377064136868418,0.09545296608289217,0.030563729735858913,0.6320217986299995,-0.32052852010221805,0.32965905172481663,-0.015060884652014071,0.5761625116853774,-0.2960321158881645,0.6728956900149791,-0.5681205434654375,0.7432863314211313,0.06839144277734778,0.270708971539613,0.1357577990008361,Peace
-0.003981712784236429,0.0332052183007656,0.9704346462624684,-0.09126542295278499,0.49569936842626533,-0.17599402255369156,0.5598316320322063,0.03511259003844967,0.21080204692685015,-0.08384570257024529,0.13044375294418728,-0.09248878099533725,0.2797835705285944,-0.006642577418722796,0.20870487304252033,-0.10643568605780512,0.38603851314615956,-0.002186207666255449,0.48421189388068614,-0.05979367911088544,0.20184414006936133,-0.06881912811054779,0.411653910780847,0.132607519647646,0.6801100872609925,-0.3969594970567612,0.5397942942181517,0.14035645053773882,0.09453252785893088,0.02091537833490676,0.6676976870524071,-0.3461870177642526,0.38438700782523816,-0.026144605672748667,0.545266560362345,-0.3509804442881698,0.7125011583996863,-0.5990198153821386,0.7797131926880324,0.09650286825619317,0.3160781974242471,0.14456110046058454,Peace
-0.012129294164951282,-0.008907077420119707,0.9851864390039794,-0.07863013067996032,0.4763564660897446,-0.11471541385224235,0.5832379723324069,-0.02900245821111136,0.24129683435240437,-0.056989082859344405,0.09843543320743577,-0.08261430064890847,0.30468841413276,-0.06869879472745946,0.25709036401257035,-0.0813556058955218,0.4315157099629342,-0.06431156010016453,0.44747187014814893,-0.12128486679387705,0.18644627008299788,-0.06483733387169083,0.37344060521713385,0.10457715557958523,0.7427377530747274,-0.44896719414105435,0.5647789354839209,0.14071692525154295,0.1286768878536547,0.042560156855987324,0.5633890655837163,-0.2759541134880769,0.32376378832326375,-0.01921557031256525,0.5715646253075867,-0.4153792515194909,0.6541779754911086,-0.5866684077793267,0.665950750838278,0.019027811689368818,0.27050353359846724,0.13347966778558723,Peace
0.009079632919328165,0.013476629361865557,0.9458341794786587,-0.12461574473221271,0.48609923410744804,-0.10593243760266889,0.5536120283986595,0.020861529527804103,0.27773194894567826,-0.09653796774536155,0.13766980115896674,-0.1240082992944197,0.3759636836832294,-0.039308594169664604,0.25689029347572484,-0.11845459424179738,0.3969298324494147,-0.0549106030994982,0.47668606669999697,-0.1285238196958615,0.23591953892224404,-0.08300889642614413,0.3391886820447695,0.1904751521130621,0.6851397691582307,-0.4221620215557433,0.5124938149387418,0.15359441134246649,0.10514088266575014,0.08756681060652718,0.6502843920248355,-0.35379273357912344,0.3681186038564246,-0.04827287269042557,0.5300312211465111,-0.30281692129597165,0.7523783461400222,-0.5280438890091225,0.7621389389617735,0.05826250519331531,0.26035090716709985,0.10899906975502847,Peace
-0.008091995511200297,0.02725571878764433,1.050983240448795,-0.11056473603875469,0.40340784388193557,-0.16758856471611844,0.60975289325066,0.07526268042466748,0.2928206983459655,-0.06510607988968876,0.11964597971135396,-0.12943048066742016,0.27669131842227696,-0.06215925749923676,0.27264496604154154,-0.07944958105615697,0.43166790279792494,-0.06408886259922492,0.45435160280613734,-0.12169484664119373,0.23250455452119775,-0.0994317694122798,0.4029765225240856,0.1626759804116397,0.7269305621701269,-0.41213914880897073,0.5792742123056609,0.10364345157472823,0.07908193773381585,0.08558601074803099,0.6347196763707519,-0.3414632454393306,0.36459585656761845,-0.01842861711492506,0.6001035900736782,-0.2832417704795592,0.7006840122468257,-0.5892641265177401,0.7366255464256044,0.043457344755753496,0.28200201356578564,0.16738413102679478,Peace
0.03719503077882267,-0.01236619357492995,0.9809282745056235,-0.09868212956659245,0.4052971399195018,-0.18774671558915684,0.5815976796863654,0.024472513918214478,0.2682546538827378,-0.12707946891715613,0.13039948588701555,-0.11287391366013375,0.30497183057519645,-0.021554333795533922,0.20597680924034875,-0.162663064815493,0.4123493257900157,-0.09740334489905758,0.42933923896764015,-0.1631237067493876,0.2191293270382181,-0.036623682739319666,0.3948733307006667,0.22303086327707222,0.7041380404642166,-0.4047255345775763,0.5628455004081914,0.1186471339050872,0.1518367562561357,0.07416529016482323,0.6491128514857267,-0.3426674540559245,0.3735613031632021,-0.01024890824037316,0.5922262381416532,-0.2989158327922983,0.6988209317949223,-0.5779267709637089,0.741312168043388,0.0623849612839183,0.30484669001885256,0.1683133638243615,Peace
0.02258732861177341,0.06087629941410894,0.9166019152297423,-0.09987205405961444,0.462920069848655,-0.1718292290515785,0.5547417481249542,-0.03842042750600081,0.24417960378373355,-0.07684382464578515,0.16835088059072437,-0.12735269604817098,0.3230129598962138,-0.001466870958991097,0.19962002117884964,-0.13294927607538062,0.42989727338370726,-0.056134773597823644,0.5118723491568619,-0.1632541728506509,0.19623620486775872,-0.03507836694820406,0.3242656128360315,0.19974643553189778,0.7145826316240482,-0.3895539577562804,0.5562790219362506,0.13999708097857103,0.05425176920375572,0.0538895987731827,0.6397547916212291,-0.33527650770512285,0.36779184095707784,-0.06432508448387507,0.5669764585985676,-0.26556285940772495,0.664923109478921,-0.5735208750660905,0.6949357566651007,0.034180729434378686,0.2878756519468506,0.12321531929462125,Peace
0.022272304163053903,0.01067650076030272,0.9943535183478472,-0.11695267467153753,0.48382289497701264,-0.14253833297920446,0.5367930576242452,-0.015841406093604175,0.17044859569972046,-0.14463344044955287,0.13573150249098498,-0.1364644686713807,0.2914556096586526,-0.00047776068820052503,0.27608643226034857,-0.1490242422970228,0.44510851369151455,-0.01998904821180212,0.5049098020839127,-0.10935156746953809,0.25936045702323324,-0.032454067830361547,0.3389395067621596,0.16972543268273046,0.6845260145053044,-0.37723734542962883,0.5529450499954789,0.10213637873787215,0.1202208585424285,0.07411487752512538,0.7020180939318523,-0.33418127065260916,0.34568355703207004,0.003660164502757666,0.5205439231656867,-0.2782275978015667,0.6663994171719047,-0.5545373646814817,0.6881830576124968,0.06052324517674058,0.22573126211312233,0.19392243445866988,Peace
-0.03214891538386544,-0.02486571026942526,1.0123518451771332,-0.10409902569673568,0.48425684913266254,-0.17298905019272293,0.5589957411664492,0.01226760052247897,0.21701154693745717,-0.09177364532101558,0.17145174591768886,-0.08819890026117679,0.33570403368161084,-0.09994052201443385,0.2313726001634349,-0.1349961516335161,0.46493596481330707,-0.07387445544912616,0.41730131255263514,-0.14843847717069975,0.20657496817004742,-0.12023407124691354,0.40439341029005815,0.12830599933534773,0.7144687333840535,-0.44458345171833724,0.615567242538194,0.1164173169438228,0.07504704667071652,0.08217238044687203,0.6084456088772808,-0.2910476307515895,0.3467985761709553,-0.04783692301837893,0.5562898729949989,-0.3505084816189435,0.6968963280998417,-0.5626595201641345,0.6742123464449222,0.09190857586321921,0.2912965206985042,0.08049686211133414,Peace
-0.060312968870659435,0.02525719876803584,1.0192246337435287,-0.06737925421009172,0.42045053431701696,-0.09680307812044481,0.5599842438600601,0.020278657935442885,0.2610728328014265,-0.0558767016771194,0.1488878093199085,-0.092313558790714,0.3140918312166407,-0.07809284707682478,0.1756622146460972,-0.1272068004203852,0.3789314919439957,-0.04592991733951121,0.49081584995186467,-0.11458638107937415,0.19482302610780716,-0.024443284938242923,0.3895754675857704,0.139942406808962,0.7631445144547587,-0.4181352894749854,0.5303291164992775,0.10195136834931262,0.04415367046128112,0.10710755457777937,0.6710780732177787,-0.28612963772632444,0.37778289197163556,0.007451397204414064,0.5516571079308592,-0.30513850423497163,0.6782663327259218,-0.5774475281510469,0.7569769036014767,-0.033264934736206404,0.2482258535256257,0.14108379154155076,Peace
-0.002325481978241225,-0.013571889772365913,1.0139636246522714,-0.10730166802607516,0.4266010246224904,-0.11614936164406263,0.6139137256426419,-0.004880111223183358,0.2514586250556605,-0.07828494564032876,0.14645382012351862,-0.08888257125480949,0.33067261135206555,-0.05176997193011805,0.2606997526196488,-0.15713250544494328,0.43313061420179577,-0.058658163491277567,0.47553173437888224,-0.1557214680446953,0.23036054252045685,-0.054383698899390584,0.350143240804209,0.12748724569433553,0.651753833918147,-0.419433739634228,0.5795526407016953,0.1802010757061962,0.08806575095676389,0.017563165499818296,0.6324570783655149,-0.27077307801284706,0.34076476666101263,0.0035592397019496395,0.5641886756945672,-0.2984119219037176,0.758388758583563,-0.6279619887988609,0.7703697138967023,0.0563283164406517,0.23834176079405828,0.13311513824063206,Peace
0.0507291282945463,0.040048379392669586,0.936267632652308,-0.10916548801030852,0.49154507548916754,-0.15231466716624026,0.582093869668209,-0.03395543196888412,0.2311551568772906,-0.14441080867205752,0.09553326597915132,-0.14252093896287574,0.28856267481687303,-0.0650282694827165,0.21995814087739385,-0.09757051446167672,0.39408805850882833,-0.013649693033358404,0.47183407100867125,-0.1051434321682674,0.24054505713364716,-0.08247490985286783,0.3654896177186509,0.16030508519268888,0.7122613083214157,-0.4156768846299765,0.5479057633006322,0.12827367653694677,0.09960887880217814,0.12182608740344991,0.6407084170957801,-0.30801377456415935,0.3741005932298501,-0.05848093849996286,0.5071516462724526,-0.32718143129096794,0.734786051576774,-0.535837520182752,0.6870930472345107,0.0791517343918952,0.20127323673983744,0.14990959399330286,Peace
0.011980779386899672,-0.0517194008854663,1.0262904507819977,-0.03375521979110596,0.46138383849201225,-0.1474323485834404,0.627007755954133,-0.020695599317744007,0.22048713841757464,-0.12884614137861614,0.14624525345092595,-0.1037563241330755,0.2998068992818556,-0.05120927775919999,0.22903498549068402,-0.1429381970056231,0.39824674085108147,-0.0792484259531529,0.426325032288512,-0.12502964479213446,0.16774338502516306,-0.03302283366786128,0.35853479934452714,0.17181111293940965,0.6898917979545321,-0.419134963207888,0.6082589559869432,0.08415703551934903,0.040720888638004805,0.0699059168470912,0.6237882317007235,-0.2975253073280972,0.3827459521082895,-0.06318916531703266,0.5770185996014617,-0.3484766731469285,0.7048603343655855,-0.6099514832856269,0.7474389011221949,0.05854303154943418,0.23372929213648286,0.09538183710789294,Peace
0.022519157522909658,-0.01359001358035145,1.0266499953550174,-0.1023721087245737,0.5023236404906628,-0.1801140314823842,0.6268166665898621,0.01832551759663726,0.26551336436932277,-0.1337853746643729,0.16700924580951979,-0.08187095548861474,0.3066725618145068,-0.10621472717549535,0.21182217556180558,-0.1615886165059635,0.4347829691856795,-0.07038620398453165,0.47298505584817246,-0.13530876005663747,0.27048947302633986,-0.054179048404188496,0.38126454473638083,0.1568117149577598,0.7001989272268749,-0.4410822302285976,0.5806694518457796,0.09030532053797655,0.11174699167625408,0.044276178864019466,0.6671164078025492,-0.25109519723795626,0.3612816682618048,0.009349586044209577,0.5814604027730799,-0.3608018297104171,0.705950911962997,-0.5578081104071361,0.7614060478692439,0.06451555412634097,0.2717765186844838,0.1362867980917823,Peace
0.003995282579810563,-0.036710369108971366,0.9892027430586867,-0.1296597374741794,0.44832941793946723,-0.16938651136577595,0.5629943806544098,-0.018465883028776033,0.261597780360168,-0.11320674543239592,0.13252000264900618,-0.1470160192958382,0.30746977177435353,-0.007828881417994905,0.2800462218350168,-0.11697881927265139,0.41244776540584394,-0.039665748892191585,0.4663327396910393,-0.12729695963729637,0.20413509141376845,-0.028288614414161226,0.39873251349863104,0.17435293252951967,0.7530256562158077,-0.39943611252431277,0.581044537909131,0.13217553527337011,0.05155179177628202,0.03949635210495117,0.6370254848023168,-0.30970552933155454,0.37894151592236314,-0.0500348808917085,0.5610375353262136,-0.31516156460623884,0.7064689310907255,-0.5723516360662142,0.7013593878498952,-0.008667203932642205,0.23856426772044942,0.12020048666435815,Peace
-0.03535355607151314,-0.0016702160662304835,1.028992275551693,-0.06428930186699713,0.47724824728449483,-0.1221030226728742,0.554895578534619,-0.0006095263852323261,0.27196486803800807,-0.1179005365361999,0.13253799561706228,-0.04891622580367189,0.3192688698761629,0.010713920590548279,0.1905231325471235,-0.1471101858023036,0.4335668820789969,-0.05362325640573498,0.42468695944042745,-0.12520676737796146,0.3006012925902422,-0.048132224074181,0.39346541466884555,0.1560751052631452,0.7083866113589811,-0.4121813958945008,0.603922144471209,0.1573119544805623,0.10164588065290153,0.06845372151500863,0.5882913973360219,-0.35973268808128034,0.36370596231797553,-0.003759844276227428,0.5988693160122024,-0.34451053105055196,0.6573459208282034,-0.5448552969909752,0.7190338353935043,0.011857301946906741,0.2520068320510942,0.12080120834659792,Peace
0.03960513228922041,0.02596901744044606,0.9741674534051471,-0.044131666553152246,0.4670090241595171,-0.11983727577392647,0.6224496251081922,0.00521657470280955,0.2706590493700719,-0.11586739019404262,0.17303585817917422,-0.10208054514683823,0.34521527411223407,0.003547834499080034,0.26163898749305575,-0.1309879923364603,0.4189975483617392,-0.1451461863282938,0.46496951774139966,-0.0903421863507347,0.2555072009021262,-0.07757663697209977,0.38026957320104404,0.16971540763851484,0.7217761582983696,-0.3455531070470642,0.5916117688590994,0.10459660424007004,0.08706781046555913,0.10838259464025424,0.5964043156813738,-0.3267657549330813,0.3825475528762513,0.008831069976084672,0.5771859713717257,-0.3360192159958625,0.7187191376772335,-0.5604152885757153,0.7539992414171427,0.05625713966822099,0.26840700604023604,0.10890918153216256,Peace
0.07440612674992478,0.004709983220315682,1.0127444349195713,-0.09260763332268378,0.48861755830347003,-0.19061533307961334,0.530266103799101,0.012180216482170622,0.31514112039979336,-0.06741501122484628,0.12087939742968297,-0.08930617716175712,0.29732592320534645,-0.029402364792144774,0.26035384882658774,-0.10038982303726075,0.37433247374471085,-0.09440287346457293,0.48408623059919126,-0.14929209203073152,0.19311910259213344,-0.047383885852395904,0.3478512677354909,0.2431231070125532,0.6850931073182737,-0.41991851247367196,0.5792839277345558,0.07946326644279506,0.10467553167323969,0.07656877654218888,0.6281854579515721,-0.30009620574052703,0.3740971103007691,0.013056853748931892,0.6339247783429198,-0.3496633981683835,0.6637026563391955,-0.5697615832385723,0.6811070339860739,0.07865180693185633,0.27020959968685293,0.14715277532616658,Peace
-0.0091071580535984,0.007650472979052056,1.0104562538173631,-0.08006959465983579,0.42290528995821025,-0.14650217001670365,0.638253210446021,0.02032112345929129,0.25763113052930636,-0.056863506524315335,0.12276432358865,-0.07809847025834676,0.300500886948698,-0.009597365115119758,0.2691634771732335,-0.14055256256402135,0.41332355086945083,-0.027100887556380526,0.4306898202996405,-0.13157726525763588,0.2450232892004166,-0.0647828103709335,0.3793782360750897,0.11415887193108731,0.6754537440670044,-0.3914279697828869,0.5478274902071093,0.08562813655250709,0.1212686522969172,0.08179526866926337,0.6060086228283904,-0.30415890963545256,0.3295702010742914,-0.034572639326345564,0.5641965799892811,-0.3420732605153552,0.724893066643199,-0.5459235205081631,0.7513815541534508,0.07158881452330323,0.2232323116436049,0.1769997941536311,Peace
-0.0027397496416940725,-0.02805769095376247,1.0006641408617247,-0.06370619705816703,0.4786287354337056,-0.18420305577640222,0.6053634065500508,0.011274589250919696,0.2685555876177851,-0.12771118127847908,0.17651013800319573,-0.09930733367300526,0.3520703069644101,-0.0882409086811575,0.20317945895075623,-0.13538503206326394,0.4653311352586225,0.0024490931312844064,0.459700558364096,-0.11672798101245077,0.23106532395010076,-0.03399487883794229,0.4018812146612566,0.14196145451354944,0.703025887743612,-0.4720670876605388,0.5946814500102539,0.11454333182744635,0.05325893392921747,0.07630115134587664,0.6275685461227382,-0.27047019404512884,0.3344711708496636,0.03668978838175094,0.5845536005924178,-0.27918753614381814,0.6717579925909882,-0.5191902902637999,0.7070981650442071,0.05287499908348395,0.30595687561687,0.1513372495234595,Peace
-0.037174857518878855,0.034062301855279566,1.0064877000703232,-0.09855630391148154,0.4169979707405979,-0.13861982893656447,0.5777314357755332,0.01778364216731244,0.20596342134114368,-0.1162243480117305,0.15954192896784153,-0.048494861121807974,0.3102471588547443,0.0011041063565697812,0.268842485164702,-0.1211706476766043,0.3909321311494557,-0.08554959010485605,0.504879573457538,-0.13411425918395134,0.2079498831286981,-0.06095791740011273,0.3704174097587062,0.20241643958671007,0.6859231559892844,-0.3877743488667117,0.5835488655406738,0.07448204825630593,0.09825562619777854,-0.013708005981140789,0.6118079255633435,-0.29442171957154806,0.36092934190826875,-0.08303563079892333,0.5253420812943108,-0.3960857619369099,0.6623461809261133,-0.5554721710982562,0.7267516002492007,0.06426771622888794,0.2672265082408521,0.13711166946331285,Peace
0.03069397269339155,-0.0060873192651307246,1.0236091176798443,-0.1603905986179586,0.49660102712740795,-0.1903646875960426,0.5504460781721763,-0.008044162979842282,0.2860351187712045,-0.13034363173537983,0.12545612694450556,-0.1336394310017233,0.3240674515660463,-0.019886615368843806,0.2963517680120255,-0.05618967167060161,0.4408078072550782,-0.04546560819284631,0.44983315537309365,-0.061040297348865666,0.2328728579716995,-0.06421155248631301,0.38695828774048857,0.15630287847905305,0.6309579400083501,-0.3946574623194331,0.6106319270770588,0.14140960693319587,0.08920802240822971,0.06672289961891309,0.6438330158443917,-0.304064398335758,0.3594275953916334,-0.029238581236011564,0.6055673165167312,-0.30365017210894735,0.7057774881581786,-0.5530672646889352,0.7632535580099524,0.08754928886018697,0.2441098344396814,0.12171834016389159,Peace
-0.02440672362582756,0.023001687704810748,1.0178251957202578,-0.12426758300550467,0.4749833828066962,-0.11049532879671309,0.5755742907027913,0.022513559922684535,0.27543403323099414,-0.1432813834430017,0.14969243509132923,-0.06662531376870579,0.29860934303733877,-0.017220881147708988,0.24603688075338018,-0.14841933592821496,0.41840712813500663,-0.07221907152151431,0.459703926083454,-0.1259497351343882,0.2284635540632648,-0.06052123870554998,0.36737112723501675,0.18217327678986744,0.7170302661865222,-0.4461344069326334,0.5627858354376235,0.06549570057735199,0.08455489553725323,0.07084061842932092,0.6557580237778662,-0.3036908807735264,0.37769390423767746,-0.02804211816999877,0.538651382958043,-0.3512964235910343,0.6947329974187859,-0.5958323576800214,0.739883014967526,0.044413039872468314,0.27938960717158867,0.1376028280820423,Peace
0.01342483008771745,0.013271541698236832,0.9908988751765542,-0.08962038717747314,0.47830638307172735,-0.07828417691252555,0.5529603354564585,0.01434690634457919,0.21764821172954024,-0.10429200674777744,0.12491096321196496,-0.10838599179251472,0.321064917558699,-0.05687659878819268,0.19170927225358514,-0.08541812634962054,0.4464806940534184,-0.0603520106662533,0.45951135739002313,-0.11576865425230412,0.23724042944292337,-0.03243925275629567,0.4011989996009055,0.20691368946025485,0.6488622962522415,-0.4209508463680755,0.6001507361373906,0.09699297679802853,0.1259984236237295,0.12063607550132055,0.6744022529966779,-0.2884663127553191,0.3478234480951646,-0.021549823507640935,0.5185340948418986,-0.34125168847709597,0.6812989741620976,-0.5709848943588343,0.7317092704436063,0.06701734867569313,0.293151981540985,0.11484235106218743,Peace
0.004458032788111534,-0.012479069694538094,1.0019939412977625,-0.06548511888347895,0.4908953221473529,-0.13155322125395813,0.5950538387323957,-0.02951203648569048,0.22108148425988475,-0.12838998465505483,0.15589139652582193,-0.1435189468326661,0.3265312773852989,-0.03426078770149438,0.18715135937361607,-0.1608122813172313,0.45261865190514156,-0.035512959347079966,0.460841527420492,-0.14936522152322845,0.15290036413932373,-0.011400676597444488,0.3765639657218133,0.2319051219612555,0.6953379543279231,-0.40333387098075363,0.5970966656618996,0.17386720846259476,0.10445104606281205,0.06639696358532107,0.639503353246364,-0.3396890930346236,0.3497921489100805,-0.028462283081624417,0.6003737505565702,-0.3307196643437836,0.7345027180016553,-0.5752992119157285,0.7807813451939283,0.07947102479627974,0.2850930376802078,0.16549897714819112,Peace
0.02499479733857876,0.031914401871114724,1.060241985265264,-0.03756345548936568,0.4772509754470354,-0.1649147505938589,0.5936268035552507,-0.044691510064860274,0.27838906052129214,-0.1354656320982484,0.17880722860083137,-0.04538012845022841,0.27287757725971595,-0.04370399730170146,0.21328964695918368,-0.18003349558229953,0.4181127351233228,-0.037380222685970944,0.5089853602159113,-0.11370161758383462,0.17648380299327424,-0.0518382443554848,0.3305558941815158,0.13258375255916358,0.6711834902893941,-0.38031721420608855,0.586715371889488,0.13437964881364547,0.06354197088317429,0.0546914855406305,0.5975609482281912,-0.26738498516165266,0.4271663751431588,-0.013300915197883324,0.5808695606338281,-0.3225871727156844,0.6540395077276908,-0.5981630152966285,0.72951305193845,0.047611669661708544,0.2483553679375587,0.13756677660547229,Peace
-0.025505072655960467,0.06503172361858885,0.9553278460381595,-0.05945101050915701,0.4554026071172299,-0.13777840197489383,0.5978777158798547,0.017805658608515053,0.2195183397182727,-0.11362582877214286,0.15020564848757648,-0.10159578440242634,0.2857116482968024,-0.0034584916442268465,0.17041482976167618,-0.1356879432971439,0.39366282200387054,-0.05097027130815159,0.5168551230164727,-0.1605284622961073,0.29701892166033445,-0.049484148120348063,0.386784054371746,0.1322007702404771,0.6996910712870865,-0.3826613053019044,0.576655358685602,0.12890779508897499,0.08786460924792769,0.024984744297269643,0.5971533632809994,-0.2732342111691942,0.38771723609434283,0.0009092675539413946,0.5342323329893787,-0.32254540137441085,0.7395770842174761,-0.6097037313206018,0.7773710606330531,0.041573762198374414,0.24116017778163207,0.1351766883541299,Peace
-0.033510057273353905,-0.05690680783491177,0.9985699570875157,-0.07004232371839186,0.49971695360121315,-0.13345310343760472,0.6415961854095071,0.05392661097698989,0.27566182469685985,-0.08960607150036032,0.1820358558137931,-0.17117946280080587,0.3020038963023747,-0.09794929682429515,0.2651149615107896,-0.1504671129865317,0.5118919789295804,-0.07197300774405077,0.4895442422828157,-0.13038738798642494,0.2117458275473648,-0.09293526374402289,0.3369278523706527,0.11000861023270993,0.7174519560211939,-0.4245509529432806,0.6283665583003211,0.0873777223551501,0.13370983191292768,0.11349252710771791,0.6769759184079175,-0.30127010565445,0.35110246315946797,0.008283163288041444,0.5351730400183868,-0.3096971406759717,0.7013106402567779,-0.5995865774586933,0.7518159975749842,0.08142449752488157,0.2388923305114979,0.1499377829618008,Peace
-0.0668708456219944,-0.031474660231807006,0.9825686948017084,-0.07535017972085004,0.4893376909111082,-0.14917765809783418,0.5996321418992259,0.008276904606812654,0.2656619064335104,-0.09310736426217885,0.1298621715525685,-0.11545019575736808,0.33440942271079976,0.01216776884376819,0.2814265899784862,-0.16205767834772675,0.3875349324826618,-0.07250417426197525,0.48932098747266783,-0.11687170425156537,0.2636191729995316,-0.016686208053680665,0.3755023022013472,0.16856250301007325,0.7165904799057188,-0.3799155103458959,0.5869308158183681,0.11175555377544621,0.07105278045705965,0.03300663549320055,0.6444692288407606,-0.28962042201882493,0.38329399070993375,0.004553943472569846,0.6033262223233753,-0.3590673379696634,0.7147659516403816,-0.5596662868963924,0.741256196153915,0.03431901287876288,0.3101560718367703,0.11847616201690223,Peace
-0.06577706578298816,0.00060216855330703,0.9891531564814743,-0.03033937864542944,0.477949067047899,-0.16082022723768627,0.5767286171527337,0.006842256469762868,0.3200334633831629,-0.08340012021690478,0.10291798515337586,-0.11212199790397948,0.31569663410024795,-0.07542191151940189,0.19173336882179393,-0.11031729521059941,0.39716339478730195,-0.018972085242127908,0.48659918031457505,-0.13254745656864703,0.15390875518731326,-0.01887007174024597,0.384138139648241,0.16194755873637862,0.6743793453096847,-0.3638388136765035,0.538431120498856,0.1136425041280879,0.10651274936999122,0.1098477462478735,0.6321750322017697,-0.3303585341953918,0.3580464586593905,-0.002864747731357014,0.5927987808614134,-0.35907314301070475,0.706071282248752,-0.6158720338466547,0.7700011035357732,0.07184086699458579,0.23918160786614534,0.18215854444986018,Peace
0.010050404400221622,0.006755774413998856,0.9909157220176683,-0.08631143485987322,0.45181377337940287,-0.1738985997192369,0.6195081874926878,-0.0016879159850750666,0.23772722101430976,-0.10754345896550657,0.1878682247472404,-0.07085382265003054,0.3045601564532386,-0.005391302648713521,0.24846563765205676,-0.1534869547044458,0.4070185042193369,-0.015237617720415528,0.5488387052434134,-0.10872488919819888,0.20941464984119054,-0.05928713125930232,0.3524590092107143,0.156890498933202,0.6796366530031862,-0.4141918623724009,0.5739781426127795,0.12025709365671379,0.0827807082726322,0.08913949575234309,0.6317883556651397,-0.31326449928742756,0.3559518267852668,0.016299764368460968,0.5441804955587449,-0.29992948533109726,0.680171747819318,-0.5623457266350548,0.7598615841601052,0.09169712858117336,0.25528913171589024,0.10271530040356984,Peace
-0.023519559697817247,0.02893624719410014,1.0587416148626472,-0.061036694469451966,0.42539406552843595,-0.12764275839936418,0.5543205371338797,0.002620083190958215,0.25913639445222025,-0.09300357059691117,0.1470960531617327,-0.12282216387243756,0.3482043554804932,-0.058021857562391636,0.2828574149000663,-0.16896559338789474,0.4277682949177718,-0.09321976269587331,0.4613308683765609,-0.1337097582287975,0.27202892833361036,-0.016298867246014113,0.40155979754559784,0.17639197280740546,0.7067298554182311,-0.3738171750925005,0.5913968701052457,0.12524218057829017,0.13402054370876773,0.09076063313207772,0.6459372193880736,-0.32208332837586995,0.34477136731725966,-0.040084128276085484,0.5726266608763768,-0.2927448840613591,0.6592943232709106,-0.6312420319073496,0.7149298942086911,0.04693905157583081,0.30269559281435304,0.12772163230882963,Peace
0.00764320046915677,0.012537135359630136,0.9655819406829165,-0.042273631873485415,0.44331407184268895,-0.10486860115376087,0.5788489898206145,0.00296926277650221,0.22019578663657238,-0.09774607752508267,0.21276426214267435,-0.09238115074888983,0.3245187136987303,-0.06219297418914859,0.26298154499756,-0.12345566245051627,0.4194173504171949,-0.04159139026907206,0.4318779679717432,-0.1213351267326503,0.19049992933812,-0.054672652279485624,0.3536063533998813,0.15571820478406337,0.6610848484535198,-0.37834160081003654,0.5500253165710053,0.10597476916815485,0.13533884844345187,0.08336347003016979,0.5776254462725436,-0.2667532198167611,0.4106853541670291,0.01663241502761333,0.5789626115938512,-0.35086966133727365,0.7011463134169961,-0.6162974306493039,0.717494106741393,0.02584274825820941,0.24800626313898164,0.14105279405466917,Peace
-0.013347358474965394,-0.014635852658699346,0.987562233146343,-0.04108611644327708,0.5281709134926106,-0.16518323022732498,0.5927164959394347,-0.01214397717180399,0.27654900129195664,-0.11795813811887239,0.12379964442890226,-0.044741181486479015,0.27572353025051505,-0.11577968605611305,0.2672669399236766,-0.139213048992799,0.40192248728182145,0.025514536214291964,0.5082601445138208,-0.12007481488595924,0.20517281549985017,-0.04216597176413332,0.32334675579305144,0.15991035713174542,0.6999751178431569,-0.4054067949965331,0.5660847714152184,0.10390559056530058,0.11704026067812548,0.016775140121198615,0.6303269072524502,-0.3238519418380452,0.39160392791733,-0.04376536044995803,0.5720468410068366,-0.30782696465456094,0.6475695283742282,-0.5748134931251014,0.6911925137532126,0.06970790653071816,0.24490753077535213,0.1717342646538072,Peace
-0.005423042996338851,-0.02310168906612706,1.0322848324738945,-0.11222700177108412,0.4900991002625157,-0.1376364846122053,0.5716713211865379,-0.026984972460513866,0.2907693384007817,-0.0886507145402593,0.1219743496987911,-0.09745062892311221,0.3465904645022378,-0.03883430158956722,0.2523739975187995,-0.09722408435008391,0.46742026788853436,-0.06002320904778138,0.44623006137648774,-0.15739668136807633,0.20568098030648438,-0.08358635302165345,0.3248582677858614,0.23082815039484594,0.7169310648053808,-0.4275254778524909,0.5693822062472823,0.0711099552520642,0.12414005324554159,0.007836435300860825,0.653965456862231,-0.36346668961086454,0.34882839206247224,0.007281798548049657,0.5098983715542642,-0.3222796355459025,0.7214561989092574,-0.5589189865674812,0.745580168399806,0.07404225534723716,0.24849245812653853,0.1941180530083152,Peace
-0.04831853558675506,0.034862122329863236,1.0019739025915526,-0.06755701988890304,0.4870946289495987,-0.134993486728852,0.5583036170477568,0.004506271020231951,0.20997177213449647,-0.11261950804138278,0.15480836016584945,-0.08657495120024881,0.328148637890091,-0.09484755765837788,0.22835681456658474,-0.14805168134523058,0.38199734666213836,-0.08151323583204016,0.4863917227474253,-0.07590573633744213,0.19781883481541124,-0.08940554027925486,0.35734816135954534,0.1855173919134828,0.7377993236478471,-0.41440681717814026,0.5269813491404813,0.08770944302876596,0.09506883796807766,0.09618237888745397,0.6931368811581415,-0.3437860500154976,0.3654418663545796,-0.06089421873743307,0.5319581340359785,-0.3473177205075885,0.6925952436942058,-0.5993124441569868,0.8178399701144591,0.04537907647852104,0.296450520120452,0.11634834710928132,Peace
0.06699721589604683,0.01017194944256487,1.0213970183738876,-0.10380262211801167,0.4925514665751578,-0.14161567405821174,0.5712649434882698,-0.019302381387993534,0.24639315681717416,-0.11335894061971413,0.17120363861918897,-0.1117562654288798,0.2587592964417286,-0.022809463960378404,0.28401702999735534,-0.17816622121505796,0.47544430306132074,-0.014535679704326822,0.46742692738235087,-0.15183418016532435,0.2580000883994376,-0.09662908261522596,0.35528211732235976,0.1359395080557109,0.701265321221518,-0.36785599564627736,0.5816052165495815,0.1552441628388522,0.07886632204223881,0.06924383192802765,0.6018714904734171,-0.311220602824565,0.33886953162635375,-0.03480697657136525,0.5520465721249782,-0.32725156487976376,0.7658497886353469,-0.5198177319964549,0.7859588598527074,0.11302111900200892,0.3093962562730032,0.1354628573250201,Peace
-0.003747288151175645,0.007062007515617393,0.9899685189265847,-0.11727165827280708,0.47215640608849696,-0.19864597733934922,0.5867635190782168,-0.01674882484738894,0.2510882960351404,-0.09792853298486603,0.1345471861795116,-0.15400412534706956,0.2807650425367777,-0.028447556765072338,0.22849876672379998,-0.11135870408067286,0.4215934234083861,-0.06237019053224168,0.49678265497998586,-0.13856630411763923,0.23842261223387365,-0.06812481970349468,0.45142090144006497,0.14137533178681694,0.6903706280351695,-0.4213187598560178,0.5298017446872156,0.14647630555012325,0.07655867387586185,-0.005068599603081744,0.6595184805592631,-0.3273990884090012,0.35810159222845706,-0.009694190224401343,0.5479757367528538,-0.32900526772154093,0.7765641381671067,-0.6374564440218604,0.7048956238075718,0.02640752192932786,0.3204878590219375,0.11679577816706381,Peace
0.007206266245370109,-0.01422234608766971,1.0143850767579736,-0.08645170326117833,0.4708512243080737,-0.11304495369365387,0.5958423592699948,-0.00895765961879246,0.26288147361891867,-0.03110505381060351,0.16208190439170891,-0.10023150981157986,0.2752890189574422,-0.020462309495525202,0.27138883894465815,-0.11880250226058574,0.424725208232253,0.02854095663629068,0.5120161798100722,-0.08111854410550605,0.22841722932433575,-0.059487439770225595,0.3942953069999462,0.17141711443481156,0.6995750673967479,-0.3979153794912103,0.5549734161505218,0.131314204328956,0.09182292070406085,0.09533551617079328,0.6203251932683409,-0.3683119821267393,0.35192958731176976,-0.018080286938334682,0.5878401580183243,-0.33860365862249775,0.7188860744267285,-0.5387894406092717,0.7660121082996197,0.035450296873718756,0.24632038554954616,0.14918428083856464,Peace
0.04876020936375299,0.00042495478147264767,0.9913292349081598,-0.12715882078322102,0.4523296420273605,-0.17311948945028294,0.5834502510900132,-0.03229035808315964,0.24366174851445013,-0.13393266663387568,0.17333966949676163,-0.13056397019724442,0.29923513041077093,-0.03373106963683559,0.23161056521408888,-0.05740061798961503,0.4492178393778218,-0.05591903644950081,0.49739638889975013,-0.18898208758986254,0.263362519902996,-0.04018270713606883,0.3731375999810593,0.19236889078353211,0.7217235642523749,-0.4243027254675287,0.5817625727538942,0.15616366412176846,0.10306732860434578,0.05874656743005212,0.6475641462626391,-0.2668468530597365,0.38476791314651354,-0.06489088224823836,0.57651744872989,-0.3041936313835876,0.7375464843487889,-0.5718594861899187,0.7323943796644945,0.01812440554338294,0.2459793445849286,0.17237254444089412,Peace
0.005938694600975409,-0.002993634402809293,1.0351577799658238,-0.05338222280945397,0.44118588181324625,-0.11563245482395927,0.5328768389441518,0.026880709961908087,0.26375871406807744,-0.06917117888188644,0.15656314060896137,-0.11212560542504023,0.31143872530876077,0.03860260418682473,0.2477012459786545,-0.11027192590577814,0.36066753186047346,-0.08125594074356779,0.5019163886752738,-0.16675506766643666,0.24289272970169865,-0.07729336786161599,0.34431679537021764,0.15352831269205267,0.7469142526814216,-0.4018090123027328,0.5430446201865139,0.1479621234464107,0.11431254663103549,0.054885504023093064,0.6674398321657629,-0.27811153590046844,0.386788593936452,-0.05021142861724881,0.5235453775202427,-0.3686043882653722,0.6829576394630154,-0.5838784003289017,0.734881505822925,0.057753244354545014,0.31880683327097015,0.12594686215137807,Peace
-0.001463223497690221,-0.05452775516848723,1.0631282104241881,-0.12554751885068688,0.4420526072874058,-0.13079068342664435,0.5900200430110711,0.0623899498138675,0.27511987181808667,-0.1061031577981759,0.1764553063869269,-0.06994956108489875,0.29660084469879905,-0.013303983830546658,0.2385541976582543,-0.13128853389176984,0.4255903831503063,-0.06785865996914994,0.47331561290155966,-0.0887777665133342,0.18054259753117863,-0.08738841559285955,0.3955743541621967,0.1732064165261248,0.7308334664977743,-0.40107358160373746,0.5303465717477321,0.12658696045549506,0.10545683034095582,0.07334593680317189,0.6246163982040795,-0.31653223457202156,0.34444608024322737,-0.0697547800681125,0.5150347473580852,-0.30611773985651225,0.6764793276715747,-0.555576118754251,0.7256225637829091,0.01977489237564275,0.25457886773793076,0.19896542652086688,Peace
-0.002868323375490922,0.01937600004996694,1.0013531807857694,-0.12822623791482737,0.5067271458027816,-0.15909699912746733,0.5433188929229651,-0.002272643548404637,0.24733213929703546,-0.08118025055600334,0.12470989490328777,-0.026178431461431964,0.288290538065005,-0.023835016548542982,0.18600285029685826,-0.13189515665198373,0.43231941303910254,-0.09002273141360595,0.5313247117675901,-0.10528509242526982,0.2168815507462883,-0.04282928218024466,0.35753290981077845,0.21293479737312676,0.731547044991756,-0.40060984793421656,0.5887084729439794,0.08038604157413091,0.1334287495106133,0.06334401240921325,0.6694159928956861,-0.2858187582626746,0.39154007794236617,-0.061431756127845724,0.53130195403404,-0.2503701254747262,0.657042816432671,-0.6057723821830739,0.7447719083043999,0.0605187417969495,0.250616634480693,0.15461654350590345,Peace
0.02706250312801501,-0.0005450289872639756,0.9882343706973952,-0.08673816251828792,0.448337424662854,-0.20260945309841477,0.5916620029747524,0.036069433117336624,0.24890164379654423,-0.17161698171820716,0.1279813389619436,-0.07761713730491203,0.27325815216415894,-0.02131834475236224,0.23185954868811343,-0.12874745118445297,0.40072539933592294,-0.09050270908746577,0.5293807413844511,-0.09384422098365024,0.2457523955767423,-0.028282942763026547,0.39041378083795686,0.2037173379743065,0.6811710645576784,-0.37048094332906983,0.6090106433051615,0.13611638690270564,0.08078055987172787,0.029618870487680082,0.645524356639029,-0.2577665695783736,0.3264235197155201,0.0005433868356910856,0.5447737680863206,-0.32940130208380164,0.6673593088995557,-0.5954188593748219,0.7628780509732895,0.08230317703979428,0.27389291922696535,0.12110979140552972,Peace
-0.03310671606696716,0.001852754004306779,0.9853404373615485,-0.07973485415671061,0.4536211174274766,-0.16053228843331319,0.5874030904478998,0.02366013564420707,0.29023710084919346,-0.11377428628328087,0.16149762583316446,-0.05068013768998768,0.3335678972670901,-0.007267335608524467,0.2266032123611449,-0.14979486587465504,0.416521160807891,-0.05802343035533952,0.5184780828498183,-0.1402099104362356,0.22375192738575353,-0.023294849818687624,0.3817986421708422,0.175068891191762,0.7082430155810987,-0.44563812499276706,0.5360451180917829,0.07705551532815923,0.09562084992936742,0.09389038954246277,0.6616322179510192,-0.2740051851914711,0.40487530148766626,-0.025659446085432202,0.5569787027703108,-0.2735394276940695,0.6815926227371292,-0.6082000501893101,0.7333082048293821,0.045497050697064736,0.2682669791692978,0.11063358661403169,Peace
0.011091994342899973,-0.017073361211714495,1.0331351812787233,-0.12190726193302473,0.45907406394052347,-0.16170977358007463,0.5895609675446399,0.0408954961896966,0.26150578933792973,-0.10752237221157651,0.165870441454555,-0.07949805637846538,0.3244816014413935,-0.030567110596278972,0.264621098928075,-0.17750199843968226,0.4107782283157454,-0.04514821586266744,0.47760512282310874,-0.12696379864994065,0.23765781097567912,-0.043610258008621006,0.38934411530600854,0.1516266964492903,0.6585539861204653,-0.3876799464768659,0.5480852462943867,0.10035616718899919,0.062367850545918604,0.10085565128723845,0.645025427775497,-0.2980383230168795,0.38193517041287406,-0.0312699835325435,0.5892975881834885,-0.35372246321873,0.6700548684648215,-0.6070671555477939,0.7561246433335651,0.0743618808630519,0.2526397156932621,0.12916102688466202,Peace
0.03804211802385696,-0.020833085878592787,1.0051520502256457,-0.10664177296042962,0.4961374781702916,-0.13280955930456925,0.5406666270843883,0.00527033081545702,0.1911492584143738,-0.0766509688307152,0.20655205884923922,-0.17020203306096643,0.2735926468121518,-0.037175262908378255,0.244668268230523,-0.14050955181835836,0.36917378414190505,-0.04673182889967349,0.5129787628947493,-0.03290982849816802,0.26562940235578575,-0.09450108698732103,0.3749755923340289,0.19315573194436095,0.6804402435113919,-0.3884111899011545,0.5914590452171498,0.16182271934924244,0.11348767890630491,0.07487905655040505,0.6195266710026365,-0.34710638280321027,0.3678191190606686,-0.04211389037138762,0.549701017173323,-0.28416465381776224,0.7436907990516176,-0.6099050700654118,0.7371616702289995,0.0461731948681942,0.2762644360547474,0.06814584667904043,Peace
-0.04382513955128341,-0.00352484799115217,1.0198725226172065,-0.0838115747062263,0.48340346061381756,-0.1457430935021397,0.6209229570768494,0.0576709881698608,0.23070557553129661,-0.07715527606741354,0.16037637677560782,-0.02964875510844578,0.2924705569698397,-0.045696931346428396,0.21425382353973058,-0.15737228362726477,0.43286930530879214,-0.05026893118275403,0.5025968801535854,-0.10272678013732299,0.21934160210694878,-0.06281577929002881,0.3462083726947245,0.15435877117236163,0.6993840336403525,-0.4059006606921788,0.5916813482666994,0.14296774767093268,0.13613269927525132,0.03714410427224521,0.631687061093581,-0.33487316165434866,0.39956724699691215,-0.045073084265969794,0.5935677578768563,-0.27423478452756156,0.7150261875412652,-0.5640523067460618,0.7446339427709925,0.04965616889209852,0.25369563387982524,0.13171167563689604,Peace
0.05473135171437298,-0.03125565644898541,1.0024273432013269,-0.06473111790421152,0.4547269731818158,-0.13917987369550194,0.5374962154840227,0.05284565609435079,0.2874539234894941,-0.10661741324224958,0.11873771436244412,-0.0810018550333427,0.2819620235512013,-0.07233358739276188,0.2436137478071461,-0.08264294965456428,0.44051984033749864,-0.07584508889860592,0.43589040909087495,-0.11707377955184053,0.23395341826872904,-0.057723009676748024,0.42952408507583223,0.1714355936126461,0.6326244757118177,-0.42402573669273286,0.5839970488754646,0.13630884713972666,0.08412004772122841,0.05605820146498762,0.578675936868956,-0.30574090228176953,0.3510899516336812,-0.022521371158773316,0.573655612524126,-0.2805863173780041,0.6739561255980258,-0.6116635362132842,0.726255586472723,0.03710155262540199,0.2420548895531789,0.17948137057437286,Peace
0.004452476146148832,0.059171803878842445,0.9961969537973042,-0.12122659030181236,0.4390130108961534,-0.12092868442143055,0.5486187177557103,0.029830661032811755,0.2428168862716816,-0.13155940344098294,0.18672838228604288,-0.12244578055055053,0.2915784768022522,-0.044561657802058535,0.22997490175395066,-0.0617346196462087,0.4531131034607065,-0.07415600647258225,0.47209323399858705,-0.1789028402128271,0.23053287422442445,-0.07795138751724814,0.37797267613367996,0.11640517745377257,0.7002853968574225,-0.36085141076043636,0.5719819463560115,0.10146146226565124,0.08880639456098458,0.0643972849615897,0.7044196176355918,-0.3182992828450361,0.3251498358193643,-0.02935512239325395,0.5647829314386963,-0.30094948954871864,0.7252959341443833,-0.5141782890125188,0.725604677356279,0.03857285765174566,0.21119308248002777,0.15598379034979698,Peace
-0.026619430963174318,0.026752928397438598,0.9815400190804717,-0.0342915576770225,0.42025304175268446,-0.12097457973216846,0.6097495467489096,0.028891654858821975,0.22000155117663522,-0.08773011165178349,0.14893903254549734,-0.15969648577332987,0.36315379723230307,-0.05256320789298358,0.2896585634199382,-0.13021404016726426,0.45077216655840124,-0.08222098715113581,0.4927863959661945,-0.11400113216696464,0.21670273386990213,-0.08161629164652393,0.28332831274369896,0.1500206180460919,0.7221033603443628,-0.45366843641414606,0.5347137023241831,0.08165604362622628,0.09568703979759602,0.039522549494374545,0.6752749127289072,-0.2862754337548373,0.3672523568345789,-0.0208803776228015,0.5360284921240263,-0.3406991473191856,0.7239538750349022,-0.5454423108687014,0.7645424595638615,0.04505187028438924,0.2550775144690587,0.1081814738941744,Peace
0.023047615117736557,-0.05884366686120902,0.930161977342336,-0.14621607800335887,0.39897756994125666,-0.11094811778780493,0.6062384307716342,-0.022863536345596222,0.250341474945638,-0.059690925045589156,0.16013874894896887,-0.041357511421825754,0.31297762351747865,-0.061849633806650796,0.2127887575385932,-0.1274748569902214,0.4493843164070481,-0.053461482800848656,0.4756074973470496,-0.08062377890127857,0.24227752757567125,-0.05894270212768116,0.3523345964655293,0.16776011655494563,0.7152705036197979,-0.4352220162308939,0.5333481233560169,0.110297390179117,0.08794410554594718,0.1072234520021456,0.6038635023170275,-0.30151158206043005,0.3529214907168331,-0.03683709119775892,0.605097923390045,-0.3153820044195823,0.6752164312859684,-0.5461816699314446,0.7679318089056609,0.029134216619442797,0.23102907490405586,0.1484497690895374,Peace
-0.0009890675622486714,-0.014117481141267827,1.0279780217276981,-0.10383871771090626,0.47590513549718816,-0.11642301379422565,0.5724603440600804,-0.04177860033698133,0.24142742864441594,-0.09798612401377695,0.1752229686044804,-0.12042362016802688,0.3680984109341596,-0.08115953677748608,0.2501463424756262,-0.13535908767548088,0.46171511145363847,-0.10064464922238561,0.4991223900804177,-0.1256463409176363,0.27228499318226085,-0.08039636766576137,0.38779188254371505,0.15024765408776403,0.7067299522597763,-0.42289249612936436,0.5588008188613189,0.06507886873404804,0.10185791823902224,0.033857572938616784,0.6051642349613463,-0.3549725271351788,0.3295671541640804,-0.014984474630201517,0.5724521329581096,-0.29790703972310645,0.6718136518520974,-0.566400622810631,0.7250130824163314,0.08781124062724067,0.2795975954399963,0.11643862754691692,Peace
0.03121726605954711,0.015220330219239738,0.9546789816806323,-0.1362159622697808,0.422827673806288,-0.10218689333695014,0.552170391083433,0.06937856793535002,0.22149990465462965,-0.13888058791936042,0.17153136475349406,-0.07702310013387684,0.3330803627492718,-0.021911556601724502,0.2211733792784566,-0.10319410079978526,0.4285022848109971,-0.06739349548644413,0.48919194426988305,-0.0865000174163166,0.23816628278041563,-0.12027367001009434,0.40206917080763827,0.19983256170477595,0.6897161465478742,-0.4083091011508675,0.5737399040538217,0.06531814059786442,0.07737028703545605,0.05543543470876505,0.6339028173473042,-0.3240894578844449,0.3811338879927515,-0.0542727345770168,0.5862192492842239,-0.29934610603743034,0.7434356302714895,-0.520830100553701,0.7956881430489219,0.02360081104605035,0.2771427518625211,0.11460058965892302,Peace
0.09840898769067354,0.018422140769543703,1.0387784261788608,-0.07300921172487887,0.3841949558509924,-0.17516929578123602,0.5620667816439368,0.0013903033779866063,0.26430651115386433,-0.08862465452860915,0.06631269713009846,-0.11189638638623181,0.30182932389869344,-0.0007637157043990997,0.26298937066161954,-0.13367652233631885,0.42801280937531955,-0.10704592493048917,0.5061939086812942,-0.13018555957857814,0.20218940150882841,-0.01611265203399622,0.38353975934920975,0.1554304723954786,0.6829562925496064,-0.40083435975822634,0.5790028504132605,0.1255846794199008,0.0533197046504007,0.034660826443894434,0.6162152040679153,-0.3141984178909976,0.3600093030228148,-0.03479799839212351,0.5554895854714028,-0.2613810006017112,0.7281005812352369,-0.5371975688813656,0.7574025081533745,0.06134143014657864,0.2791159239830936,0.14290878252678849,Peace
0.024239346258346586,-0.02925421399945301,1.01803147932654,-0.08105853676651446,0.40904563729261234,-0.1490906942338165,0.5434477358378504,-0.002955568496686106,0.24874374235361318,-0.14887769232629025,0.14352055483440954,-0.10273475714883466,0.33905781949416974,-0.05580782592399998,0.2534562826687913,-0.13104657913761908,0.40875426257338976,-0.10655255265313844,0.4830053381164551,-0.09598401703871987,0.19839926097412763,-0.06207312306803213,0.3732177148760529,0.2084666192543524,0.701991321652772,-0.40316892868804843,0.5700980301071356,0.10993275312796318,0.055386178781554024,0.05777258412503381,0.6504654025466793,-0.30462173392842823,0.4056341428074747,-0.001623306521561712,0.5961336713191616,-0.37878666682888185,0.7500031062089604,-0.5648397237179983,0.7557423522791091,0.08605017034692662,0.267456696047076,0.10402276092322574,Peace
0.04342222899389017,-0.02304666180371661,0.9667175451035717,-0.09309932428000867,0.4516781303856905,-0.1515481398059055,0.5796880214753601,0.05350825473197263,0.26729914011782774,-0.12939854563502795,0.12351766256786834,-0.11643445889069236,0.30487957739714844,-0.057637189519877556,0.2121697719978988,-0.11947213254112017,0.4076342495832747,-0.08498927757027865,0.5009176031891207,-0.09288473199759623,0.2190416517576743,-0.0020950162935284566,0.44179795563981716,0.19030010490173774,0.6870237653612603,-0.40374294331613847,0.5336244195616235,0.09854601965020762,0.03893972215625232,0.047470797572128326,0.6016890159071664,-0.28959232301094495,0.3387738791483408,-0.021700228874579695,0.5813541275252203,-0.2826780961940877,0.6920203423981108,-0.5635249466096188,0.7537496334233602,0.09733209142275664,0.2903239191671856,0.1752345270119266,Peace
-0.049939543748418455,-0.019928130302155525,1.0272435715147648,-0.06864924172289878,0.4595068820504106,-0.16588384133354966,0.6062948062033938,-0.046292950438278274,0.27728519770564347,-0.10094398827981564,0.13046760479382824,-0.08971557240385555,0.3048241350717097,-0.04132430337369774,0.24383465851249586,-0.10584829894470082,0.426077839294937,-0.1137088233323256,0.4445905332612433,-0.15084437805676276,0.24010710469503857,-0.03883403458340129,0.4254430502115081,0.1449604879718726,0.7403656760337253,-0.4699479098967446,0.5708904502437753,0.1320580298785083,0.09666810400536222,0.05703688151446089,0.6422014911687165,-0.3453706120874745,0.3872034795199427,-0.022505154616473875,0.5697839367079733,-0.3261888623859657,0.6927836898949767,-0.5571021447528547,0.7911738039051773,0.017360417259114337,0.2234950715508505,0.144120336719993,Peace
-0.009966002590629514,0.0037231731501748138,0.9955753870500669,-0.06741001579422272,0.4546733455154882,-0.18790869852972733,0.5589386510317668,0.008280812058060512,0.21587034808011948,-0.10477025346356962,0.14695542999303124,-0.11552290745708436,0.322682271554017,-0.09062322284134314,0.21662650238230946,-0.1624651632533129,0.44769808679786177,0.01274968627849167,0.45992875993717175,-0.12537665906981807,0.20560788741321667,-0.04890285000484562,0.35708007518627727,0.1838767966033151,0.7210388854387384,-0.4485262980841639,0.5785031409847907,0.07088024718059607,0.08172437737506573,0.056614334282749194,0.6317905118974503,-0.317675838660152,0.34640082129905836,-0.03797233297192365,0.5660610650568227,-0.30983065231771084,0.7060790589784307,-0.590051994287207,0.7758846878540986,0.1049300024868372,0.22816474734330966,0.14106225202682288,Peace
-0.014044257975734773,0.027767941586849983,0.9959112404517918,-0.08447495839273944,0.47810728312382983,-0.16058851358865697,0.6329587021864659,0.02838655355439191,0.2814676869955063,-0.11028130413996405,0.14144712047401806,-0.08044005367402977,0.3377410755880508,-0.07965492138545265,0.24905101043369118,-0.11396905829721196,0.4173933659095382,-0.045067406828427574,0.4837135199009691,-0.18572192027946427,0.18708402149251613,-0.026290074203299357,0.368000927156212,0.18108413015817243,0.7009783828473549,-0.4365704989123004,0.55634535736435,0.1345704121823125,0.10235028037919472,0.13197703116158177,0.6243323580495748,-0.2581948502186388,0.33543618842903394,-0.015340861807716353,0.5642531128894723,-0.3215943350745989,0.7024533250815606,-0.5915225213349894,0.7705917250703704,0.03389089875942395,0.27634295440411405,0.15880992735564667,Peace
0.04152609280163157,0.02915308406693931,1.0134619498799788,-0.10520225572433332,0.43968499385289406,-0.1858197113866397,0.5456063027817236,0.013052240560565103,0.23169696107526577,-0.06768786722635212,0.1277639425747833,-0.10196112433979944,0.30846629448705803,-0.08431058853699835,0.27790525748661615,-0.10731973412485496,0.4456180473271305,-0.03858683399145875,0.4635687962864864,-0.14052086091789828,0.23997039392747457,-0.009252020249557888,0.3869117016041779,0.20474740060642865,0.6853119169681534,-0.37887602264834175,0.5577736597549985,0.13190670601455345,0.07843556344691492,0.0929994322574791,0.6657474830914573,-0.3526174573727106,0.4010075699427154,0.041293408162698705,0.5482569538125786,-0.32162241568924,0.7398059724646464,-0.5708410479186412,0.7433553591054622,0.11607841199371358,0.22618826195242642,0.11246528344431342,Peace
0.012534689806675747,-0.048586337816271016,0.9850987909859551,-0.09753526573209033,0.49211146302875597,-0.1308767537976917,0.5321374523996463,-0.007699338545641083,0.23281777362345338,-0.11016191256355032,0.11220637463331576,-0.09123936120179994,0.2955799954611509,-0.024536207335362152,0.2451364052242557,-0.15737645083451643,0.46295070374180397,-0.013903434770436068,0.4950637067926334,-0.1254955783461155,0.19472198029043775,-0.023406206132911014,0.4000115207195759,0.15097352195050873,0.6804837049266663,-0.3981039360221698,0.5350943990985066,0.10593133516468572,0.058203426359100384,0.036074726758141724,0.617062688586972,-0.28113390033324925,0.3086122405058389,-0.016994339220707963,0.5666553542878232,-0.2887680556167954,0.7103345482513568,-0.5842092513177967,0.7190152966432591,0.08888170019437475,0.281725619322326,0.12134010758383884,Peace
0.027267351724999816,-0.013376346456183415,0.9962608105232271,-0.10420480808617244,0.47927350555409337,-0.18148808533844568,0.5736766092225414,-0.006542251792638039,0.2614308209961219,-0.09200999871380912,0.11200796250884591,-0.09259585779620756,0.2721039060295321,0.023564329727694976,0.22987784046080365,-0.09670637671513647,0.42733737643641406,-0.04918136876835223,0.45137112956095227,-0.09301616618834582,0.2278701786491131,-0.041435416568552215,0.3726109049835284,0.17929469218839822,0.6744729391101377,-0.4163982822523629,0.5577610352694613,0.10353479194448403,0.09345616849912673,0.07722635572172776,0.6461877837047985,-0.3113818488135095,0.37358190656695767,-0.02273394126062384,0.5618427504383666,-0.3128338379402746,0.7381131683304798,-0.6089962784198922,0.7339167033119183,0.06931458823577737,0.21933509972018722,0.1776117118481074,Peace
0.007644536271734438,0.028707052932712203,1.0298819228446936,-0.07369670896251396,0.39628043725876505,-0.14723151818084299,0.5889908772703839,-0.019511640962246737,0.1998292584436769,-0.08981455717699949,0.1076570802050581,-0.04294628319194635,0.3242997259946579,-0.0016495138903265746,0.24615693452024004,-0.10563803182491627,0.42290030259633066,-0.026268045887657153,0.4252033902902796,-0.09167495664411232,0.2464736895197076,-0.06016415697157455,0.36305741812893816,0.16642033278560636,0.7095710959885507,-0.37539036900776224,0.5543320352857163,0.07364891514240321,0.16395782583563123,0.08647198398258296,0.6269282749916435,-0.2726486233985041,0.38925945197050316,-0.015230396409980104,0.5446053835436825,-0.2977986929698132,0.735309843348223,-0.624446253546538,0.7502094378656184,0.06811462106041527,0.2747994766375334,0.1375196858438106,Peace
0.035582192260617054,-0.006339507992314917,0.9962055030093779,-0.07660033728747985,0.457916162602942,-0.19324238253528392,0.5890581711751939,0.01985805302603914,0.24256450970379795,-0.10763408375691916,0.049736683132396764,-0.06853661798092589,0.3434365128160812,-0.08232980082994937,0.22495801518837974,-0.08472855583295703,0.3866568643398105,-0.042081473121843335,0.47159284540392665,-0.10601513326023998,0.22791490544639306,-0.06403656210739668,0.38698799086642555,0.16060198472544607,0.6475611007484265,-0.43964321801005324,0.5389219527726133,0.07657835313954131,0.1005023982987105,0.06114174632885707,0.6492828553871977,-0.2926914843003143,0.3839427000188573,-0.01779121538561365,0.5295286763996907,-0.30043260278181405,0.709277220813673,-0.5071409282040679,0.7437121386026453,0.07065634354907917,0.2639724085302381,0.13760105286922172,Peace
-0.0005584006224928853,-0.013038707286019562,1.0016096762206945,-0.06741748356614025,0.45067304804096675,-0.1265951461774425,0.6040635797525198,-0.013313505849903996,0.2246087703777171,-0.09022003425783229,0.12750671677222178,-0.13616011887903473,0.3679125309248653,-0.07118469234443439,0.19951416909442943,-0.1516949983168382,0.428251830471116,-0.05422867147890096,0.5429697502412849,-0.1413711803939779,0.23349545690131882,-0.021684940577409433,0.3555618592140815,0.19650512654296862,0.6461229539113216,-0.35904891376511905,0.6002004443642581,0.10428167796089832,0.11431492964329082,0.10572023403097028,0.6000045658984012,-0.32631036193765894,0.401631137331338,-0.027974680936878202,0.5720019192745018,-0.3157124516811546,0.7293677439474161,-0.5574561223613717,0.7466611063241152,-0.0038814294574283856,0.2860174957101155,0.15801140664810162,Peace
-0.03718616618271082,-0.03514796724706808,1.011817024358135,-0.08024054478580545,0.4040144409644367,-0.17632299595711662,0.5920495628315869,0.03339466777996144,0.23598988555148737,-0.10808833091599097,0.11875222715075752,-0.065071089236104,0.3216432558660435,-0.062225513899916235,0.21053298957396205,-0.1661908177281738,0.475649026237009,-0.061640589124780834,0.47436771463099253,-0.124716706396746,0.20750447110757644,-0.05874992202144122,0.376380186777031,0.17584350626516512,0.6632101529767972,-0.38503862054599536,0.5537689285248247,0.10494202746084305,0.06830561581230306,0.03475059625323936,0.6466985533715225,-0.28146456579821555,0.33955895835703565,-0.08529264118153025,0.5281034963752645,-0.3312669470181649,0.6656800192945042,-0.5908060222478748,0.726928783678033,0.05870464931358338,0.22316854280709847,0.15353757853809447,Peace
0.04982816456099368,0.04287351616440305,0.9787677420690993,-0.06601064199508275,0.47976586259914683,-0.15296809972062622,0.5879444390997797,0.03358567561066671,0.28002073627746465,-0.1280148041630919,0.16756353202107666,-0.05479492375638655,0.3428710568007894,0.0038990220432219766,0.16771645183385558,-0.11031292478536192,0.42922992275668526,-0.025622692882220383,0.45258456260898794,-0.13350362471394647,0.25342686668110054,-0.08732966395281888,0.3826017623924234,0.17488524281373302,0.6952101669311104,-0.3946305906845345,0.5368926878976608,0.1012984244282637,0.08524293244487052,0.03028927609204486,0.6755922774828943,-0.3322770390913168,0.3848385229172768,-0.05626396682849655,0.5800428504877998,-0.3660838287727502,0.744881540668777,-0.5387900814246137,0.7268970831627785,0.034400131014777194,0.2805512521696708,0.09035099069421282,Peace
0.0010425626038275343,-0.02422765304753519,0.9886597630297078,-0.10538575996204358,0.4393071894352731,-0.10051852010401172,0.606050574364635,-0.031301527760268975,0.22724506000323916,-0.07794116538099272,0.1741933956357314,-0.1463412803305353,0.3373637530010023,-0.03424399193148318,0.18697193358723854,-0.14028012821600402,0.417217485168924,-0.054980479637906914,0.44673586371673935,-0.14120985708633615,0.20772245253222868,-0.07160987872887645,0.35976241125129743,0.17141441297346496,0.7103771853904033,-0.3585847782120038,0.5964843741254386,0.16420782956246005,0.07499772575756884,0.03620705253988439,0.6627073816793231,-0.30880035316495835,0.38315816891993615,-0.056467874357628345,0.5783742472665465,-0.32307585313164006,0.6887960491033936,-0.583846744547313,0.7581875909238914,0.0823935894674229,0.2558247520630415,0.14646347220102515,Peace
0.010224491829995337,0.02215010580094879,1.0258965222865417,-0.03173365521165215,0.44930313682639617,-0.10786204784294375,0.5861465011163661,-0.01974967445745557,0.23400492756484326,-0.08968583265455368,0.1668456116793604,-0.1352768351627848,0.2934890798417163,-0.05818836512124123,0.2193209918822647,-0.18458674637162936,0.3547229732705399,-0.06788944726387851,0.493915726025131,-0.09865182375803544,0.18554074247244778,-0.09589978075086486,0.35949447657575123,0.17549367388755663,0.7313515349489947,-0.39027988787173457,0.5593228663846298,0.1355065870157004,0.06411421913437422,0.06855511971666699,0.6367919246218968,-0.2661849562735759,0.37605528743081373,-0.053122419000158176,0.5361002895291368,-0.3278111145261873,0.6556890985041495,-0.5797446829222164,0.7391648121170042,0.07316515634608235,0.28518093735913275,0.13910166962996645,Peace
-0.04889978059918683,-0.036631395934432084,0.9781359187800645,-0.06650155337078685,0.48181396755432626,-0.15914549302559233,0.6534261821575321,0.059941389256866096,0.29071704408181853,-0.08264489162326112,0.1588890429368476,-0.09322151837761772,0.2622547336893892,-0.07373339611931509,0.23855792893674865,-0.12434802180187751,0.4175686889741613,-0.04826693036259741,0.42325433084406083,-0.10314946287621495,0.22827489136604098,-0.06116310599183308,0.4031516957046897,0.1440273987998128,0.693981241358251,-0.4032789976054866,0.5447673722607524,0.0646016085347027,0.05482919299791739,0.06438312942985555,0.6311940311030169,-0.3088620064434168,0.3414703295923462,-0.06936678259667092,0.5630271820497551,-0.322814058373935,0.7217581251202917,-0.5952746150656464,0.6828490286810955,-0.018964449376412305,0.2547731003602348,0.13997145221185917,Peace
-0.0069693756588548985,-0.016954513569637456,0.9485475940933042,-0.14275116297105003,0.4742764918519245,-0.15849038172643384,0.5717287204217242,-0.03315816694261817,0.2245317641489611,-0.10231150577574788,0.15367126892554783,-0.10971600342320478,0.3577830903251349,-0.05945968229116285,0.2838281901845007,-0.12167819382544476,0.42454638792806304,-0.028459552304545412,0.4676295269118146,-0.12819549573604383,0.18970451771042537,-0.027483231583921828,0.3853974979059358,0.20832720085803802,0.707233989031492,-0.37872028349170167,0.5479390377906482,0.15431911758628197,0.07748594848467012,0.0664007051376796,0.6605152888127135,-0.23847878767997974,0.3858502211273815,-0.002568483571499948,0.5425555956674689,-0.3131084288105557,0.6997470606173958,-0.530614087541204,0.7390965625503175,0.09902560554757199,0.2277677755930855,0.17809749709982053,Peace
-0.025842025395545677,0.02561652472262409,0.9703591526139709,-0.06751987910991344,0.43438063360656765,-0.12056791659005109,0.6079916338426398,-0.004926261023069553,0.27086199741594674,-0.07524165681136635,0.11743321871288626,-0.13580888478870393,0.28426646561119684,-0.07858494642674174,0.21293924715879897,-0.10044055038960514,0.43803787929735893,-0.10731529941467571,0.47104833777415245,-0.15305448962249346,0.25225667058694656,-0.0690289793146664,0.32899951198426547,0.18049835233401687,0.7192828501810318,-0.44042250294459423,0.5624102340185991,0.09763006333796014,0.1267418180718428,0.05338400294101433,0.6170094774950311,-0.30985378978388983,0.35502215501704276,-0.009344065804096996,0.595398351081384,-0.2811096710086683,0.6911658578196676,-0.5636906625833831,0.7881295857151686,0.10497931422834136,0.24053999215386115,0.15390153384762562,Peace
0.012696167183154809,0.027791626333340994,1.0335975935231807,-0.1172995771086597,0.44253789927104925,-0.12443408214352152,0.5870751925100255,-0.053722874521779033,0.20353098888188742,-0.08378744202207075,0.17030611799874576,-0.14527343058935782,0.34938063440409844,-0.04810928534822339,0.21454780864556566,-0.14499307336566047,0.38462008787797497,-0.07491256330035925,0.4302864082096813,-0.12053438043073844,0.2440243253295211,-0.09596235625284473,0.37584294278757036,0.15125383945560691,0.721152111998018,-0.4812437626864083,0.5917143769605117,0.07016922995357687,0.08312218592157752,0.04505720355269131,0.6278435356086373,-0.35419574767173856,0.41105276413146347,-0.06859575994838721,0.5226873261242455,-0.2639737509867778,0.7123041277197117,-0.6104717672816307,0.7396109581293397,0.05209746589851724,0.2161876516674283,0.11338629952777843,Peace
-0.0007914213562590242,0.037992537175126566,0.9906241711912661,-0.08947965305825374,0.43880324829328055,-0.11878562139650226,0.6097039224095545,0.036774404894340924,0.2568746280983489,-0.15162184311815038,0.17773288728688724,-0.10306890702281647,0.3071478618956729,-0.028741093558694895,0.2519477236540471,-0.16026013647106174,0.41167844881485777,-0.11355801757139725,0.4889341463743087,-0.07841555894176075,0.17254231056762687,-0.05168076513473964,0.39538669068271765,0.1998841098126335,0.6787023941124645,-0.44487847183739126,0.5527461525653656,0.160428058775951,0.038133726948560424,0.029845737195617963,0.6249015388771296,-0.33758416150577963,0.35999845285362886,0.012436910562785532,0.52280238089927,-0.3222093538342763,0.7023755495554275,-0.5828816590348516,0.6961218391240185,0.0400345843117845,0.24777208624817335,0.15513929601745263,Peace
0.012587378930955132,-0.046556872485923925,0.9846749757475437,-0.10107795307534621,0.5218991069336039,-0.14289294942370062,0.5503111172936099,-0.010209575973154127,0.24216310017039974,-0.09279360899929384,0.15968041870646332,-0.09877432018020656,0.3101126501711753,-0.04627487514118411,0.24135295574678306,-0.1816714935827813,0.4194636360101287,-0.07375285547275853,0.4367684407127981,-0.045782914619700424,0.23574987287129467,-0.05514650948073501,0.36419849495100826,0.19730007406036007,0.6662190791608804,-0.4211926787057256,0.5417925850388194,0.14634881348730805,0.06461816193269972,0.0993645813961832,0.6356863617847894,-0.28507932206360387,0.37324440144717624,0.0017784773997884702,0.5308616364226616,-0.2906496729909441,0.6467454190405639,-0.5715502687144022,0.7270969304373647,0.017033108457240098,0.240011513044867,0.11691450555994527,Peace
-0.005896550463115981,-0.01574548955547578,0.9986898456942367,-0.11097504629749062,0.4489525173920465,-0.16033432678397513,0.5880971565344486,0.038559780160022275,0.2791293523582228,-0.09654011650697515,0.15804038081976413,-0.09543279198558566,0.3069663422643568,-0.015177375336937471,0.21778759976469372,-0.1896285607133201,0.3900577030568084,-0.014341609345798749,0.47749035318140964,-0.11009552177528192,0.218192264194575,-0.038689647364293187,0.37745371464907324,0.1733356400239319,0.7195014369886041,-0.42578188810600587,0.5815200449999532,0.11946027804483299,0.08619760871189257,0.04176682206747405,0.6321859539313149,-0.324551301475831,0.39514624027888284,-0.08052101753583994,0.5855947310468512,-0.37014609896001277,0.7187395477657407,-0.5979759786041855,0.7604642563315053,0.05552857973660628,0.2238465761180035,0.1768927335436398,Peace
