x0,y0,x1,y1,x2,y2,x3,y3,x4,y4,x5,y5,x6,y6,x7,y7,x8,y8,x9,y9,x10,y10,x11,y11,x12,y12,x13,y13,x14,y14,x15,y15,x16,y16,x17,y17,x18,y18,x19,y19,x20,y20,label
0.013183580713739717,0.038038814613092664,0.05676069679955262,0.036239007345033526,-0.06932340500303474,0.4938786397639748,-0.39446325090949735,-0.1823040096342365,0.9104979172868773,-0.30603147125474994,-0.4236866119593926,0.3191031366145432,-0.6301765867291297,-0.061573231100810435,0.7767685146368413,-0.49525453910605877,-0.5925914048756586,-0.4616648146270027,0.33054598794457474,0.4378720901689097,-0.10527115253231599,0.3181326486796816,0.5002649475062686,0.6490912398373886,-0.04678355924752804,-0.6947313114782179,-0.2087705265742087,-0.08872784399120429,-0.09189469024154712,0.002478482725005519,0.42473234532726417,0.4513863262991932,-0.047713093469178514,0.4584033281337298,0.17904866279623538,0.06837335407795786,0.3100877700149278,0.05313007577635952,0.7605982028464959,-0.4131975756653508,-0.1382785169544629,0.027929061619287165,Thank You
-0.02443194562338971,0.04502529090841135,0.09807666986353908,0.06490867469413644,-0.11345892930761067,0.39268588081894745,-0.3806549142746562,-0.2223739788728452,0.9622578824369079,-0.2958789494629288,-0.4369624087729658,0.28639027439334697,-0.6185213775248748,-0.007170320580662002,0.6933764273223545,-0.45608826880272124,-0.6439950418989352,-0.41019263363404784,0.3650406929110953,0.39580315093802443,-0.14389599057611385,0.26418556495805356,0.435148756654472,0.6499767591517057,-0.04183677596560222,-0.671085755479866,-0.2549073845533406,-0.10435223701507096,-0.0829779334599457,-0.037594361069748936,0.3783360411245539,0.5016707409550251,-0.03012933784954485,0.41785222416094925,0.15288239535354917,0.03716182702522476,0.33914974381420315,0.09575762058490772,0.6852877091666085,-0.39305405016945083,-0.14725253258877258,-0.0018511330996377404,Thank You
0.015920493690301435,-0.01990308471658464,0.058619899596713286,0.06946517196657698,-0.09071778169557031,0.3998077036140109,-0.3910979455843576,-0.1637108754427074,0.9893176143767578,-0.3134065394356337,-0.40392319471564264,0.3036667732543527,-0.6128849639045341,-0.08383581922825507,0.7237853283387696,-0.46221774578370256,-0.5814006126727055,-0.3622915800366112,0.33467612861619883,0.38053464386463853,-0.10884659218806292,0.3176534501592241,0.5059729821257972,0.6126982575938595,-0.004911621330997734,-0.6802846394019487,-0.2527375333403328,-0.07433578004154276,-0.007864208689006051,0.027991057111845463,0.4118020317473168,0.4610491472042521,0.027636732275434794,0.3778221385291843,0.1774626761970335,0.03414498618467627,0.37616004467714054,0.07004315516066505,0.7595779880123331,-0.4025850512007264,-0.15845751184629958,0.05537721664486478,Thank You
0.04653735799283188,0.02646859477797647,0.03464501786555072,0.06972547819949748,-0.09023600537451208,0.45011856479977286,-0.285437093954219,-0.17786009147233142,0.8771017307940656,-0.27591126394700144,-0.407047066055028,0.2925773989837302,-0.6447400729278663,0.0012058914200710029,0.7839571691047224,-0.4437487695204467,-0.6126741542039317,-0.43848461069253114,0.3421042889178192,0.39867106653181306,-0.10354677504696483,0.29182484618881677,0.5489457956897124,0.6775582073571427,-0.05422168710310221,-0.6755820567216329,-0.2504837095072982,-0.06490058553934752,-0.05328060168157547,-0.03816324086618887,0.4221968612875226,0.39155451674500746,-0.06171074961915993,0.40880219710538235,0.16677855046844858,0.06416622190086348,0.2968156675478245,0.053247765364844726,0.7332567707600308,-0.3998739807725413,-0.12224759847231992,0.04734339811365714,Thank You
0.011921910703777027,-0.022423669618746367,0.0490775922142888,0.0368199121139841,-0.09784299160842737,0.504592895356356,-0.31564878858678613,-0.14012960584653888,0.9491156148933165,-0.2457089444942603,-0.4024014709439477,0.3389727481443805,-0.634337194377559,-0.0017885598640013135,0.7946199066774167,-0.45804319324564247,-0.5959431489634617,-0.39857859179206695,0.33752620550258844,0.38311719925257337,-0.05662442286655457,0.26393064254288867,0.5074952400245385,0.6745779140320222,-0.051906256687334354,-0.7304270453535657,-0.21434298911121907,-0.1395708405049447,-0.046419358024809836,-0.00011448423545916322,0.40569694410184554,0.42548800229405925,0.03864385629911728,0.4172330982370861,0.20723986100225555,0.0674446975001958,0.31779839705862956,0.08585994823665469,0.7150468771530625,-0.4526602776311329,-0.07766737718081682,-0.006029722004272398,Thank You
-0.055207991543867053,0.03984498161871998,0.04236371334225862,0.06067118005175101,-0.14756044950758407,0.5234581213776256,-0.37489190874440576,-0.18043640120294305,0.9855807818834995,-0.27344043033959514,-0.39839197351027433,0.24377521991866116,-0.6579732370273138,-0.017371490936853955,0.7267513136485111,-0.44613958058824327,-0.5820425163253327,-0.408369407974253,0.3047309196861099,0.48864334937712683,-0.09789025416747794,0.2779721518629309,0.5354186559887114,0.7108599471084875,-0.07681304260710439,-0.7069488872316424,-0.29330805781066394,-0.07999900258813228,-0.02682034846101801,-0.008640507628204123,0.39415949387665117,0.4103060951039819,0.0020245281153499772,0.4577899881360706,0.14657474379740035,0.0884475828763035,0.29715442710675094,0.0915009125397753,0.7097190220105694,-0.4401999724094796,-0.1445718141809256,0.0008300372215571828,Thank You
0.011472999470776062,-0.03936489603586553,0.045579193869601735,0.07766174349024531,-0.12756999863264062,0.5251298328299664,-0.3618123555299554,-0.20227299303311724,0.9288529337126114,-0.23213753571554452,-0.38001518729252415,0.2667274354799744,-0.6004945451884962,-0.016984540249463265,0.758084138381466,-0.4625746806507799,-0.6249772981984961,-0.427111511576618,0.32516368352062264,0.4772466366150113,-0.158993367661395,0.32410827965865113,0.49939299303247814,0.6488702859691216,-0.008656706576515266,-0.7190984868070349,-0.19602765647350495,-0.16700486422900834,-0.059381861715430403,-0.0351875283851533,0.3761903206354476,0.46534288544726315,0.002391016658447761,0.43520675357359,0.17153160018541555,0.05527498105880274,0.35526924964410744,0.08151309147452541,0.7496021759809895,-0.3940193328034467,-0.12084661252682281,-0.014279205502290221,Thank You
-0.019588504674962422,-0.016493680789141,0.04803466379914965,0.08694740965791234,-0.07314359019284311,0.4696963159892545,-0.33572374749110095,-0.17789069647411243,0.9427250128133161,-0.3138537060589767,-0.4492654810698299,0.2739707149249775,-0.6194871283562616,-0.04409284421931664,0.7432323246253427,-0.4382474257658368,-0.5868741336971068,-0.4696304801132372,0.3714280811140996,0.45656447040842274,-0.15481013022065865,0.2533084703837682,0.5384652789907979,0.6354921083108294,-0.10024477799895383,-0.7421814530988824,-0.2294361967696385,-0.12066982807611107,-0.05018488883786547,-0.0064937577544139785,0.45766313912764234,0.463077913102798,0.022994771600179684,0.45698975847971396,0.2073345875499656,0.08378842280717619,0.2853000820741832,0.09160926659111585,0.7529724875773153,-0.4197594470544547,-0.06942338884218423,0.038433391526571214,Thank You
0.01704820131458353,0.03259142133617514,0.06749374935446366,0.004121581848359146,-0.10957299044079583,0.5071449175971514,-0.36043523133106403,-0.1888940607812207,0.9268570827901942,-0.23257426047363497,-0.34615757042796813,0.2683091288130618,-0.6292625519426227,-0.043420322511051046,0.7688148749190623,-0.43694987207093644,-0.578143651441389,-0.4272869411170194,0.4295784866121444,0.391906254777436,-0.17223273513719728,0.266230870451959,0.45569291052960414,0.5951238458483086,-0.06369087920133731,-0.7278566751198506,-0.25059365107296583,-0.07023198005421066,-0.05296784755133231,-0.012851081411095745,0.4406224842416285,0.4488018548461889,-0.01711785934814475,0.4250997532013983,0.10605826345079668,0.0036986197370916796,0.3545822763732841,0.09254494904600685,0.7834470949884813,-0.4125845876153879,-0.09716871342669883,0.006774205374968267,Thank You
0.00891681664755259,0.050017705252486014,-0.006227130727131741,0.09131438455737016,-0.03053121999436388,0.4796909033559961,-0.28669030223112973,-0.2010662501099958,0.957240747382375,-0.2850861972580304,-0.4631300765312717,0.2597798608317777,-0.6665877443358148,0.0016564812628462044,0.7765311289186426,-0.4425192711070103,-0.5777717316841158,-0.44216897692990925,0.37757425050667665,0.42300762100672035,-0.11917871308129917,0.2700557974751305,0.523266072825505,0.6272617494501009,-0.004358498259456261,-0.734155482178382,-0.25492259565630987,-0.06515574591377789,-0.04043850215626261,-0.02108238664951519,0.44049723298086424,0.4535736881670492,-0.015187520016014179,0.45610379212074564,0.21047956784372282,0.12241773131371897,0.3357349832013351,0.114705607778534,0.6930519061098487,-0.44453452013305406,-0.1922745805231725,0.06282443073950338,Thank You
-0.025919395472282346,-0.003795977392411799,0.0301829235587888,0.09976085428012396,-0.10586783171820507,0.43208537006672737,-0.3229576142025333,-0.2252017863684194,0.9330800004478216,-0.34929861176847044,-0.4393210875164368,0.300181070758898,-0.6926175730973829,-0.06743987281678109,0.7502954682641367,-0.46854857127099786,-0.5427337195110077,-0.3822275981675248,0.3154786265379558,0.43945809627986265,-0.09843615779771833,0.2600992107322707,0.4578663124014661,0.6395287604692467,-0.038836809819821634,-0.7132639428660204,-0.2086856019695295,-0.10830043677774098,-0.07234210214614653,-0.004193155054426384,0.4253746037836667,0.4364921822726301,0.01866123594272935,0.36101251948532853,0.146961893707934,0.06750552891968088,0.3251120451297945,0.06083270642246412,0.7776527254121525,-0.44285395656255916,-0.04852425327028427,0.025752188074479036,Thank You
0.0027616541193597596,0.014287210601629977,0.13339048629419586,0.0490981067122763,-0.12821135946477655,0.44858389088255823,-0.33524319671917835,-0.23396301936848973,0.9588723493868445,-0.2352855243272779,-0.3920601224317653,0.28604463189802537,-0.6522263054148041,0.003949850058417317,0.7255915525509795,-0.3968484867702289,-0.5444940261583562,-0.42954197058840243,0.341170847778191,0.45366376197500496,-0.08807067943728211,0.25384382454122034,0.4869359045023111,0.6002272909079895,-0.02137949142537659,-0.6801921714531951,-0.26245287715030224,-0.09943451571205779,-0.0781997932462127,-0.034429638472236464,0.43032601281338945,0.4497870685892833,-0.018206261067972043,0.3653076017801914,0.16991500376114324,0.07391758541026969,0.3223299790083576,0.07211409169852566,0.7269293373580124,-0.44177347835867253,-0.16604878126449507,0.06680561766315193,Thank You
-0.01899818114130818,-0.0029028030956066795,0.08781784586724672,0.18477755245733427,-0.13193341539335085,0.4847246931915111,-0.35743405968693837,-0.19835359476141387,0.9365958115770826,-0.31986158736370557,-0.39784108500404847,0.2505901150558366,-0.6052772649589391,-0.021355412997128377,0.7630395849351641,-0.46622602274659297,-0.6135109366161394,-0.4286175773932362,0.3065947814483156,0.4120042546953581,-0.1467030399204555,0.2513065121552724,0.4394374112776429,0.6800775116328883,-0.05424760217001137,-0.6652897263019953,-0.18989133837263528,-0.12435853976306782,-0.0704345127889576,0.06934944461574918,0.46632327926441475,0.47084597518978855,-0.001460289194482602,0.3952015615301952,0.17727587889541352,0.053730327983935004,0.28322814358040094,0.03813784703366836,0.7221532733784266,-0.45125945095646985,-0.12377922889184771,-0.019601446500438414,Thank You
-0.023470617675059806,0.025594959192395753,0.06491707024584045,0.07861596419081933,-0.06822990270456533,0.4856481345801363,-0.2928105923905741,-0.19598566349356675,0.9453131228514611,-0.3251252163214284,-0.4094717656716812,0.323768292496357,-0.5946818707864312,0.0058036539644704226,0.6965407797516379,-0.4197460080083843,-0.6576503772879491,-0.4103009748245856,0.3304827646233587,0.4438199671457739,-0.16088808494093884,0.31315860545418717,0.4587833161132655,0.619844066622893,-0.06359427840846936,-0.7528195535415768,-0.21911928098681,-0.03159587503246417,0.04222498095082803,-0.0045509705523339074,0.4472959392586261,0.4787543697274878,0.005785013456043299,0.4038624940847937,0.17015760523208137,0.09137014614380201,0.3268449646430625,0.07545969163221025,0.7197675873729844,-0.3925353343714765,-0.15374187009327211,0.011092118424317935,Thank You
0.05736016407158093,0.034921804577578125,0.09796802528329848,0.07963885203556077,-0.08496889498610417,0.5012969617808036,-0.2893998252421872,-0.24073797301059913,0.9187389329957909,-0.2468086152876086,-0.4049090248235727,0.27467357198954134,-0.6713063215641634,-0.0396560021244529,0.7082954572454062,-0.389507536206232,-0.6031679001492042,-0.43898301080113755,0.3591586006755253,0.45161432280575525,-0.09253798980746268,0.31023223479022993,0.4838071919726865,0.6309617097997825,-0.01058048991213004,-0.7160126798060904,-0.2221083069752808,-0.07381563563482858,-0.014226623249460946,-0.060796073036027375,0.4352378705032688,0.46477980885407993,0.012042248938928347,0.4374349043892557,0.21254274930297803,0.11584939443424525,0.38459590638766133,0.12109463020398703,0.7302618604873874,-0.416361881280287,-0.09557639244909165,0.03460081322553815,Thank You
-0.009271987102147805,0.012144702264248042,0.05643975981309948,0.05328790957641806,-0.055884999655394375,0.4728858540556185,-0.27474624339714965,-0.2309546537301075,0.9414988090219854,-0.2851127732289619,-0.36248091122164117,0.3068092768453492,-0.6243673093288727,-0.05682341485475402,0.7156582938312368,-0.44256522457950914,-0.6434179984043377,-0.4532008270569359,0.3565438202930661,0.3932742395594549,-0.07275395563324767,0.3147416668001395,0.45558995854626316,0.6119265766530287,-0.1022247569102468,-0.7236687488333458,-0.19896345371729207,-0.09819539683581872,-0.023958258410293205,-0.05313567371337367,0.4377347586440576,0.4551382537517812,-0.008816391918515928,0.41134071857681925,0.1261588418426348,0.04065325505341568,0.37323259057945524,0.08975428535405075,0.7530219621895118,-0.40758768682631663,-0.11747118590016518,-0.039141933877455515,Thank You
-0.008111000902835092,-0.0008215296121123205,0.11608586976481454,0.09951459579318006,-0.048516986445399014,0.48915600795655767,-0.35754658793659955,-0.17867615913961699,0.9652888815952133,-0.3142666054228085,-0.4081339654482962,0.2886521858569685,-0.5855128969773417,-0.08542771683985896,0.7865410883696022,-0.4803442214369878,-0.6436571942078754,-0.4018462306471021,0.3634732424975218,0.46037952879919386,-0.09689357607773456,0.33981892652512485,0.5194942736047468,0.6352033926647936,-0.023363648255758027,-0.6628869341065229,-0.24533636777226756,-0.10533520604351443,-0.04705097615670945,-0.0706031281278813,0.41793785325912686,0.4152076694711009,-0.007589702999024513,0.44008564630266833,0.14999900365008825,0.12555926111121526,0.3003837295267978,0.11352234107795486,0.7417746026351166,-0.4688084313407129,-0.0404370759732257,0.010726026117428495,Thank You
-0.02632452066466895,-0.042212615843520505,0.05089211298684709,0.07508369065852095,-0.09151945604049493,0.46229599209299704,-0.31721073182466236,-0.19381878060400992,0.9001532486900722,-0.2905727831991773,-0.46762667375170697,0.3054383145940253,-0.6630604988627743,-0.0181046904306556,0.7897887851938591,-0.4807028252462463,-0.5706571308344234,-0.4502461815488406,0.3941121444824579,0.4117893893318118,-0.1461294240693026,0.29864072998486146,0.4896588666077031,0.6146542285246182,-0.047986635096512034,-0.7015292039223918,-0.18168970407711843,-0.14380118093136032,-0.03708975595025961,0.011281463674699947,0.41959895825635435,0.5110874856726377,-0.011411842279758812,0.4085904103530325,0.18207518387980362,0.07822519945414963,0.3324864943609383,0.09326884181659129,0.7019446421464097,-0.435662748451972,-0.1376007255974101,0.0532304594875397,Thank You
-0.0966304906795714,0.011867965042888269,0.05852080824264398,0.028479783053076135,-0.0853070185226048,0.4855024365346618,-0.3185183141873932,-0.261744727515461,0.9991938545629194,-0.30822403947023325,-0.3760053117479133,0.31705740908775226,-0.659982404522874,-0.003191702507583105,0.7388017385207503,-0.514381679768351,-0.5674625608239535,-0.4604958434387432,0.31588149653834874,0.4106519916866565,-0.11274753274428022,0.27630546414833973,0.5191745662376273,0.5997130329526286,-0.055923030688320344,-0.7036709201265479,-0.1650184892347029,-0.08919292471998576,-0.005225507808923287,-0.006308989101391809,0.3992857418834734,0.4643897978661985,-0.014234073747869518,0.432236325787433,0.20554363549669996,0.08603621043619877,0.3798110868716051,0.048840828500109325,0.7090815756784882,-0.4390565099176222,-0.1123275672181961,0.0018696331271650692,Thank You
0.021893188111025863,-0.027930051348973244,0.05878358301627576,0.09951163416058742,-0.1565579051479032,0.534878815999622,-0.3447020476745114,-0.2429410830343977,0.9629449891645899,-0.2850886342904935,-0.3990591755376834,0.32456092905508366,-0.6112581428114836,-0.01406921534741426,0.7638712047665204,-0.45537111787134893,-0.5492300931125855,-0.48162037509898903,0.34570585064696724,0.4246947066634216,-0.09651622232216407,0.2527079601502558,0.4504223804245161,0.6446024044314341,-0.025214524808840177,-0.6555030256734723,-0.26006596940421667,-0.05113773556607141,0.033240255202041415,-0.018798590790595652,0.37506723442180373,0.45958229959843055,-0.008761333365861662,0.43104058986881827,0.1465634555742619,0.1219017410300294,0.3107627870591106,0.02560836606381589,0.7547218036715285,-0.4855660648275782,-0.12788479801062316,0.1061688185587889,Thank You
-0.00036130658879794496,-0.033623029520887485,0.05577072990303351,0.07738187317163374,-0.08977932368609137,0.4910977662445044,-0.36738082617914736,-0.13156344396700873,0.9655556007384648,-0.26428811693763393,-0.41544682614317785,0.3334166597771497,-0.6413930642186871,-0.014678925673323663,0.7223733534325076,-0.4821483131802701,-0.5818486593962005,-0.4505526994544776,0.31590160779535903,0.4034484674669473,-0.09994604235257923,0.25915244063689447,0.49920291054834726,0.6403485464571013,-0.09117190615570728,-0.7443248001181073,-0.21186677133703719,-0.10788942940215393,-0.00608042838035968,0.02153856896259499,0.43537056099726357,0.5263846842090096,-0.011674162219298578,0.43359341139572605,0.14677326817152236,0.14881688239167085,0.40370776608243303,0.07814093366453365,0.7331180778400648,-0.37654850591044803,-0.12617509008886488,-0.007060337441443661,Thank You
0.026219692530206472,0.0023531773825101027,0.06298248730599514,0.05387775653818078,-0.14612898634758675,0.4783141490760889,-0.30905862988328914,-0.18896408809639378,1.0012950577940523,-0.3072094280921544,-0.4282434777994862,0.2928082864513997,-0.6361592692148339,9.356086192706045e-05,0.7271176510262014,-0.41119753728375935,-0.5434873097145393,-0.4384188153573063,0.37900761302601993,0.3910490556090004,-0.08865798826864438,0.3094418687297867,0.5286356769021086,0.6394308212823796,-0.12227890781265924,-0.7194428222664657,-0.24073258854500212,-0.11512619670938734,-0.03411488558236024,-0.020034547530558378,0.3890571407136498,0.4400275261421971,-0.030646871951559945,0.4477719299741087,0.14447454583057848,0.05979762381261097,0.3304978280586551,0.08795432604328247,0.735207975598765,-0.508667130068687,-0.09111184852961343,0.05572942570986009,Thank You
-0.031505596120850084,-0.029168947342045042,0.04398505218328917,0.0562257762465216,-0.08788101567828667,0.4128341181889499,-0.36974531936921734,-0.1360139696188653,0.9303555731868458,-0.2487890899866003,-0.3859421982828045,0.2405471642296359,-0.6146216160978091,-0.026535520143915216,0.7367025240606287,-0.44489165159304617,-0.5882558140227832,-0.41601673988901744,0.3768638858469304,0.4349880451111089,-0.16218365716769273,0.26381421274346706,0.5910240085544708,0.6616324457599402,0.03742717944894661,-0.6583279854909263,-0.2147010458677916,-0.0767363364741395,-0.0388795769150776,-0.059599782640316325,0.4143369185806472,0.5081117671658976,-0.027170682231639192,0.42648554359046514,0.18985302884619923,0.04795537182623488,0.3306596705790425,0.04724717591468512,0.6968555227422268,-0.45595559240098404,-0.1487743587857825,0.05522205510648265,Thank You
-0.027464310872708775,0.0037937765718207015,0.042406591206508644,0.11427187494132791,-0.05526395299857637,0.49715197624388424,-0.3270234545350325,-0.1891216717293395,0.9224459310815488,-0.22778607189602212,-0.4193925346830852,0.3147345860782689,-0.6018945247755934,-0.0396639159852895,0.7815069115675998,-0.42931396828804064,-0.5506559035283339,-0.45132488854105735,0.30294037990209893,0.4075792750644229,-0.11464902822807191,0.2797699582855545,0.49092942160817565,0.582621790179171,-0.01953694969152511,-0.6410206735844358,-0.20802757087077395,-0.0675044829959676,-0.020608816534119178,0.004445755931550656,0.4417454800126433,0.48365274102520167,-0.01856179747660136,0.3902472863183482,0.15683608781098304,0.08466966989912912,0.33471626767566326,0.08721468112294281,0.7346949949539215,-0.39233205095328677,-0.08327705587927227,0.014978607236913206,Thank You
-0.03923329695442982,-0.010353122904575702,0.0588145308388353,0.023832834144907042,-0.052938886293610404,0.4755012141550298,-0.32476690609070663,-0.14122409174832457,0.9392978873030159,-0.26887068040316714,-0.3998982678435667,0.28930258965680605,-0.6568472635884266,0.026962595332466203,0.7391015345458538,-0.43125643698133526,-0.658745040213945,-0.40184483865756243,0.37308263509920214,0.42566699103667727,-0.12772290848823958,0.29002357664140976,0.5713962783228208,0.5870006129813838,-0.010190617948174475,-0.7275395270215189,-0.222552659903456,-0.0932149521399329,-0.0506317234527049,-0.00777959803650322,0.37977036664826674,0.5026669436734708,-0.06300578772296109,0.43031988900346113,0.1545092218933662,0.04011803819138554,0.3502702576273133,0.031075988027805555,0.722711905594498,-0.46001374112573884,-0.10792274241490675,-0.015092335326363783,Thank You
-0.013529820510879281,0.008818481638294866,0.03431639046137024,0.07716697684017067,-0.14001373693403046,0.4901561448876005,-0.283260076961592,-0.0984236195868137,0.9609372166072795,-0.26244581410577245,-0.4500211143377333,0.3399072254564513,-0.6103946368125721,-0.037523504426666604,0.7874819597567912,-0.45987464668756656,-0.6162355740802237,-0.4229844467854313,0.30961566542558083,0.4533927106597566,-0.15259432886190716,0.2465219327783072,0.4754418648441622,0.662682715073972,-0.05215470042098953,-0.7406308814879169,-0.24012550801253799,-0.08673981968798762,-0.07321135022870379,-0.04201607743595164,0.477134391029588,0.4459745684752151,-0.018872753450193284,0.40310984359463226,0.15166459323629006,0.09388618720468221,0.3726430450235139,0.06860588768305213,0.6844261423451385,-0.3790942270559251,-0.12462113768034216,0.06454803912826254,Thank You
-0.06736757692695489,0.005862096638499608,0.11505084383292355,0.068307972767075,-0.10136362459672395,0.480095227527426,-0.35297136569466386,-0.19155204358569453,0.9480677193815442,-0.3049145603624792,-0.3597366476444918,0.30865753663617673,-0.6261626449911962,0.0012516291285738848,0.742435860752017,-0.47546647893879335,-0.6205735477282237,-0.4371910033151178,0.3097399491693033,0.4077361372301579,-0.1363981337602449,0.34176026336787324,0.4195181102983947,0.6345091223063194,0.018119374209044817,-0.6965356740329282,-0.19935258381183127,-0.08278375911457997,-0.05780217715526664,-0.07472312220018872,0.41995917161768953,0.44852333245155995,-0.033191544571962196,0.39915733593923747,0.21665113966810812,0.14739091127322834,0.35071499463520445,0.06384150391164806,0.6862036984193727,-0.4032712290450101,-0.06827373694248737,0.005218173071792779,Thank You
-0.07136988122259673,0.020101490154465714,0.0870546451601388,0.03133052761864432,-0.08930429638679628,0.4847666572637988,-0.3384007101883833,-0.20591301319667316,0.988680288914193,-0.29819333070874854,-0.4411579290315066,0.23334096109719324,-0.5958560063543159,-0.0045055817839960675,0.753005742161996,-0.4654486034937304,-0.6183647710158807,-0.46951659400150436,0.32857263108369383,0.359141351274153,-0.1429965441081573,0.26869545098247,0.5210289599121247,0.6386999200472875,-0.009803746159131533,-0.6597169548034989,-0.19021000519974102,-0.07166325314621631,-0.0374262953433487,-0.03688928441732811,0.4359938225479799,0.5221839520562775,0.0010816988025094624,0.4716447280713945,0.1185381462275708,0.04062088346222291,0.3698548017418003,0.08571322693359743,0.7609339562400632,-0.4177915831131944,-0.14780016762029163,0.0062305874163962075,Thank You
-0.04598051912771202,-0.033857720192911035,0.08666597375417762,0.10508951926430804,-0.08370869335250256,0.41959755115090175,-0.3469595983935018,-0.21893988228391406,0.9934981698209193,-0.3036036023365661,-0.4291747754739551,0.2957190806209264,-0.6528861256593336,0.021506816227981587,0.7283222088220952,-0.49421721216494524,-0.6670822240625124,-0.4381680896206585,0.3246583970047526,0.37987682953240637,-0.08523784066642831,0.2980409308958801,0.5018860221282953,0.6808275012736144,-0.013775358573439915,-0.7248766850024548,-0.253131712934187,-0.06123910223395718,-0.0258911670247517,-0.002373211125801489,0.38840056692053326,0.49002995759980433,-0.03184644888102156,0.4110673539808005,0.20771362186101272,0.05542075793130477,0.2970090787971666,0.04620810487289658,0.7513494557435377,-0.4096854997699859,-0.12562722630510428,-0.002634429476799602,Thank You
0.014560797226595703,-0.025473145529706705,0.0666626208759152,0.05696825976583104,-0.12152860345493649,0.45210525373496546,-0.34746971452263403,-0.18365478070212363,0.9652658460606197,-0.39674289707254135,-0.4208318608829115,0.28307809634660247,-0.5885296307960454,-0.05540557932959357,0.7552504342911184,-0.40738945509613117,-0.6418838744882052,-0.42542523777232394,0.31744814540245475,0.40760495545908115,-0.1450079595227013,0.2560678572205262,0.5843899229336069,0.6652313901106384,-0.0005993037218120362,-0.685431203351807,-0.27014281166652276,-0.0739298094578738,-0.005594287283551831,-0.03306762838609468,0.44275530102143423,0.49292161688525404,0.046379718957407015,0.4015934632432023,0.13137696800113152,0.06439694172443278,0.3872658863042611,0.022932344203741004,0.659469219479978,-0.41464557552344383,-0.13503858372766636,0.01287022147781802,Thank You
0.028359353137075955,-0.016577080383565573,0.0013024788887187055,0.14024034354621806,-0.12451567051984815,0.4394587631193529,-0.3030958907164373,-0.1937245592553581,0.956300476646242,-0.27160823460787853,-0.36409485105720873,0.2848213748718305,-0.5880829317768662,-0.08707949654017377,0.7731601528567132,-0.477426191128736,-0.5613266790915472,-0.43298316018333965,0.32132914046020833,0.44262920051840715,-0.09411898408788431,0.29728040015876195,0.4718416713074204,0.6253772002398258,-0.033773624689041354,-0.7014287975364036,-0.19946274375131362,-0.14622558554277126,-0.02775236408216713,-0.016165084798020538,0.3886404825150819,0.4495169272565437,-0.015617612322541993,0.30609440048482534,0.1432666103456568,0.04897134026622035,0.36018225278903115,0.053618720153684275,0.7150670769377944,-0.37105913506155314,-0.09193035934997898,0.03970652668085106,Thank You
-0.014996172912325552,0.01629096837868957,0.0504757198030295,0.0730231005099116,-0.08230826158428838,0.4533200691270879,-0.291417397994819,-0.18699378981205064,0.9767529891950762,-0.2424239239519691,-0.36565273091325334,0.25255762258656794,-0.6203346151039987,0.0025160807556897924,0.7771224264129434,-0.48563920941164523,-0.6222058757003066,-0.4074077474760074,0.318663489300011,0.41375308602782873,-0.07363836021904278,0.2765895989614591,0.4809293343613969,0.6135691932426012,-0.023669859687842666,-0.7401854482112181,-0.2293751869313566,-0.07578163251787236,0.001192318897657793,0.01256079824617853,0.3923735474671351,0.5071441101165433,-0.018166933513427408,0.37705586295712856,0.15914405669143913,0.1183908610399802,0.34915595801130017,0.07816017655889348,0.7706368402839946,-0.46026807930302505,-0.16032887836602486,-0.035837009446457485,Thank You
0.011179445594401653,0.004994793813453735,0.1037747448350306,0.08621014914432285,-0.10672353668106395,0.471283722966059,-0.3326762685742864,-0.23234272382395754,1.039512121537333,-0.2704958077866307,-0.3903020949098309,0.3132801151956411,-0.6123991625366971,-0.027222105643202564,0.7314293016608999,-0.43425684379855517,-0.5909234933738433,-0.46154119752093825,0.3840873687615083,0.4315445288174477,-0.09902005363607294,0.31978120310340036,0.5033892231313573,0.6494062741580119,-0.00935062242021481,-0.7219368404709033,-0.22033355812908403,-0.08201209096803856,-0.06646393226927406,0.06206345949529501,0.3715766977018284,0.432848413479017,0.03024531488410429,0.4355249411425071,0.13352635294497997,0.09346445545865993,0.38823426985927173,0.07687662890109032,0.7994851779451465,-0.46904928821743325,-0.10094620132866862,0.04763423476917757,Thank You
0.026740317048157398,-0.00613067179936945,0.04877940935630284,0.09223025196283746,-0.07012618729712278,0.48930407986818675,-0.3050057544043135,-0.2127559843361146,0.9513690428335773,-0.31429241629340066,-0.40818572743309284,0.32528182242171283,-0.6304419743325383,0.05520027381636347,0.7561687267638124,-0.45044960797081424,-0.5993093310065805,-0.4563787553340541,0.33978120204916257,0.45657760854110757,-0.1174955144602687,0.25421978457649863,0.47498001988205313,0.6263916571985131,-0.03143553654307189,-0.664383411892614,-0.26216976725545715,-0.0953733369042357,-0.033452875135719866,-0.06247681719380438,0.38878755251760827,0.4513948743975461,-0.033060593602518035,0.41988363996926026,0.1594885091843494,0.05858720192757806,0.35703763530593147,0.12947676215838738,0.7706981864451616,-0.47501058705326227,-0.1044487394293875,0.007297685980632328,Thank You
0.004654660285960689,-0.011948491006276457,0.06102031271325339,0.08344811871238031,-0.11196737461715256,0.4443388503449604,-0.3496683616066997,-0.17516210769040957,0.9761720624578143,-0.26049146900948367,-0.411428044842516,0.30334053268636574,-0.6048064141956963,0.01196234577619423,0.7486015501241753,-0.45886831613639467,-0.5967610915746951,-0.4717357187351782,0.3357080150894251,0.44508155968195207,-0.10165622062079083,0.26991554834208614,0.5092641045290272,0.6151582037397677,-0.012546675128647562,-0.702525651040996,-0.2302336515653482,-0.09663026365037461,-0.039668991725767974,-0.02090197351288009,0.43353979208667737,0.4599330241491463,0.038607440493818354,0.4580832687230523,0.13755899277376818,0.07733691308848756,0.3246790578692666,0.06798509373334155,0.7815933149722529,-0.42655457640486616,-0.11095412383211882,0.02887802350279583,Thank You
-0.03001888117449722,-0.025652864232276144,0.021311982674393756,0.05232677481328644,-0.18009972517620032,0.4875673488035247,-0.27458167589043303,-0.17775526345301673,0.9157141064270681,-0.30537522981668647,-0.4103686495012585,0.2642976523508824,-0.6078760128024405,0.0013023002531303979,0.7157029819335912,-0.43048793305478106,-0.5566904386824689,-0.38016774839136924,0.42747266111306925,0.3956841882444623,-0.03618802171224578,0.26739738481773917,0.48495859483499676,0.6497098851948238,-0.05111327959818868,-0.6882196837375061,-0.2615574236465831,-0.09294112662947604,0.0007852913120781485,-0.009177482907856018,0.4180433746087969,0.48604928873115105,0.02593836649252672,0.36447021225292786,0.18184101902452635,0.06720161082835625,0.3491978933687076,0.10958302572187117,0.6856948914005537,-0.4477067671346849,-0.17982380373585588,-0.0038363835703658106,Thank You
0.03991297033136449,-0.0036176156542040857,0.017288906946993747,0.06433553449296833,-0.13923467300140355,0.437474293727781,-0.3245429238202038,-0.2174060854132934,0.9915812013633853,-0.28822554705459813,-0.39403450303217286,0.2864740066390468,-0.6104960567979836,0.0004892955551807077,0.7604181663054861,-0.43529669121097686,-0.6088575086873997,-0.4209784043409846,0.33137996715627616,0.42281091639263024,-0.12915394698509078,0.2643070202934269,0.4820592045647585,0.653928417064255,0.005666737809005597,-0.665057948806815,-0.2596520680928271,-0.04710245702536681,-0.047326930767310094,0.010556346289446409,0.3866090410451841,0.47605092800585186,0.00023021309990412832,0.3695888098610213,0.182553312459729,0.1156238352407586,0.3389593181389036,0.11858956455384027,0.7158296861393368,-0.3918398979599937,-0.18831800392297465,0.08520171806195138,Thank You
0.04486374735728871,-0.008538765127610367,-0.0016700169826772207,0.08754674787938442,-0.13791658830889758,0.4845754829064405,-0.3238605195531867,-0.2104319806941733,0.9918311829157176,-0.2619246972455028,-0.3673276440318517,0.2950909267773505,-0.6761472139617064,0.006330667088204511,0.7422553937740473,-0.49393376868398636,-0.5619336376105571,-0.37426226893318076,0.3402788565511143,0.48751760236585695,-0.11817519264576137,0.26660989934801227,0.4838188048708479,0.6890101861882707,-0.05705575601703146,-0.6781329286576522,-0.2387300230662403,-0.0995877514448039,-0.006874684899685225,-0.018866749553601948,0.40165163962399164,0.5057756715048759,0.03874043640964561,0.43346764771713786,0.14466220420068485,0.05992753002668176,0.3465962144215536,0.08741242248676961,0.6918845136387158,-0.3956362957039963,-0.11919550505525371,-0.0388328648765964,Thank You
-0.02786779447382191,-0.01512386020954991,0.05530692315140567,0.13558426069533963,-0.08745368271249601,0.4460067200827571,-0.32958856699890027,-0.19275251804772897,0.9679449193932925,-0.2686749077186196,-0.3603254247337905,0.29409660079718286,-0.5845126761263002,0.0042351787979561205,0.7291433494037554,-0.3859446944157524,-0.5926849831916841,-0.46229822966742307,0.391103691957403,0.4850772952837115,-0.12190539241568868,0.2629140686617349,0.49756130977280233,0.6613396657740194,0.004684260075517116,-0.6830763880309946,-0.21890341176031097,-0.04083819545844019,-0.047167269910317895,0.02346193598608587,0.4051536170560621,0.48472221932995846,-0.012588359330716628,0.41245138813902654,0.152983701945537,0.11559140594102998,0.3222109753660964,0.05557755305253864,0.7851502979182623,-0.3879920069517623,-0.19331431590523276,-0.004319377493764627,Thank You
-0.054359680126861626,-0.028520720802457652,-0.036662786170383876,0.07479620949940147,-0.12885707647152422,0.473027034483609,-0.3849611288945909,-0.17970253002895134,0.9457546838636764,-0.24103334937403018,-0.35426163829813984,0.31838556375759214,-0.6434799053741316,0.03655591077967918,0.7037754774129263,-0.4943471232751162,-0.6050083115864588,-0.36962335128062246,0.3354461332143877,0.4172466104314797,-0.16417194518745615,0.3064014640311141,0.5313278461262928,0.6635699699904857,-0.052528059760819173,-0.721392211008092,-0.2607487755266132,-0.083262373514745,-0.07019439559712728,-0.0427881393224,0.4010847794992802,0.4571168453341052,-0.025320838251661735,0.4281202915238187,0.1666767315339117,0.06660110409027561,0.3496891443586969,0.048038709395860926,0.7246788496601994,-0.4128093591060532,-0.1668523107251661,0.04250919731365834,Thank You
-0.026443011156809863,0.002709293976193049,0.09242500603269543,0.10667619956163582,-0.09356882023961981,0.4603549066932538,-0.30778213387084813,-0.16194903628985394,0.9396512216059624,-0.30993874773973873,-0.45877299960138856,0.29944615091779125,-0.6361624243048472,0.011080240161146653,0.7611381885525319,-0.4122134885630256,-0.6234157454272721,-0.40309998461922747,0.3256488090473507,0.44607184958152635,-0.16467738628002265,0.28507763545398845,0.4431919202530349,0.6318835893702357,-0.020440819759060896,-0.7158200644938347,-0.2534682368771431,-0.060394994488695,-0.040886059414179936,-0.022152763575841488,0.41505237864122874,0.5508916048479994,0.02542360310644323,0.44900416366424606,0.17737168703917422,0.08024034318292356,0.27231628785943995,0.057415110235105926,0.7071032585468348,-0.4735741958128182,-0.1564833786509047,-0.04678670944513154,Thank You
-0.0011497150709211747,0.02456297912546448,0.09069588937536718,0.09134943069259698,-0.12350071213264194,0.41326792202411705,-0.3889135521101602,-0.22025936294174747,0.9315363812662161,-0.29088439326943566,-0.4270272706943177,0.3049944724773315,-0.6406496970382795,-0.022689129725898847,0.784574052328257,-0.48764731641421744,-0.5899336812410159,-0.43766369140253825,0.3315117119913995,0.449301657353737,-0.09454420986739165,0.24962885259334996,0.49726774098067444,0.6483340644260104,-0.04184164201607584,-0.6826403679882679,-0.21351934747715579,-0.030801711356892636,-0.08369054979666585,-0.011138723857343264,0.3865404256612347,0.489914754252803,-0.05769663908836942,0.42451633492535745,0.14540384452895308,0.053220929021978725,0.3008038104031318,0.06383224224296971,0.7540555068516368,-0.4180830943972766,-0.10293049240820745,0.06257763934153573,Thank You
0.007912667544677274,-0.01676398716187022,0.071510220272121,0.06257701244079099,-0.10973150239559995,0.4256330927911463,-0.3084197663955834,-0.19376996289359572,0.9636651195817622,-0.31717079618788724,-0.38352391525904445,0.27196695852323116,-0.63793275360535,0.0033292798590441597,0.7740893151150968,-0.45290126656371454,-0.6555387495709885,-0.3474601774464368,0.39389206952868444,0.4444242124744071,-0.143510747951831,0.2746158116219439,0.4864299456031167,0.67781339212138,-0.02577635284984329,-0.7237159237076968,-0.2360777609882075,-0.052142904290475876,0.010220759685842115,0.038384302739666025,0.43650646295821977,0.4642127845255526,-0.1064268971468767,0.4230417543328575,0.1642504347040803,0.07944524789524976,0.34581567692034865,0.03799665577052518,0.7382427476484447,-0.3983609444704367,-0.10129074148265191,0.041035694789749076,Thank You
0.018121549347648695,-0.012300882346167325,0.05536754837915461,0.08163964284782105,-0.09136783842348631,0.5011764064588677,-0.3168974285374404,-0.11986958243701394,1.0243962416038266,-0.28370245085127027,-0.5117020106042897,0.33193016965110167,-0.6498927821239069,-0.04705001873305982,0.7384131774984399,-0.4656396557926445,-0.5841267242866252,-0.4840275679220428,0.3091846780467423,0.4330387243536807,-0.10222631359170262,0.29726982582108313,0.4791214701284132,0.6105497444705011,-0.04885048458903588,-0.6929948253883601,-0.17739078693628757,-0.14720166414069552,-0.044404038427523225,-0.04744599739567745,0.36422822068599575,0.5008002299499762,0.007157254847977076,0.4276099590970287,0.1919360726613331,0.06085421810262506,0.3312196310193466,0.1433564391306771,0.7141233593151218,-0.39527347049976946,-0.12156945871554223,-0.04280937121980497,Thank You
-0.06133887011403805,-0.017369526598197144,0.08917569136673699,0.10255464652929985,-0.06717650696996386,0.4416184914116264,-0.28773131642444577,-0.21113668462970406,0.9645869041673854,-0.28640250702692016,-0.4018185587599462,0.33498295981615184,-0.654834807559274,-0.06349365874948745,0.7509664003343135,-0.4642351664168021,-0.5011733310173075,-0.4169492702550568,0.3292360831639316,0.3910606206521456,-0.1773232868211654,0.2472670039008798,0.5061808116491862,0.6827175734963314,-7.653037607385782e-07,-0.6933181630075105,-0.2316501379855386,-0.07771417787520839,-0.05334131564330951,0.04408527570799493,0.40811979556834804,0.4692013948422299,-0.07565615513762312,0.4082639082229279,0.18939982160835153,0.04321410769445279,0.3216771464745681,0.10156585116100983,0.6772207742373675,-0.38559340366513467,-0.13772522164963474,0.0009813380678113937,Thank You
-0.03371635215376782,0.011341387812836496,0.13128881336751871,0.1023508140140387,-0.12052737975490094,0.5052984943444602,-0.3457078775061426,-0.14095533618128575,0.9824024642722172,-0.37438618529384005,-0.42672473313915943,0.32315675235234537,-0.6291317737899447,-0.05371817950936513,0.7313588502833066,-0.5094274629908877,-0.6051460172155788,-0.37092380276778314,0.36566430214246015,0.4884564777634109,-0.09444272181040246,0.30884795677358357,0.5619549191287629,0.6512156117287552,-0.03926825922060471,-0.6692112824582415,-0.1783399009008075,-0.10017748784893928,-0.059429248188973105,-0.003299963191994935,0.43874046701455033,0.49573426204947857,-0.051906510392631056,0.47147513563051047,0.1450703495874978,0.06729383509895176,0.31711912570971784,0.1587343857071125,0.7287826110515481,-0.44285668631183916,-0.09584319844556831,0.03571245806184847,Thank You
-0.005631810707396517,0.025218201383501494,0.032733894991711386,0.06411834858174217,-0.15490532153366676,0.431511344253129,-0.28197856695799456,-0.1329470267924431,0.9601758316667552,-0.2362039949139929,-0.40140457874875773,0.28752288659024644,-0.6319861725003285,-0.026753148937836577,0.7439106460413155,-0.4179384211737197,-0.5979907489711008,-0.4158700416152419,0.3724577161788103,0.4343895415974002,-0.15002277428134903,0.23743759980408163,0.5071959775406314,0.6347600248037404,-0.03102969670779465,-0.7006726291343593,-0.14444789820946705,-0.12568533623681316,-0.09748056381340597,0.00250566084066695,0.40250282436895457,0.4812735666815302,0.00833500828151695,0.45265009447397775,0.11908852285788515,0.058544248069894264,0.3570615942757754,0.1008984284996167,0.7873239774515606,-0.3886563147579762,-0.12346456282103,-0.014074687905732368,Thank You
-0.016928695581570577,-0.017781084688713197,0.07714966267205015,0.08661582019779465,-0.13430830902195023,0.45815283270700286,-0.30988106452457254,-0.17164001497489076,0.9752615106876694,-0.27460428702797013,-0.3478094221122428,0.30190648758201477,-0.6452621758904162,-0.050478152312136426,0.7578548194944124,-0.5254614848314588,-0.6080234886447683,-0.44341969034589634,0.3005821748119719,0.39489599256807834,-0.09662490859965463,0.2849449289452517,0.505786208507632,0.6490881399664491,-0.030872611936930597,-0.6629051310711523,-0.2182522325633546,-0.12952494198213552,0.011121723227460079,0.0036445638549440313,0.3961178890827484,0.43418947904078115,0.0026959442417382774,0.4106117934693796,0.21152970105037558,0.06486856658560432,0.31907733281887846,0.10465840717607774,0.749278947724414,-0.41226789286308635,-0.10147019351419442,0.011507771060280343,Thank You
0.007015953030277409,0.034949726476917686,0.0762522038372824,0.073827663680241,-0.05402794551890035,0.4002842155959705,-0.2746452917854571,-0.2333686584708346,0.9393893874641175,-0.2873194643855401,-0.4009967642723534,0.3250175268680803,-0.6654165905126023,-0.01518249655363772,0.7330201728015283,-0.4433861350080838,-0.6044379863837233,-0.4344564249677667,0.32501855544656,0.4074420492248757,-0.11229645908327905,0.30633504164568415,0.4847841784704768,0.6138346876113011,-0.015247634605243192,-0.7011661247486325,-0.1970401639948855,-0.11295246496870744,-0.09116534348147515,-0.02345576661971137,0.39080492272865,0.4694278785872227,-0.02828683881511477,0.4363574621587043,0.15566078959672783,0.07976001996882617,0.3489277932625808,0.08363317340136552,0.7207966176292598,-0.4020094131790828,-0.1456305589592159,0.05462092248216397,Thank You
-0.0070961215010560555,-0.03934647413696045,0.0631348545263905,0.053370482356795194,-0.07463878586141862,0.5375180440609871,-0.35980465387485067,-0.172218715627393,0.9055370045461475,-0.27247478144644766,-0.4231737581444993,0.27608015711424916,-0.6667200866494901,-0.0010409642964875516,0.7805856664723189,-0.4515388079484511,-0.6284276197498585,-0.38955880346514016,0.31900399658785067,0.357882998729935,-0.10716296420538982,0.2448803362637573,0.5323908223013875,0.6284635830482859,-0.015540042359072418,-0.6581459975603371,-0.2582208739530857,-0.10275666249434517,-0.04005230789848414,0.03866089540610896,0.3940440194683871,0.45395641971116146,0.005162734879671168,0.3968100918472937,0.1688810739563318,0.02869966237656535,0.4106286547860503,0.03735324371971779,0.7118679098232028,-0.41830186496665506,-0.06438026091373782,-0.02710698874543472,Thank You
0.059511124064362535,0.022715304633060675,0.0700055135493347,0.04936688621968108,-0.07746458463554265,0.44952527810712184,-0.2982076535321628,-0.21132174649734453,0.9548074173736038,-0.3027501309700832,-0.42622803302331846,0.3170647901745211,-0.6176177295320062,0.013264804888900295,0.696970282501876,-0.420315243317975,-0.5273313514290802,-0.4507937272235644,0.39837075878375944,0.41484912956596337,-0.16208692663094107,0.2688546032007989,0.5341786775266705,0.6147524194785424,-0.05166159934559292,-0.682384824988106,-0.22186330451230687,-0.06823985999297079,-0.030647289496022155,0.0069231154216258485,0.4008264654323142,0.4787434588505435,-0.03700267255788109,0.45277996229371253,0.1452770559648839,0.10911120963209084,0.3371905476798665,0.08384449095171953,0.706671554416188,-0.44780729682643305,-0.1741037165726007,-0.01902134007522631,Thank You
-0.009717265596477655,0.006356375364866522,0.08780403321513522,0.06553317303631427,-0.12105764482470008,0.4279484331996345,-0.321805582590992,-0.14069405016423225,0.9961920802459749,-0.26479395588527094,-0.37744604463248066,0.3457539090585639,-0.6237190481117909,-0.003621610797404466,0.740743019892561,-0.49310166551384904,-0.6230102856047742,-0.43751926570429567,0.3433398615955294,0.48053254337342,-0.1184763194763698,0.3133888797937721,0.4896802412491227,0.6305474373755313,-0.07352166869210175,-0.722460848343199,-0.20614566627355146,-0.08555174315574901,-0.00949401712185522,-0.0020280257145698323,0.4032218890574682,0.5362404365032405,-0.011998589448394499,0.44901698270977,0.152269021273063,0.09653376938711614,0.37203922628390307,0.0840392797462673,0.650886003262011,-0.41677986006570883,-0.08484710351164243,0.028462809673379393,Thank You
0.013375166256877397,-0.05166770801872557,0.035879001696385554,0.09124662576476292,-0.08228732359307811,0.507669880183703,-0.340553493782498,-0.1700151630238981,0.9586933994652251,-0.3157002204247347,-0.464276084083351,0.30775548643118594,-0.6284630757019108,-0.041550752341134686,0.701791344052645,-0.4333481789559442,-0.6104724208156534,-0.4205382528772117,0.3974377563328431,0.35850104131816707,-0.14190265876517277,0.2717423080736454,0.5463773437208117,0.5908056233722938,0.02442439119501983,-0.6961153309099131,-0.2248351278664798,-0.09172034146414021,-0.0508700666841731,0.023977858613153297,0.38173987838412726,0.4821539560389473,-0.02070693235821235,0.3912629501631879,0.24188455273992018,0.08781730704821294,0.36259672284918676,0.11191782404905976,0.6788799925833526,-0.36475867661773126,-0.19702962029929394,-0.010424607618608134,Thank You
-0.013770950195367011,0.017451700949115176,0.06405420180088195,0.07390145460926795,-0.09495874223551658,0.4418891860740388,-0.38112446296264035,-0.16039453695403072,0.9790133555833719,-0.2385571070749763,-0.42030285705496484,0.31560965197631136,-0.6421926938052371,0.012708748477674846,0.7810254190484652,-0.4459040824114726,-0.6126807232897665,-0.4084165291900082,0.36092343611818734,0.4022107556651727,-0.1607485947084848,0.2693675894525489,0.5481949729568585,0.6742923287104795,-0.06702126366551572,-0.7352237304338994,-0.18371459252407946,-0.11984762571030788,-0.022503316009511994,-0.02594778062501105,0.4623068487422509,0.4486787866154953,0.025119363519171763,0.41967271324042177,0.17187114309643192,0.016136527565067123,0.27811135591318087,0.07116754242098047,0.7289276728454074,-0.4510833687235239,-0.15442170725873194,0.02948256357733147,Thank You
0.016885634413713917,-0.004132231811637812,0.08089870545221957,0.04367982795861535,-0.10527686940929398,0.520666204953226,-0.3341578272299206,-0.17840051018650255,1.0273805697863185,-0.3280722033051512,-0.3727094331512453,0.34474478406152664,-0.6434272297492516,0.0027834225275157644,0.7209059508317938,-0.47284233625522687,-0.5909458261083579,-0.41328749435493833,0.3751443957926777,0.46983282533594295,-0.12293803126075732,0.3138319291281804,0.49246341319293774,0.6669604532961364,-0.02742677563983285,-0.6868206707444441,-0.20924987179380294,-0.13391969886150737,-0.07150583148459544,-0.004389400970395668,0.3631771286173654,0.4967278636856244,0.016965196601641173,0.42394207020494457,0.13067127708666565,0.1166499531716646,0.4053150757009032,0.08219682545237911,0.7368365522964462,-0.41127527424751087,-0.1058498292744777,0.009051621983755599,Thank You
-0.0010369271953141,0.02717152801492096,0.12786137867353053,0.03690375979816758,-0.09771319642877387,0.4358160622227534,-0.28844674417083266,-0.1998220247037095,0.9149061483937125,-0.2669463283642308,-0.34427301070821525,0.31473313172410655,-0.6275375556358377,-0.010731273394849798,0.7928117556328876,-0.4784663424886308,-0.6058502317123763,-0.450825199003542,0.30648034120173906,0.4128927099452541,-0.08768300162462841,0.29502164092478456,0.5220618734996582,0.6442919822980879,-0.017951726093540645,-0.724208718227345,-0.23124040459228093,-0.0800184214585127,-0.029456699952315524,0.0021399914827348503,0.40964544254610913,0.4604688285557218,0.08555165610432586,0.4413305718065828,0.17669972174798199,0.06824953005941733,0.33066219170103617,0.07386050281719123,0.7303053562505095,-0.4737405002132846,-0.1688425928056822,-0.006468086985621244,Thank You
0.006214183103357055,-0.0071781944145555415,0.10183629059962185,0.03443399322034668,-0.11713918598478598,0.5168326290094489,-0.3322739113878608,-0.15564460814007777,1.0197395805053702,-0.3069060708667427,-0.39958177428426955,0.2866523886393575,-0.6923192820887935,-0.03231740519080869,0.7767984013695409,-0.4360226781338391,-0.5839223235081467,-0.448509763967441,0.32183338334032113,0.4608216378847168,-0.13583414889483195,0.2868460376367992,0.5076325989167383,0.6837492244362019,-0.0045090688452275145,-0.7390487665769154,-0.25758170301771527,-0.06841125402549898,-0.039712305140147224,-0.021120797683534257,0.44426433752643457,0.47741531205229903,-0.007607760780319765,0.43752181284126235,0.15305202762109638,0.12230135456978578,0.3205573278123622,0.09749239261926254,0.7645354761027043,-0.4586462985695552,-0.13206096022001515,0.046904606469114214,Thank You
0.03471733643193075,-0.005144868011647178,0.03545252100633153,0.10758397150014261,-0.05909234881923672,0.436289976324344,-0.37232490059710655,-0.17543218516460454,0.9770829912101531,-0.2950640108865897,-0.3762235295510381,0.2735210974621622,-0.6971222999265073,-0.035722533248107494,0.752263500143514,-0.4605155631851,-0.6372529164995715,-0.49171396382462057,0.3260936362894534,0.4496736408772505,-0.08322871132169139,0.31365497799715647,0.4782552724419556,0.6052865242395775,-0.018752401126001444,-0.681138007608964,-0.20995001985844913,-0.1462004467947059,-0.06378871326527623,-0.008356307873500692,0.42841204684551326,0.4948107514677063,-0.004853876718541883,0.4240504678147579,0.16685126122023644,0.09581436623216363,0.35358472605407976,0.0797566504304185,0.7134694269687876,-0.4148886911401178,-0.10722316357926344,0.02066264634948932,Thank You
0.011424792550357613,0.040281655840535564,0.06544757149903493,0.05943594121602501,-0.0680906183168598,0.43024392664964833,-0.3686498925502938,-0.17211446768251046,0.9736940722408837,-0.3234434750348079,-0.4080868685801111,0.2766426807006939,-0.6482817816407431,0.005302432210058758,0.7715616996545386,-0.4528140297838175,-0.6188736764032348,-0.4777339846548603,0.3841218485839488,0.44050738473630574,-0.14211470762629608,0.29961156140174955,0.5006258498791735,0.631284428802618,-0.020595093726710235,-0.7224359554542835,-0.23226780359976734,-0.08213471664158664,-0.05276571150532863,0.012606912143104377,0.4698674961169483,0.4491625866114174,-0.059135241276124406,0.354074748594323,0.15979125322455384,0.055350847301823665,0.35043457154136487,0.08176245078978292,0.6734239855444861,-0.4717739487758344,-0.11288290773405882,0.016701249724146192,Thank You
-0.012774539950996538,-0.04971430755396914,0.07163439169958705,0.11706288319293805,-0.0862593486901172,0.4458056600627639,-0.33487092616098063,-0.2231733080521231,0.9899409936224501,-0.2836366082938019,-0.4496470515031056,0.28580496485397316,-0.6197824466472683,-0.03299692970739529,0.7420896641049157,-0.4889724305996245,-0.5854985889773372,-0.4566985705488302,0.2768229391103394,0.4116062466076464,-0.09148014303699127,0.2664156930750044,0.5548721080501178,0.6527667524049439,-0.02348869470698732,-0.7040429559344301,-0.22400369424739278,-0.09368125762115813,-0.04685025748124802,0.008460370697093121,0.38572056411288347,0.4395147157279039,-0.04287733391326441,0.47549659004892547,0.18021558451952072,0.0843805510560135,0.3124733164005495,0.09648478964924474,0.7180233505493092,-0.4109023656574397,-0.15105951442034837,0.01744645040507478,Thank You
-0.012715006146194495,-0.022968334710905633,0.07951584389085478,0.03277466257431967,-0.07765553396726035,0.4917644607863057,-0.3625968013946524,-0.20679973945808655,0.9515114017692943,-0.27763085201582144,-0.40118799390493537,0.30783206947304004,-0.5807921023781732,-0.03823700415262103,0.6989111366270183,-0.4274626568972867,-0.551995381311961,-0.4254614436567223,0.3088838401598803,0.41902719683070216,-0.15447033903045082,0.29730924129189124,0.46219384641545913,0.6308938503436424,-0.0637815743642155,-0.6963862674028529,-0.23294535832859678,-0.0804756854700651,-0.03711165906978126,-0.037065414996644654,0.43260181291247113,0.47032856103433823,-0.0388373526229801,0.48135475030478464,0.17859820247091707,0.07064796840362998,0.38665489231040717,0.1330389889105981,0.7171600082734925,-0.40690550929834934,-0.1514009894845299,0.008222602159507136,Thank You
-0.005971876612796096,0.00554481100864962,0.06747546817574762,0.09570075029506155,-0.08746954220768609,0.4349075979808409,-0.3643615043003477,-0.19858211420802271,0.9497349544495894,-0.25456870961552464,-0.431490513756096,0.28410274422216264,-0.6050912070078738,-0.03200182531302798,0.7641790052434057,-0.4564266256760434,-0.5947913208700453,-0.44409867086254223,0.361528264602341,0.37639227550556514,-0.13181399475575822,0.28692075677383205,0.518743415936598,0.6846862926311033,-0.045382179581365596,-0.6558065551010757,-0.24172582281425417,-0.0459191562212337,-0.01325816191782106,-0.03486940155388802,0.4230066781241551,0.47025445552366596,0.00958605542324693,0.40742880596561154,0.15508791069955136,0.11631862248849469,0.34123712967568226,0.10257719035475288,0.714759946391583,-0.36732753611456653,-0.14211094382450648,-0.005785921254868058,Thank You
0.04573551543347709,-0.013348391726857584,0.10552488300156909,0.10566111421806412,-0.09923831309350986,0.4168310726192011,-0.3367870402562702,-0.1791409840181098,0.9932187042064176,-0.2384385230424847,-0.41715195952482104,0.31886064858692914,-0.6107194272738947,0.009196879994183737,0.7653272331121873,-0.5105152951170594,-0.6071574915656197,-0.47191572179576347,0.33543812723294814,0.452144094811775,-0.11176010942785268,0.3124663024649258,0.5129851761178184,0.6009479357584213,-0.10927684977258034,-0.6957267451065141,-0.22837290200499902,-0.11508692074902947,-0.08880099320831356,-0.029507940569102616,0.40796075646065716,0.4917678653008234,-0.0035225499399636822,0.4623689710337927,0.13323717578804148,0.10167755176733215,0.3456177188032143,0.09862459435255742,0.7084250450449427,-0.3851770226746745,-0.1129041621940844,-0.007744964864985002,Thank You
-0.00036072086739564443,-0.0071866757681129856,0.07216800433577113,0.04351259434898449,-0.0954793729601557,0.4830890943591958,-0.3352167919123242,-0.14178164829244266,0.9814228554294179,-0.2863163622319104,-0.39010167122557843,0.30369516221174364,-0.6215825038292905,-0.07777524094806786,0.7413207468750406,-0.4967735364340091,-0.5641463901660023,-0.43906998014834386,0.33571607193010167,0.44964788768875524,-0.10824489058060563,0.24416454104162658,0.5006053976205911,0.6298427047516968,-0.08598742623357992,-0.7208992949540179,-0.22746131767495803,-0.0892270765123283,-0.0822491184290915,0.027084323326502922,0.41073240923985727,0.47291812288944857,0.0028377667631920168,0.3904846660015007,0.1779959766633842,0.06423354562506366,0.3173011902899367,0.09498794542966185,0.7662707067069633,-0.39558255268681725,-0.09407157799022875,-0.002980533514321487,Thank You
-0.04792859187505369,0.04470412566299523,0.11912810049878012,0.12519010004331022,-0.10467240006607735,0.4365908466178505,-0.36817797206270214,-0.232701862652534,0.954980813654985,-0.23792159958721443,-0.4008522231066759,0.3038948826777319,-0.592413583025169,-0.03512836043310161,0.8114324794497088,-0.39247753216328274,-0.6064281587502014,-0.4545705224688324,0.3624334418121997,0.41231821945219244,-0.15561129101612195,0.3164607360786922,0.5392259801147246,0.6445630620613952,-0.07153738218724365,-0.7370767954934234,-0.21873822936188947,-0.10077467960272397,-0.048014963683020474,0.02319325048687876,0.43579088052927717,0.5131358110045601,-0.038900179088320816,0.40383120655800947,0.1870747483332067,0.0886881352359959,0.3901701679869811,0.09040062180612196,0.7769637640660756,-0.40112689983969796,-0.08989588151678188,0.0029329362790137675,Thank You
0.00042861635651967196,0.02732833211518426,0.10588199893442896,0.10078300530954233,-0.09709397505472345,0.5125499276655661,-0.40196685081651157,-0.22485692066931873,0.978651198917338,-0.2856686876420943,-0.3784369346167836,0.2967574213402419,-0.6165531211161791,-0.047437585707925334,0.7674811183305117,-0.4224079285419788,-0.56587830047185,-0.3768378657087951,0.34883925372556196,0.43096130033317354,-0.1666098084293173,0.26208123443885006,0.4969400962762138,0.671407300516779,-0.05198147329808718,-0.6763008073644369,-0.22200375952336546,-0.09109359202101587,-0.030315356644774537,-0.019200335332506615,0.4009243835638205,0.42064795341592826,-0.01662010860683977,0.399727909234149,0.14882586778893092,0.08775197688331035,0.36395771509306774,0.08475035576826971,0.7513829466563933,-0.40006057611648127,-0.13061259063861094,-0.0012473038888839109,Thank You
0.009384667103005393,0.017213013297057024,0.09942798302758227,0.11464108817842261,-0.11084301209189994,0.468169688375898,-0.3160769569805821,-0.15014995228234337,0.98637125626843,-0.28800827331462847,-0.4342230237233641,0.26485710437991594,-0.6255024865247129,-0.012738733695399249,0.7174061545450894,-0.45090327606152814,-0.5835580878806335,-0.4717812942734704,0.3746662164746228,0.41141803327096343,-0.08318624112680234,0.2620200030997258,0.47193379400988683,0.6261536042532367,-0.036505883267717906,-0.7118454051600462,-0.22843515066165745,-0.0757595940772873,-0.04291755681266421,-0.009449015983481551,0.3625187090305226,0.48354247106994586,-0.011857581317753123,0.462435743033097,0.13611834245178456,0.020996925150623715,0.3627408113272537,0.0881803311783899,0.6912675003269747,-0.46321990254151496,-0.07563900302391299,0.05506169640075093,Thank You
-0.07462370276118388,-0.013746690877695028,0.10741841546015429,0.06462402009688374,-0.10931718891748445,0.46274709695083477,-0.36983440034115994,-0.23333315795095386,0.9897785915293288,-0.3413800455171183,-0.3891842005872459,0.32142258045001315,-0.67721828092133,-0.05073355315598176,0.7867619113998686,-0.43625361278139513,-0.6210133897961535,-0.4011770244474209,0.37771237212411946,0.4308155485182294,-0.14791944134031176,0.26562011536884894,0.5113241608150739,0.6342398690740637,-0.005482724228352765,-0.7460842303601819,-0.2667830138864512,-0.08035241522310003,-0.052528508132979365,-0.026277102605853565,0.36075379943136854,0.47237790593357715,-0.010764135627026054,0.43373132307716306,0.16637248146303246,0.07126766265839425,0.37950877561306257,0.03841050152554339,0.7376121675083364,-0.46746184883525266,-0.1469117613444659,-0.023741329296151935,Thank You
0.023458276063557548,-0.00196230700786182,0.057087556478848014,0.04570390719833622,-0.10358962677467154,0.4483259176804425,-0.3247038406824887,-0.21192261968406095,0.9980960031634386,-0.33635935181841087,-0.42079793912420543,0.34514121096626654,-0.6467356543931563,-0.06245186101026197,0.756938682624251,-0.46650213165464255,-0.6275709262583361,-0.47012061887221757,0.4245675085892686,0.4151974107222341,-0.17868165531408817,0.32283486924316884,0.5210646856497293,0.6169037210178947,-0.06164501223598255,-0.6799868240721549,-0.2293626578391477,-0.14355788312092604,0.01583502321936782,-0.020485358031400048,0.45866265310107324,0.5101445793286031,-0.03921176872148751,0.4451226495495053,0.1447620209734929,0.019244767401490892,0.33146081152868817,0.08971364568228826,0.7076383915030189,-0.42653888411914526,-0.0874539235965833,0.015833204091250237,Thank You
-0.025298949338548572,0.021060909710019796,0.06342292082526467,0.0032577527863584532,-0.0817482344835414,0.4829847380111989,-0.33560385724068936,-0.1554388681920253,0.9380303646774912,-0.27599694466506103,-0.4436111252855292,0.3070379071692486,-0.5750897010880983,-0.05285119165215585,0.7275724717884877,-0.47354082767495287,-0.5985948718157391,-0.4691355827338676,0.3541537217812198,0.44814916609183314,-0.10488421810048834,0.22497111370386064,0.5325875884511704,0.6680187363760988,-0.008746598405009173,-0.6890057404972271,-0.21534942858831008,-0.05480686662378111,0.019923228909331403,-0.03605685806586683,0.4461392628804436,0.4692050176494081,-0.013071673947861105,0.36803103290714967,0.15576161518394147,0.04532783626655669,0.33028312362417406,0.044838929115655395,0.7080532393235188,-0.4295107446020943,-0.11885825739127767,-0.03580411118619245,Thank You
-0.0433655444323597,0.010857428121915796,0.03356951030453435,0.11114179053711767,-0.08784073023623347,0.4894327412859081,-0.29388672151548834,-0.19148120997830972,0.940967571044798,-0.2599408607617236,-0.381316937232618,0.28920528637264464,-0.591937752945617,-0.02937283037332753,0.7513497448747944,-0.45160368486317853,-0.6305326354367411,-0.4349169328636643,0.3834191057424451,0.4360930171890435,-0.11998273171213392,0.27317055803803275,0.5126585693486028,0.662390712803164,-0.015374274648705714,-0.7101469538115612,-0.2122116601911606,-0.07138035633312466,-0.06799802534458158,-0.0024187279294105093,0.34895638441752963,0.48626754188426724,0.010628809249877365,0.43655333739220464,0.1524538919043163,0.0845171900563302,0.38691737187558745,0.12019761007773766,0.7206453099661122,-0.4131478449695054,-0.0884335706024087,-0.032385675775317764,Thank You
-0.009692272280310736,0.040067113666102695,0.0867486700671803,0.08998381015971688,-0.13977379405660348,0.469732569788481,-0.35390495301561314,-0.17225871853959612,0.9339217716634399,-0.31686364017892626,-0.45854830248101786,0.3314793362165847,-0.645674607297587,-0.01829112756705358,0.7502993922538955,-0.48426338237702127,-0.6402667659332327,-0.4674039483281731,0.31982124725560857,0.4337421551381723,-0.1447861644097202,0.33041829542084145,0.5335470895732067,0.6641485004384596,-0.03724120664959281,-0.6547625858852874,-0.22849527694809776,-0.0867163909922004,-0.03268293952629415,0.013589047051378977,0.43290274337669,0.4575377722362936,-0.025171293969781697,0.4333240423331734,0.18576239498614028,0.06344525126092296,0.2965831144189988,0.07156503774875256,0.7402262649076848,-0.3631649284987988,-0.15769964381466153,-0.00015875290236972567,Thank You
-0.011682106845761297,0.040674160182945035,0.056444408802878335,0.051686100049051775,-0.07783796340903029,0.4590907211784874,-0.37293910932885377,-0.20897308484239704,1.010223430839965,-0.2745656616802042,-0.3933695424869323,0.2873283835929223,-0.6249170266907312,-0.014598422698054786,0.7591316005943407,-0.44879501167987373,-0.5764308684406204,-0.4365513641682341,0.3121781353539112,0.40437128100073216,-0.18028519530879322,0.33882808995427455,0.5286151962549928,0.6149955990946113,-0.0421067850573113,-0.7192973021830948,-0.17567869167324054,-0.12837486349570087,-0.034347893954208855,-0.010721479441866775,0.4386006599278739,0.4686712537578908,-0.06192774868666613,0.4065934185793376,0.13514043093110356,0.07763317140230597,0.38722406760496225,0.025601763302031545,0.697513808880912,-0.43390822250489713,-0.133209837806838,0.034842154605704806,Thank You
-0.005206332526841625,0.012474081771613355,0.03871946250468403,0.08580362719275787,-0.07126489297035342,0.4492608902876032,-0.3127667475339197,-0.1806187025622855,0.989565979421754,-0.29213453533199724,-0.3851650044956456,0.29360700871692774,-0.6365678598155126,-0.01523758823135892,0.7664707598248681,-0.48972731174592643,-0.5594858103252506,-0.49303438576475,0.3209719371283235,0.4199158956048112,-0.10854395543152343,0.32530875230524414,0.44698381384965896,0.6246668900967971,-0.09745644420937627,-0.6992423487395943,-0.21380460047946315,-0.03805467630243543,-0.03416313289196861,0.023855109718350045,0.4313106134527722,0.45873408467947663,-0.05145030479076426,0.42237702256736515,0.1195422369550424,0.11410199718569847,0.33933689344824775,0.11363984297434238,0.7071140579189371,-0.40926191029936243,-0.11548043922440102,0.011287061142219763,Thank You
-0.012979785401897762,0.011773680554115606,0.02970775591214107,0.04262283696144798,-0.057314015096880035,0.49304491644647885,-0.33423074287004795,-0.1322356141477991,0.9501692066455409,-0.24641084173001865,-0.3913351216027339,0.26408267316499195,-0.5782402862011697,0.00671582432059294,0.746735904817834,-0.43042522660218785,-0.6146059216097242,-0.4123700234964698,0.2697839434619716,0.39214992771692037,-0.09153684217549299,0.2705339103264352,0.5089588273430744,0.5994941440850253,0.021784570295664787,-0.6644751186453716,-0.22797566456572393,-0.0979194242734728,-0.006894044876181442,0.05200846934014649,0.44240830868094105,0.5369456106115298,-0.036852022258860626,0.38954534870364715,0.12863706392780286,0.08849860449509353,0.34946686300348356,0.07322598692484031,0.745798249786608,-0.38035757573495227,-0.16753077722304693,-0.005270776154485983,Thank You
0.024604307823691798,-0.014032160515757461,0.0335464715258927,0.10946201965973158,-0.13328382398840427,0.4621824825459827,-0.3263481703539709,-0.1994044830414161,0.9816968418876816,-0.3031582475856091,-0.354343759347131,0.29105280674241046,-0.6135433878531347,-0.0006247824886451252,0.7315403356657988,-0.513844960847883,-0.5916721459498718,-0.43507584413450995,0.3581910812477442,0.415948143556273,-0.13382746546812335,0.3382777668024538,0.45856193665108885,0.6619162282994155,-0.050889495320900036,-0.7102643664891145,-0.23146819299168303,-0.10988157679271073,-0.020645449411685047,0.034253663713577374,0.4278959108440003,0.47489299047599454,-0.03877469735998048,0.4296317115933444,0.22899578642128227,0.06382494629175638,0.33291924912879645,0.060951846699569975,0.7068380639080765,-0.49968642050156376,-0.1096098433687703,-0.012728180608090932,Thank You
-0.048307893563754006,0.022595698491976464,0.025032120265379237,0.06874582521370702,-0.05060555016102747,0.4289534028389804,-0.382185438166048,-0.1741106999372424,0.9926867931275973,-0.3333221898616469,-0.3843716520453933,0.31225518186613443,-0.6954563064650648,0.0009495390590869915,0.7766647121433863,-0.4615939315858871,-0.5649244277208467,-0.4031508273185107,0.3446098381920065,0.40920060601801017,-0.15009947128159057,0.27689667119201705,0.5198253260875375,0.6301724081172692,-0.09957646973325919,-0.6621295911196047,-0.21624841135911724,-0.09716728346787804,-0.01206742406607358,0.038273513729561344,0.3297381539219637,0.48481944008729383,-0.0519809587113135,0.42910026882257907,0.16814311354064068,0.09431758079882564,0.32922132807451276,0.02158731727442533,0.708009445205209,-0.40512200483719873,-0.09129913508418498,-0.022516554331628275,Thank You
0.03081181280619052,-0.019436168689395638,0.06836615026447311,0.06360907824425076,-0.08913370306532181,0.49798620581682407,-0.3730179134467712,-0.20258706252651748,0.9637510498275489,-0.21404442849877747,-0.42249803551551346,0.3560292122471912,-0.5735487928440401,-0.02592483559917735,0.7414219599621239,-0.47300232034814704,-0.604540894499767,-0.47944607752504276,0.33922912990087245,0.46765037594328385,-0.1392471863784034,0.2708018473533313,0.45169834426839495,0.6511195765924197,-0.02571698902685709,-0.6982799371639287,-0.22845991952112835,-0.09456128613074666,-0.022725168707752073,-0.008330142212580039,0.42324465715326043,0.4782410151132681,0.02452133622586977,0.43443677653986246,0.17009115276390904,0.12079844592517454,0.3568068123810493,0.11693340129271246,0.7397287691945081,-0.4725850062593385,-0.0826158620448618,0.016693671922827554,Thank You
-0.0015586431270233384,0.008440450424687312,0.0471431589579253,0.0857167626418881,-0.11235510388697764,0.5094580445417469,-0.3396151345367467,-0.19366740090578555,0.9304543977357081,-0.2780286646552288,-0.3909891311467558,0.30647793407760887,-0.6644990485794491,-0.0710409370424768,0.7691342748233178,-0.4077011085319111,-0.6332854272614838,-0.38956125604140507,0.35003363218258177,0.4225320805912333,-0.1328410954004752,0.2364880358902529,0.5323644139741501,0.6166295231053602,-0.05704563984752631,-0.6704332186602932,-0.27844461141461585,-0.131486482887618,-0.03832620302401468,0.0013328887052242227,0.4283375404456682,0.4627375757877441,0.06672960767224759,0.40729017685563584,0.15738171290632164,0.051336184941192825,0.34791596100498456,0.09623335759040313,0.7576278325789129,-0.46200596182459874,-0.12914076509511271,0.026039493006821804,Thank You
0.017611726037836065,0.00019645973413617826,0.07376537290260038,0.05463698004244573,-0.04786165892713416,0.5010087198690987,-0.3765553247400703,-0.2144429770676152,0.9267945197040791,-0.2657528392027922,-0.4351441771430326,0.28489446564104126,-0.620040360061792,-0.024990479114522658,0.7581331612195021,-0.48421444572866906,-0.5846491873878696,-0.45564085132253596,0.3317777101885521,0.42987591956493776,-0.11782228785817642,0.27874297704347056,0.4802137538371095,0.6309112316125126,-0.03358593185028722,-0.7414435649519143,-0.23583109700386543,-0.07414815219658762,-0.07610527383413251,0.02723180538290585,0.45188389888459574,0.4344370133108291,0.03154710660450109,0.4098195059572468,0.17686073424411494,0.06034625344176175,0.3718901013261553,0.0899673411944599,0.6970958932449809,-0.4522834938903509,-0.16556997800071835,0.018276637975530176,Thank You
0.017174142353392072,0.019528970363383243,0.05395322097841598,0.04419600316028883,-0.11506106583739836,0.5058003359485737,-0.3507463480661176,-0.17788735670366826,0.9259326577000397,-0.275994446965917,-0.41033288100088094,0.3262265770805566,-0.6104747607680908,-0.03787667947537661,0.746566614927691,-0.4687738515894252,-0.6450778144861372,-0.46296776743467255,0.34746282025211495,0.43250175267464563,-0.1164581973963227,0.2689715848542437,0.5307245566680417,0.6418039710853165,-0.012553824732519887,-0.7534042619229774,-0.33962711556301434,-0.07726490773243061,-0.08052514533041691,-0.01383919524631302,0.4047325897758623,0.5194135486620978,0.002818414201305108,0.419102724422571,0.1894150321084135,0.08630071261078032,0.33046844671969944,0.10992879853663667,0.6882279871062609,-0.40763001826538536,-0.16818799876853102,0.018756700408027332,Thank You
0.0057896892531878845,0.05029364885743988,0.010543437013383936,0.06087928155460537,-0.06991834909946056,0.48128939447163505,-0.33079833958799004,-0.2108739567128687,0.9404776217645434,-0.24874070808299034,-0.3981476199631264,0.30608598655161784,-0.6371371418175896,-0.058498066535622575,0.7783808485303708,-0.4371433928522314,-0.5333257134687712,-0.4677119359377724,0.36619348805650476,0.38339764874664817,-0.11619423747390953,0.3073187741448977,0.4405685050135176,0.6337497397212402,-0.050547731596676915,-0.7212497269057555,-0.21039872844668342,-0.05215797737489516,-0.04178053717564689,-0.0013010513381207355,0.4172247635983779,0.4718456357803241,-0.041861761518366264,0.44738029167029764,0.17316115851416838,0.08709222970568647,0.320003467638585,0.06400790868932267,0.7162364650115857,-0.46335117469485776,-0.17240193470037202,-0.005384053236609553,Thank You
0.015675622993271698,-0.019594121697898224,0.026928497888915912,0.05446532723308964,-0.10825909459104424,0.4606141078951127,-0.27124184756191844,-0.150551266769493,0.9889453955757381,-0.2510345274014866,-0.4265669702305301,0.2581542572176665,-0.6668876007003169,0.01702968292200552,0.7339507820816462,-0.4897810498553849,-0.6154247045963813,-0.44440266049969485,0.3495686986313272,0.43027249834911946,-0.1457600514203071,0.29859326824841415,0.48355675248390745,0.6352094238473371,-0.013048217460297652,-0.7194456500752321,-0.23903565072189817,-0.06802850707677909,-0.06351417101692282,-0.01900940487304346,0.43046776634788725,0.5334143038327109,0.008980652755879316,0.4283061465083112,0.1802293449795852,0.043050076783597666,0.34766665866974966,0.07689152597890783,0.7311680271540917,-0.4138321923171161,-0.1103699146219283,0.0032943688355714356,Thank You
0.0017582675211537816,-0.03683485698170976,0.047895435476549904,0.12063090327551904,-0.08503457170783718,0.4706022456582235,-0.27932379284048475,-0.2230149349731449,0.9249185055438998,-0.23471059599139987,-0.3952235160690406,0.28754770457858986,-0.6696576217071646,-0.009574613086279259,0.7667003318339448,-0.4850751952132532,-0.6067030861562998,-0.447309969509248,0.3491956148130535,0.3891664604611389,-0.08335621086870715,0.3054982899209309,0.4918372917344277,0.6334051525993373,-0.03774410408372678,-0.723540264547097,-0.2352579905615151,-0.09388665959781128,0.010603875402441613,0.02093290508499176,0.4418351422266992,0.4828892989797634,-0.04270129265494012,0.4128822204812895,0.1934199512578047,0.03749784612459051,0.36329535271555036,0.14746279738688287,0.753374990322601,-0.3749065598245326,-0.11521074243117686,0.041676343145497174,Thank You
-0.021535596430621064,0.02387591437023679,0.07712429783846021,0.08760323205134964,-0.05511859930512992,0.45506633164429416,-0.341819216622325,-0.17932602438336365,0.9273138430746043,-0.2792839800156806,-0.448170256539124,0.32623383170012993,-0.6322823709573163,-0.03863228819524252,0.7253353273792673,-0.45927773527678195,-0.5818470272666145,-0.4208123251861292,0.3203501620021365,0.3973627775489291,-0.10120767331451244,0.2563531543345519,0.5045298517187973,0.6436103532242167,-0.02428957562359615,-0.6744428950514456,-0.25984399612048376,-0.14311332832538765,-0.05480559415562278,0.04658020807004424,0.4744607240092218,0.5267268446566084,-0.014970923419823772,0.360663501159066,0.09401412441984809,0.05682464015912682,0.3382565476048716,0.11680328266067866,0.7475546547291824,-0.4105052815216436,-0.14845624807267593,-0.016185002064799225,Thank You
0.007623830612143062,0.020911529365191795,0.06924909168400485,0.0478679580420201,-0.07507879303292228,0.4840072057927582,-0.3683274833138205,-0.2057195147331202,0.9788570514441333,-0.2931271643840648,-0.3489279251014149,0.30985907394922096,-0.6482804275999733,-0.023311669089857594,0.7522680375272525,-0.4740920737854576,-0.6298724645351157,-0.41620279773397106,0.3668744993317532,0.44085741181434696,-0.07545509167438781,0.26177037939265474,0.552960681478546,0.6128700803918637,-0.06403200647645309,-0.7529897744213793,-0.23532896742926857,-0.10089021867245662,-0.022004057311132717,-0.00014891591630781208,0.37800629987602635,0.4600097434368572,-0.020325343019633645,0.36084748620975404,0.13487689565900224,0.05212137608718646,0.38720750710398083,0.08352804210772047,0.7413855535613341,-0.4622864988058686,-0.08593447045402193,0.05167144657327026,Thank You
-0.05995034901433878,-0.021159501717475444,0.07236562100710263,0.0982375504363652,-0.11495366381130151,0.46206489288810626,-0.35412892295946946,-0.17887734421572896,0.9941175281511437,-0.3092232030439242,-0.3665777292174562,0.271375033496877,-0.6591103083292018,0.0015523374721667822,0.7780246270883494,-0.4266980662853267,-0.6419687408363312,-0.4512230238904176,0.36620595818059,0.42399022294467503,-0.1531254198900258,0.29177311464676603,0.4812883407266681,0.6937334594002548,0.012693804297149447,-0.6820680851662348,-0.18112490687137084,-0.08383480806387159,-0.014819050887521754,0.036865964694140906,0.42116046146042985,0.4641359154442032,-0.060320141132316554,0.411632947846966,0.18900799300627266,0.10361478783263804,0.35932970848090473,0.0615455477801327,0.6622158438744813,-0.43218388683153425,-0.13089125107606023,0.0032505156668470574,Thank You
0.01855669070933773,0.05957029233044519,0.061198529871870105,0.0724039431555259,-0.10237547628680764,0.4749614197869473,-0.36105630393856714,-0.17858392886173088,0.9717265422972403,-0.2798013564224534,-0.38287608613036517,0.3078376239477397,-0.6868383924216885,-0.0038993963262675194,0.7302360903782473,-0.48511553927832507,-0.6356283734254368,-0.42423824623408013,0.33483905260374475,0.3722849042081959,-0.10657350004833337,0.234835332549038,0.5069271992519585,0.64705268171868,-0.007084127124546959,-0.6467404643628962,-0.2628953977914803,-0.08735276424946449,-0.04607223457009875,0.0055468464139075266,0.420265564134609,0.4612151433075331,-0.022408548045328748,0.3806334279630894,0.1939411449415986,0.08902191045359503,0.3717318024432066,0.06847263653473448,0.7018154268820761,-0.44967688589026905,-0.1109933774322219,-0.01855541205329956,Thank You
0.05545989206899651,-0.03922927743280321,0.06570245739301238,0.12591153804663333,-0.07662612911877059,0.4765000881544692,-0.365262000536972,-0.22364296128114364,0.9813036754748139,-0.24090752110643965,-0.40976784386485376,0.2606533504387931,-0.7074265748707658,-0.05242844638800574,0.7469568304731498,-0.4042666671631043,-0.5823008078227979,-0.42809193240705345,0.3295127105814564,0.4052489962100795,-0.07874520657886296,0.2840457326957545,0.4396545377387815,0.6196915245115711,-0.0593979205285471,-0.7165789282322258,-0.20506778820591148,-0.08900189502140049,-0.04008813792888209,0.03193855067483575,0.3929016683129998,0.5277175163662522,-0.029320710128135665,0.416802899516988,0.1558691896073203,0.07894835901063797,0.3575365163615463,0.09079957783166619,0.6989269710242917,-0.45101487421481934,-0.04666575121727036,-0.0018811455054691117,Thank You
0.020976373160159597,-0.0482292393156959,0.049104272219497015,0.07508991531074645,-0.08041436979884989,0.3895562525499577,-0.33122327273576524,-0.21668212928514932,0.9679325435431341,-0.31718181423483294,-0.42226682502827606,0.2866163673554856,-0.665251376042391,-0.03727153448019026,0.7145652626918215,-0.5072354779391681,-0.5719561070169061,-0.47612595533297386,0.33615587379225087,0.4453307001725717,-0.13936295757958317,0.2532685994806367,0.5095197011564349,0.673435728630303,-0.06873089752799237,-0.704695442917425,-0.27392994586348385,-0.09757457867803872,-0.036756035182629966,-0.03310438341757331,0.4000857459918435,0.4295447275404082,-0.006869124045558275,0.44579778108510537,0.1313909813762894,0.056565632009037664,0.3592751439029779,0.11414724220868197,0.6767247965766411,-0.4223909760138707,-0.11326698027485593,0.009576692963682042,Thank You
-0.07430376200631261,0.015032700279263157,0.10307274434935665,0.08240574936530484,-0.12553200349551277,0.45583605938878735,-0.28311009909844737,-0.15489100939829578,0.9774029707588162,-0.27539956082365674,-0.41643645751623776,0.2888080602476106,-0.6360191740246507,-0.006518271596196296,0.7956341025761281,-0.4186902202844125,-0.6450763492636682,-0.4305246454812246,0.3636192007755273,0.4413097776320972,-0.13979164740572445,0.3654468529460536,0.4644200216264786,0.6074020605485069,-0.026643587137551016,-0.6366869163079862,-0.2470409535355892,-0.09375339953698278,-0.005463365528301449,-0.008001508811553345,0.40375738537069156,0.4887605176462333,-0.0010059426801152897,0.4450401171877146,0.2030493641413642,0.08445587680576999,0.3529507382707017,0.0842078500975839,0.7361944076423876,-0.4156723147552483,-0.12177915941411037,0.04853719830736475,Thank You
0.045483485410651295,-0.04522658833900262,0.05779328836885439,0.0582450638268627,-0.10392796589126703,0.48330536307177546,-0.3161243399818411,-0.1855536789324529,0.9008019621656023,-0.3150433057469734,-0.3697073540445036,0.21261240300623574,-0.5980586774038352,-0.007368601358793376,0.7898518181940216,-0.45819743999463514,-0.664336981310474,-0.4243336153030611,0.37975589414164057,0.4504856218931608,-0.14079537900874292,0.2806264087368822,0.4867474704330145,0.6153197200228072,-0.004989782440002775,-0.7361169772948567,-0.24876960093191244,-0.11889931757174457,-0.08248960141774363,-0.0030732154096432375,0.44864059246105975,0.46624522790227374,-0.054353916403928074,0.43932528981087166,0.21487635009045244,0.055858515281211316,0.3298421285078209,0.09325433953150172,0.7701767033764606,-0.432922458263149,-0.16173439837438783,0.03158094287071967,Thank You
0.02397204219426898,0.0001839435130568056,0.0407486560269138,0.10873725875998114,-0.07875774176024594,0.44817681127261105,-0.334734649188945,-0.22274111158485194,0.978778885900424,-0.29395894541117373,-0.4096736691220507,0.29383896111271063,-0.6324722609743878,0.0038424007688372015,0.7680992516878776,-0.4569326427519904,-0.5795847740982171,-0.42522237693750764,0.32871831133190926,0.4190024229806636,-0.1253613211693955,0.29318141676822884,0.4917218800547629,0.6281854383558394,0.025411279707620457,-0.6719989435044886,-0.24477312794721823,-0.06865031874930706,-0.03423167374911691,0.004280891092881474,0.4179157407435536,0.5074808099541888,0.0011871279525402928,0.41226429267218223,0.19557101477889383,0.08224433623824531,0.3478431138892242,0.08720519870358333,0.718712220241918,-0.41705062410152816,-0.13936174260729786,-0.00989663190616888,Thank You
-0.029957111594473187,-0.04175949860391228,0.031101132975100625,0.07367788579621197,-0.09150529442331576,0.46309097988528664,-0.40687859583193586,-0.13495229489124227,0.9907965758939977,-0.27271914279317416,-0.3393776239739106,0.26550427214277234,-0.5770527383355151,-0.05196192338064605,0.7575286735068617,-0.49045548414223245,-0.602053995723456,-0.42565949960830435,0.3368755904864537,0.4441602910504623,-0.11794420101948415,0.26235113462167753,0.485728158962342,0.6642251271269592,-0.05326370046960733,-0.6727289188423538,-0.18527375422950612,-0.1358399644379569,-0.0037943840997411923,0.05434703678841962,0.4213556138426583,0.48976405614847635,0.021928677344071675,0.40586248416324017,0.1697737041755394,0.03581979911691587,0.34835780736526595,0.09272788049833613,0.7370053816307032,-0.3853646921834648,-0.14500497028850756,-0.00333981801765741,Thank You
0.05686522037974065,-0.004509851212911298,0.06349366743600715,0.07689559557846311,-0.11924924668583553,0.51993575310647,-0.35203853348573333,-0.21600845133532043,0.9446799638882037,-0.34614311838145406,-0.41614096810000406,0.26578133773171386,-0.6151586330264756,-0.04320792826492579,0.7770006538154864,-0.41028584459612666,-0.579059558501159,-0.4437061432140583,0.34574973532165815,0.3769944195234364,-0.12492801567973906,0.2522104224309978,0.5235623499308911,0.7170802856258226,-0.018656790496184024,-0.7599252124255418,-0.23279201380189524,-0.08210382080633938,-0.03516145296096432,-0.029390037933183934,0.4211542532857085,0.43451650548205006,-0.03752874406755509,0.43350088286672217,0.13383540054300852,0.09139213317037687,0.3031148432696707,0.13072929714275197,0.6982923932707874,-0.4240374310454955,-0.11184250711172951,-0.004322113892485347,Thank You
0.004302178832139133,0.01726070173560377,0.08631105079174188,0.10265081990940846,-0.09975313581076509,0.4668309235584078,-0.2657342343873642,-0.15369321357663376,0.93054746251768,-0.2830922934167215,-0.4066566383138544,0.29076516864959034,-0.6705663466855378,-0.035363198109708206,0.8047132089439384,-0.4348680753619412,-0.6772296608343307,-0.4007427897733176,0.3742051861077652,0.4119654085985657,-0.09939672819060541,0.2522416001484868,0.48862488700842144,0.684854104768584,-0.041803340771489554,-0.7562829578155515,-0.22385420469790415,-0.08813620035500372,-0.0018311186375684421,-0.00703555149964854,0.4011480316633917,0.5031432149465679,-0.005557775411969775,0.39162627317163934,0.19895522428565182,0.08105563794111312,0.3442865355097356,0.08312177237134952,0.6894004398004111,-0.4331570471767423,-0.12165342688945818,0.006798473831807083,Thank You
0.03817285148449786,0.0065221755818101025,0.08313977149572939,0.07918775746749522,-0.06291016738430118,0.48315570947691044,-0.33580487656646135,-0.18258837829288313,0.9295690134185575,-0.27088446672559874,-0.3978084861866,0.2797654368618475,-0.6004876388299331,-0.060511981854973654,0.737691658885148,-0.42140880192482033,-0.5930291303621793,-0.43868026237783875,0.34904640671499476,0.42812639285922344,-0.1664145108926795,0.26754571991256393,0.5512282081318246,0.6201179899051733,-0.04320046999852832,-0.7164396308561775,-0.22456556471400818,-0.10327223350730196,-0.02317993065403043,-0.0015462417962133438,0.437001929459811,0.4402632956039629,-0.019391696873490183,0.4073552746702468,0.17797470477206115,0.051449149089398113,0.3716683706371028,0.11337698834452815,0.6918543205138415,-0.4320536207381992,-0.13771885019320446,0.09160997082287242,Thank You
-0.0128970031562366,0.05032876326468403,0.01949369396343903,0.04921636784528884,-0.11519695785213088,0.4458591974363202,-0.3442444531528701,-0.20345323170575746,0.9336219244252492,-0.2513377784354882,-0.3598885354751136,0.32330409061854315,-0.6179615232867653,-0.020223209104743047,0.7354556150281437,-0.48083508953085907,-0.5916049474868063,-0.47245340632466,0.31169867254522854,0.45733136541390246,-0.06389516325243927,0.28982243061799723,0.5359262730652515,0.6325222644251689,-0.07378166515802884,-0.6818258593983443,-0.20487642831636213,-0.08362849195116569,-0.04505343946192557,0.021400673192511595,0.3842235100037762,0.44857811322291197,-0.039424677589815924,0.41667614249768564,0.13166850710612557,0.05471851959015184,0.3230260896425365,0.06996627065898114,0.6768992575507897,-0.4147112841302742,-0.08434179542450135,0.01670312585205034,Thank You
0.04623963434403962,0.04001994557630775,0.08082470523407295,0.08114647210932631,-0.09392381024932167,0.49414386995061366,-0.3479576094132361,-0.23866550816813645,0.9729622938303751,-0.32002399722773717,-0.42546658099622015,0.2948319141071573,-0.6365352382808993,-0.06536776926759852,0.7553312826721151,-0.42325617456237485,-0.6363450656977604,-0.39906999462279324,0.29471117566659205,0.48626369205888675,-0.13325244741860637,0.28239208637780955,0.4459715513218421,0.6380336319544091,-0.02679697424385255,-0.7027758710798866,-0.23884754032603525,-0.11417548412340746,-0.0038663771326529067,-0.006541430114982836,0.4600180723021036,0.455997059945784,-0.02222532318816959,0.43859478095649573,0.11561604860929639,0.03884188420102146,0.37712330564994734,0.04262650275230405,0.6669489604838326,-0.3612716182491995,-0.16357543438066785,0.01816196663239257,Thank You
0.0020725557817281343,-0.0843188494985425,0.04947314312160305,0.09235829431459303,-0.08396954045111904,0.4983354972938209,-0.3478322305752782,-0.1608147523613477,0.9375223001648841,-0.3284059608220713,-0.43553419542094557,0.2509618820114212,-0.6033939129175594,-0.0684427063498863,0.7585877009676001,-0.4602180902103793,-0.6055742757933059,-0.39633627569226504,0.32836347940403215,0.4410920145742487,-0.11978773396266851,0.27346300930402184,0.5717316322280064,0.5966574615770273,0.005022515487725039,-0.6804988109922027,-0.23634085785341757,-0.03689899304432465,-0.09322547909042833,-0.02311864388389349,0.3775410348785282,0.4841540345357755,-0.04257340542261841,0.4271188720208504,0.1587122049947567,0.060865166725926616,0.35585817389035174,0.06972587191085797,0.6888614456511379,-0.3332862442023429,-0.13637592043531602,-0.05388988772201296,Thank You
-0.025262960691641655,-0.038018300651181905,0.08227702229785279,0.08855547661796732,-0.08263743784297455,0.4601292028045985,-0.3445879985398228,-0.19331781873234258,0.9557663766832222,-0.26103193526874297,-0.3865200817753482,0.30982858055590967,-0.6186947247068192,0.003527772043322521,0.7590110369943286,-0.44147492220783874,-0.5668306313539923,-0.4571958720883494,0.31584402302194514,0.3871663197521525,-0.11542719759549419,0.2224116092364291,0.5165971813782025,0.6366219211134718,0.0003877514192333967,-0.7203485272708515,-0.22805465657698926,-0.05211244856877195,0.003711893684572337,-0.02787021513747594,0.41924893798421525,0.48062409992015315,0.0020281197816313656,0.4062496838391422,0.20274679941311236,0.018554680496962787,0.33156484946531994,0.0912224426121883,0.7352372353013894,-0.37674466297294934,-0.08581414314840308,0.004072135923330769,Thank You
0.03899613730591814,-0.021421252313323647,0.08541927530039244,0.13322157118284955,-0.05815049869103579,0.47440298828543953,-0.3461608542812788,-0.22804762451189112,0.9675183613447125,-0.31954845516881564,-0.4203963840589267,0.2591028216451835,-0.6474932619339949,-0.023844583512739083,0.7585749731830921,-0.4702555634506252,-0.5704163073979315,-0.44349065228795503,0.31788462742252477,0.4295327357450613,-0.06200804949778739,0.28807839346905634,0.49184688967520396,0.5940738732649272,-0.04023380920456041,-0.6931431642042584,-0.23358253475213114,-0.135740087714803,-0.06329913740387524,0.036170509661711384,0.45681553111851425,0.44519235551349373,0.011001221228979573,0.37876977007550566,0.20643478592925188,0.08260286044243624,0.3726880014678485,0.026331720213523722,0.7418496040006557,-0.41755765580192733,-0.0962030328207164,0.04008441862548297,Thank You
0.001973540684242483,-0.01802488917287744,0.08088353928202215,0.07710126184806591,-0.12078237050251414,0.44362530983598525,-0.3805224236174866,-0.19749862041100444,0.9912829335895177,-0.280757044338525,-0.4124953753281998,0.3189708738126861,-0.6586557906059969,-0.02014499284814626,0.7449776245663555,-0.42886644562055576,-0.6498116697173719,-0.4627504269226957,0.29236893064765435,0.41495606607348007,-0.08457180939512896,0.262860160183397,0.48741204035054264,0.6660494466740124,-0.0015949528217393122,-0.7028481399749655,-0.2014136623929673,-0.1180871847939114,0.0035570542989901838,0.0569955446531902,0.4294319747422622,0.4092615819493477,-0.02592839025893661,0.4325117132686905,0.1516608075544124,0.11341174163311207,0.3618434744424284,0.05659025560602599,0.7224884352660467,-0.4441424305105649,-0.12723845129681494,-0.003999412530429071,Thank You
0.03524285400699115,0.06348036170492985,0.014557003819564762,0.021209408243927183,-0.10195399455222644,0.42567740581485536,-0.33482114301798765,-0.15972180220993473,1.003026429125291,-0.2800501015682296,-0.40239700089599595,0.23547364817009114,-0.6328959374787213,-0.020866883261645763,0.7695352401745034,-0.473495007434079,-0.6155463965968627,-0.48158456220738155,0.2727775162139684,0.38948905500385467,-0.16802440893169235,0.2881249453356211,0.48718853679640645,0.6237506000462447,-0.06318383096065466,-0.7971679709322748,-0.17670578555203753,-0.11578666425087666,-0.05015477781426944,-0.051112409123600655,0.44295341130981947,0.47609439870075143,-0.03397244094497914,0.40236006527829016,0.2146506951331494,0.0730567020491708,0.33874675038087526,0.049543076044821936,0.6646830564287399,-0.4221285940987725,-0.11199635157470315,0.04562591861237757,Thank You
-0.06745489603498966,-0.03375288981069087,0.04007042109994381,0.0788014713730237,-0.09894983264253754,0.46757921620909776,-0.32396460937101684,-0.20928867894748582,0.9862264154742971,-0.2730883650787036,-0.406197312074351,0.3428524354239511,-0.5869890108871423,0.004981359577684641,0.6598098326310872,-0.404872011606667,-0.5786520629156289,-0.37705223541686794,0.37864023817249653,0.47009424805267674,-0.0945549889986905,0.31848437243236816,0.5625562707184454,0.6463943560998345,-0.0808183558977422,-0.709414834957356,-0.21025674003296096,-0.08353192103642627,-0.07517903470355503,-0.056397672920770706,0.39156062094755556,0.49602371726915623,0.038228710737685995,0.44162398203194186,0.19602811608282739,0.07282131781070242,0.2919362827781735,0.06412790320251872,0.7137575585867377,-0.4322390084964627,-0.1201200589832029,0.025880977479335994,Thank You
0.025590455647304926,-0.008343595930990022,0.00037987164729951645,0.0644195652514857,-0.09328750998692535,0.507914114443718,-0.3532417263936383,-0.1668135767721305,0.9669048091963492,-0.2847749223359864,-0.3686863445707709,0.27499995976470626,-0.6509370854436007,-0.023362525770956457,0.7311621405953099,-0.43699999565656833,-0.6238905877207709,-0.430455368315902,0.33851111735688766,0.42919174667105936,-0.13470687635599304,0.267850927637198,0.5056128365363237,0.6459599491333278,-0.03377749703713299,-0.6490301372615093,-0.2516772155767026,-0.08770466241615442,-0.08499104638228178,0.0036968001951002477,0.380338104915296,0.4634422229133344,-0.02034341214694286,0.422553687416646,0.14772156994304791,0.05738661407478968,0.3872744504319294,0.08632152434323567,0.704688965382241,-0.42485244404572914,-0.07240025637631933,0.005583438335014571,Thank You
-0.02067829869457163,-0.02054988450379178,0.04101885938695,0.06107096515741807,-0.13298825734716216,0.4375038738713065,-0.36108710235895625,-0.16444275507051961,0.9467650535891001,-0.2923067890025092,-0.3584997033928617,0.3336754101654362,-0.6421452402484273,-0.04193140639863188,0.7244336263379149,-0.4314570912969592,-0.6086360355954555,-0.44883934125793973,0.31710636316636376,0.39965397545741654,-0.11131288875930453,0.23856042849638492,0.5325786193100503,0.6238823746340408,-0.03814051790295208,-0.7403003467011184,-0.222326086161735,-0.09562817684828981,-0.039284593684466226,0.03668562278593537,0.41912644238030766,0.4479517550652576,-0.03052107970340013,0.4319808891960239,0.20326609619920602,0.08370332562814065,0.36486013884599555,0.09607665232910104,0.7640924233436347,-0.4758151390731732,-0.10174433676530584,0.04215046599965439,Thank You
-0.0401617111840672,-0.02657004552019248,0.03196917135779272,0.05704219093889824,-0.10905033342475065,0.47850796117136407,-0.31023725159309407,-0.14975037689105644,0.9330674803722528,-0.3114330282907775,-0.3571276889500219,0.314227513729843,-0.6311955466982253,-0.008805400811480603,0.7494724222925777,-0.43650282389677786,-0.6125768194849591,-0.42918034651507914,0.29619991890940545,0.40211043888299525,-0.14122496980781218,0.2667918754767954,0.47493716085301974,0.6238914051737959,-0.07908386144734192,-0.6837299936650548,-0.22443051358180588,-0.13693477680085353,-0.06282707303517242,0.0026323986619436667,0.3975048426150268,0.4508832867854888,-0.011419262697245374,0.4244348796739573,0.1212147237582285,0.09174963944214554,0.32018995806113115,0.07724668158150592,0.7204578867221637,-0.4331394174385854,-0.1524706973283631,0.004067788239779574,Thank You
0.04875990927225585,-0.040850250913908925,0.10826204438978358,0.07111426169792377,-0.09353767938402568,0.438628552438174,-0.35934557362843955,-0.1972771751252531,0.926831323080949,-0.2923594770508142,-0.4088128209047117,0.35034862994035565,-0.668660717524709,-0.019924785575671997,0.7578019242051757,-0.48434998084776143,-0.5818899937262018,-0.44919430493470486,0.26674461087299833,0.4425394560908951,-0.1544228610271728,0.24659032808882983,0.5233696209831842,0.6294828694759349,-0.006118275058853297,-0.6638860250959423,-0.241302961824133,-0.06198067368892209,-0.060445999760558686,0.059527833349043956,0.393006790870664,0.5025741538184318,0.016132218389444182,0.4236095882818789,0.14418900262690282,0.07070386024736687,0.27959111312101587,0.0845171217804674,0.7320089508737606,-0.4133224513195511,-0.21096009008321842,-0.025330708670146848,Thank You
-0.02244272948545988,0.008749767995671382,0.06617282098592685,0.07379918307108436,-0.07554145579856616,0.44044260552062886,-0.31790044095729525,-0.16794762247891581,0.9695288141924236,-0.2915531512622577,-0.34168002940557074,0.30962106632198,-0.662731567851902,-0.01555633680605009,0.7729410370603476,-0.4698836223559356,-0.569816651181854,-0.42578348337677574,0.27124195029052994,0.431734127047896,-0.13309550913648333,0.2941389709092549,0.5310590037039666,0.6457525753627429,0.01630612744294256,-0.7055522144938067,-0.2032105733228478,-0.061630271358452594,-0.040702554785554214,0.015897585074412125,0.3959553113917354,0.45911447801899513,-0.048556143097092455,0.42136922710971225,0.17406284774503364,0.11062367976298602,0.36793295664002895,0.0692406539295769,0.6861751003228808,-0.404341921815793,-0.08843830977200243,0.03529393389666578,Thank You
0.03253432574571863,-0.006356685935947276,0.04349408477136795,0.05679885626326578,-0.09627571589509273,0.46887215290065126,-0.33000716227194166,-0.18606880933517778,0.9541933403154832,-0.30939275991885234,-0.3683537737439639,0.297120737534595,-0.6389148099828537,-0.04542837867560576,0.7104091424363884,-0.413001438611726,-0.5858556573458327,-0.4859620298253551,0.3644105694417801,0.45041840283475143,-0.11718335083507397,0.32596690334555556,0.5092341477600987,0.5973930081100127,-0.022696369543948672,-0.69284408890552,-0.2400540134778087,-0.06857178346125026,-0.08781213370449809,0.02225136065836234,0.3874518498984369,0.4422431468361207,-0.01259622555622739,0.4271161414599199,0.16922301937720619,0.0529660100324378,0.32901607777359576,0.04379325020767603,0.714780093894013,-0.38507679745606493,-0.12188879307375797,0.03842081232533107,Thank You
0.04366204013178575,-0.01764055557110901,0.05189545622497638,0.1440416826620946,-0.05126851953728651,0.42105774100534527,-0.32459304164628794,-0.18217308585392167,0.9829957655330492,-0.3084413013542397,-0.42179059531172874,0.27454307420847535,-0.6508393483402483,0.0014542239261408109,0.7149305005536546,-0.4709187813869859,-0.6561651903048301,-0.40703095984588483,0.37964720340342456,0.41293176480184457,-0.12985311544849856,0.2916202335414897,0.5469670187177599,0.6521560363754059,-0.05457769784965174,-0.748755685116495,-0.25540889589436866,-0.08358196505819906,-0.057442001414796065,-0.0016166129851985823,0.39720778051951344,0.44004713765079934,-0.04449243133059522,0.46099758889980774,0.1909749299449126,0.1271613235604479,0.3603972835320055,0.06488477837055472,0.7612207186176072,-0.4183194739322452,-0.11513565183573111,0.011353653310281911,Thank You
-0.08840712657852043,0.04814205036884559,0.07222277219536992,0.08880058865627505,-0.09645210376480169,0.47613271139129976,-0.3541258592035026,-0.1636925050548944,0.9189892218753124,-0.28050988535557164,-0.37975514003337546,0.2888651216525966,-0.6225554581801644,-0.05274553284515712,0.721391732621242,-0.4451388507574145,-0.5821383289511554,-0.49349046421330733,0.35717691947381336,0.40644792271646807,-0.12669881712332423,0.2378380387660517,0.47718404129081093,0.6688814737143978,-0.03266553835599191,-0.7116743600081885,-0.22544975859339508,-0.07110219382764398,-0.024567340833872096,-0.009716454176825366,0.4465842743335005,0.5009054096968317,0.0032196784869087877,0.415765307105913,0.18402493032298947,0.08467380765964465,0.37602275866353085,0.10477136193114912,0.6909728739003772,-0.4499063290136434,-0.14279839127656396,0.041922545384555115,Thank You
-0.047289269903137365,0.011842721673239798,0.06836894654942616,0.11378533859080553,-0.08918866117676824,0.4309335950621988,-0.36498813994755885,-0.21764975128104727,0.9420638532172921,-0.29157898535240584,-0.43156558993714034,0.3389450553868523,-0.6734399331128684,0.017377601637744797,0.7859214266913012,-0.42529128789753523,-0.6233078168146895,-0.426970968172949,0.3031951664139718,0.4500711787787707,-0.12313417795018992,0.26574397003540223,0.4660202130967241,0.5655725303896179,-0.06480766528647097,-0.6668070620885146,-0.23404011086870818,-0.09085841428102442,-0.01811554497011865,0.04670442217856661,0.4535456406549696,0.44262148047514605,-0.06745859953012527,0.48491538139161394,0.23237504581918692,0.08089939289848763,0.3060841091418978,0.10668131664581806,0.7182809803625307,-0.42071686758459054,-0.09492713965128781,0.02266962708874644,Thank You
-0.03557444733044835,-0.009742258052459216,0.07732724167647771,0.0942134635023703,-0.0867383246659306,0.49923256541399175,-0.3470590007626331,-0.17682979236754037,0.8569347992019584,-0.29958144414497245,-0.3736852568932393,0.2831133616537694,-0.6476683137058086,-0.054249089631374176,0.7804675125299954,-0.4357864661819892,-0.5777323806550944,-0.48903091340699273,0.3367027991225213,0.414340637495258,-0.12933178570205844,0.2595427501614641,0.4923494303430117,0.665387057429688,-0.09103698017583317,-0.6468721649159882,-0.20743987426367022,-0.0870485054373794,-0.010577151327584442,-0.05102068651997439,0.39385447385207,0.4681592676179151,0.031785328725962236,0.4127320561848141,0.1778069376049577,0.05755841512752531,0.3588040185783772,0.1281017084182336,0.7513862916931324,-0.41977111352472857,-0.10149617952647759,0.02996389332076383,Thank You
0.015197630150918271,0.03335860082581227,0.0906269849317613,0.07509113892397322,-0.0753424500523518,0.45973702914492204,-0.3638996630175825,-0.19027469829523214,0.9559138276550988,-0.3359393680050278,-0.37079236736800697,0.21180543298921173,-0.5522369837697056,0.02205087293575995,0.7425362740229515,-0.4519575735712931,-0.5934056623821684,-0.4549193061879243,0.34729487484809846,0.41842396839670837,-0.12374281602103085,0.28346740837742196,0.4633267245457924,0.6410848056724978,-0.028748007176873987,-0.6963255193162243,-0.2284300306775487,-0.051642815288491864,-0.04839175236521877,-0.0006458669602256309,0.4527144270243668,0.46941024638902235,-0.0027475843629765446,0.41123541452916396,0.2014263912763113,0.06751404815802028,0.3826993938279986,0.07467688378958795,0.6957366992394686,-0.39694623877416857,-0.13090093995711136,0.03125341165552237,Thank You
-0.08188213154771201,0.00015615785684839142,0.04370449485391291,0.0470081362342814,-0.11119605195187884,0.4540187824509363,-0.3376470649736326,-0.2232096794626612,0.9676903856150777,-0.2451054947735144,-0.3881744892420738,0.31909485394415393,-0.6008446183158813,0.014089184287395685,0.8064706965327602,-0.4672164243364842,-0.6240493381446204,-0.413740525098514,0.36276428701021235,0.44601422671622887,-0.06423616087659431,0.2783646737369576,0.5155172552857977,0.6104860664039842,0.03040819414388042,-0.7102873555931751,-0.23120158585928896,-0.09618104529782029,-0.05712905147810236,-0.029348755630350817,0.3980843725199147,0.43081765274810335,-0.03274101999490023,0.47259584696203943,0.18637495177864438,0.10302291030744068,0.3795150201318599,0.13280855755987162,0.6683778143995938,-0.4542239273499884,-0.14587261477128224,-0.001453509212140448,Thank You
-0.009017081717557468,-0.013409326584181223,0.06407192121059894,0.07996475855257622,-0.11628386575203235,0.40596341347008874,-0.3659935522894761,-0.1986670452234898,0.9507897891030548,-0.31998196210900415,-0.4113265381454012,0.26089557401271607,-0.6374560725007452,-0.055198240929008074,0.724899396057007,-0.49150088831788047,-0.6070998394568804,-0.463237927646828,0.36871982842075324,0.43491947572854517,-0.12301019054961115,0.25409901155268916,0.5141481676559013,0.6606187406289474,-0.029370787209349394,-0.652079952292894,-0.20816598847221957,-0.05837033204053199,-0.033775213252692886,0.012804289432787955,0.3898920640265252,0.4580395796932479,0.0012994242174683077,0.4243899380653323,0.17953365215770073,0.10825757177397102,0.30144962135489006,0.048550944200691004,0.7284076701751366,-0.43905834284549605,-0.020427857705760832,0.02810997325765156,Thank You
-0.002349925467904717,-0.015464078192515773,0.043087785320845985,0.07981011666967507,-0.09123936391804713,0.4575289024389104,-0.3444020585237122,-0.14186134836707465,0.9997373210868173,-0.2785309189316417,-0.43684013596761073,0.31098029036645497,-0.5870530187059645,0.018087931980741743,0.772399311332411,-0.40956767572963165,-0.6008932904154163,-0.4184014054532449,0.321093033430735,0.43151193141242955,-0.08102860718498614,0.26034087412839607,0.4768892556124836,0.6428223821191993,-0.04045130568711829,-0.6807165763247892,-0.23555289379287533,-0.0342253600994916,-0.07647245865760391,0.030146399421670696,0.39085002415735737,0.417912048552111,-0.0020452276965370626,0.40648871403819437,0.1310170164323124,0.024804478254151226,0.34394793289120873,0.10705962737771442,0.7390690957355024,-0.41562623442621427,-0.10739547774790963,0.011821960711211771,Thank You
-0.04289172729091113,-0.0426268195567033,0.05139759794709695,0.07408629823923751,-0.06906934154148191,0.4939490034929582,-0.31805350065534665,-0.19059836701642796,0.9167826071039822,-0.2737298042177073,-0.3808472647526435,0.22316925179295308,-0.6587116375517751,-0.04373713239994649,0.7539170417818241,-0.4763411773711771,-0.6036388556545261,-0.44356054275884577,0.3367418162743585,0.4012521389167358,-0.14008418612610218,0.245615564679582,0.5141345817136271,0.6570307928062294,-0.05676997807915847,-0.6545718050763905,-0.2313931514377255,-0.03987297985367619,-0.05704599093372033,-0.0682629774629044,0.425861435753971,0.4792478837432013,-0.008149668527775591,0.39485997926529115,0.16326813070482873,0.05990800126952333,0.33512826951939995,0.10303348830195214,0.7270470078288118,-0.3990288922714329,-0.12871696014321538,0.0023778643084042296,Thank You
-0.03460447592665931,-0.011101098377045909,-0.04214078285103684,0.0611992378410507,-0.09705504721241004,0.48814008640782053,-0.34426782745386386,-0.17175967935676256,0.8928085123655789,-0.28779704389589655,-0.4469874279379107,0.25857609019750366,-0.6392964583902111,0.015282418558077018,0.7615027386522227,-0.45169343447409277,-0.6030807302738,-0.45865336134439005,0.32519679801930984,0.4355652490918821,-0.1624754500574367,0.2958151979814934,0.4910773464828466,0.6646644261945753,-0.004818635858435807,-0.750383528332074,-0.2394025309112806,-0.11144437920579173,-0.09216401467096652,-0.038441642451203656,0.48703317636456067,0.4900768274760049,0.04833715667116953,0.4389999068191609,0.14205000263914905,0.06379264910538786,0.36185184191656167,0.09090970673319097,0.704200230471659,-0.4626272290087684,-0.023128069322779513,0.00840389451226331,Thank You
-0.009772166795478598,0.003400033917159055,0.05021079613730646,0.08258776406138425,-0.055990403313192286,0.4674934223891231,-0.371088804307948,-0.18703919945847086,0.944270118764989,-0.2433749702122825,-0.3614687722083815,0.2980509456802076,-0.672043567598873,-0.05978226898132799,0.7508202335956575,-0.4421506753085679,-0.6137335031695685,-0.45164958207447303,0.323732323425131,0.4220421489204398,-0.19239750506629383,0.2449837776099115,0.4839210331329917,0.676122809797046,-0.05806584883326618,-0.6947769637019656,-0.21515882548653417,-0.046841053397750146,9.514649015227722e-05,-0.009190733228768832,0.39953095877091716,0.451876537504861,-0.01641337906097651,0.40110595298890284,0.18091411975015026,0.08785507953016528,0.3619527922437029,0.11556303197208494,0.7774065645849143,-0.4135875320891655,-0.08877699180257209,0.0020885791675210267,Thank You
0.03555020950749047,0.031845274715275325,0.08774513291492705,0.08172799206596545,-0.11464956681641153,0.42939402364375157,-0.3374086073537481,-0.13619950935663705,0.9489068251663642,-0.2625381407658864,-0.37128380213494067,0.2863146090394685,-0.5941911468287097,-0.11026532341254472,0.7136840273859757,-0.4797093332789601,-0.6270862692758086,-0.4271566060126792,0.3502174345121074,0.4345636848930084,-0.10303218968012726,0.24952043939863333,0.4661872764921926,0.6517873044087242,-0.05255840178479147,-0.7473052593179409,-0.19281477947821962,-0.04392549137250409,0.008932650972187546,-0.0018554125206797318,0.43257346388578755,0.5128875772904891,-0.02842395608770611,0.4474472841402336,0.17256718449369957,0.10265713457588688,0.3497815471356305,0.11667222192143994,0.7282262038191551,-0.46184680567541475,-0.07820310597500002,-0.015787537546615875,Thank You
0.037591746307317424,-0.002707286443209661,0.09277298337256851,0.1129489552762227,-0.08169453266722372,0.48648593630852976,-0.32352863261233816,-0.24260462831254487,0.9617520787742324,-0.3195738636118449,-0.39146672983813874,0.2605369192757872,-0.6692300501910775,0.02514253397448744,0.7824499573918466,-0.4523646419365309,-0.5969517590823162,-0.4446819753205463,0.358612591699876,0.40246233673129406,-0.09110242661806314,0.2704309712425795,0.49013714862147534,0.6405491045030337,-0.05138584447316662,-0.6903305374720073,-0.23807598569386604,-0.07172284048300794,-0.0013019795514279398,-0.02904529476916655,0.4098782372877453,0.48563145198069435,-0.022257203036445287,0.4280565704434108,0.18096726328895552,0.10774363829443827,0.32601905512680507,0.049501263422085655,0.7122931692559967,-0.4463600040778052,-0.10482595882301676,-0.02221415432274486,Thank You
0.06999049254758065,0.038877835847212515,0.05786992690464675,0.10492773162015902,-0.1437028778260086,0.5469310767217026,-0.35391392949412986,-0.1858048080410933,0.9025241735916332,-0.2715033191874612,-0.42979266886282186,0.29787486851426453,-0.6500097249420314,-0.055337819126039925,0.7262356906952424,-0.4454667233656407,-0.6409395477758517,-0.45970884467896334,0.3614145018584247,0.5008183639739876,-0.10658696991751172,0.25050572720768416,0.49171913339424284,0.6408453841330657,-0.04413418809446953,-0.6730992629547938,-0.21543090352403732,-0.05854297702027691,-0.04721548942770111,0.032299362426716355,0.40880093347815405,0.44265583451549195,0.056138129044263546,0.35937762120977734,0.1421431357102555,0.05643494945069731,0.41944794470104935,0.13199028715339522,0.766338335252175,-0.42724719376268216,-0.048975564829188425,0.02368894479777662,Thank You
0.02931790110909367,0.0053908614331862085,0.05600865667693977,0.07135253661242837,-0.10088802169925973,0.4894846262400582,-0.3251914971648535,-0.18313402673022305,1.003487891988252,-0.37509453039191,-0.3813057267128728,0.316357356867053,-0.5992726059066401,-0.024951644309730448,0.7566041377696396,-0.42266191288876465,-0.5577598264613816,-0.4462605741036191,0.34952557391431716,0.47310118665822093,-0.1846354467804674,0.2573231984785652,0.546707637854501,0.6726738489567374,-0.017978083247597476,-0.7136489141501754,-0.24840966298402664,-0.10351501714484422,0.008658070905788545,-0.026318924839581728,0.4168381899337902,0.44918030124377933,0.016101738515967724,0.3979651652082176,0.16137748076477088,0.02474432101432438,0.29579770942320427,0.07801471642864508,0.6817657762869762,-0.35417483471135713,-0.18360659830780918,-0.01136687427737564,Thank You
0.0005010260180265126,-0.010953988133873533,0.024368290116719746,0.0501680616453617,-0.12431844422166202,0.46262822593511393,-0.27764961844259245,-0.17985176672736625,0.9936891868889121,-0.2708826479548438,-0.363186472211042,0.2108262665894761,-0.6428152325887421,0.0162085616163918,0.7332144610656409,-0.39936616944211795,-0.5579781139767541,-0.4513184160320799,0.32642139484909966,0.39233579245712413,-0.1398024614600158,0.24104590454793534,0.5155968939094023,0.5962163191480954,-0.01553944908969165,-0.6813486470498944,-0.27179124016998174,-0.03928399037772283,-0.022373896886315574,0.015025296478424727,0.3910355449603173,0.49046290414382526,0.02461032110465888,0.4111687016484705,0.22436297124685414,0.07656772405299728,0.3784223305229267,0.08657478484675954,0.739086136928615,-0.46746740192043534,-0.11062929279798078,-0.009410868355170498,Thank You
-0.02539194917333063,0.052323095533979354,0.05107954637476685,0.04880684190095484,-0.1053727707399511,0.4322163699120584,-0.2931909570822271,-0.20306030794910798,0.9740811702255964,-0.24540873690337828,-0.4116069245869505,0.31078586863546726,-0.6645840736014281,0.050367585995280906,0.7784579397866196,-0.4580185575510305,-0.6256798305164558,-0.4406643911334448,0.3313167887499448,0.4813323043477434,-0.15768067617054893,0.2820676191717089,0.5021824164974009,0.6363754049381423,-0.03690993922354858,-0.7036731322605163,-0.19576312602450108,-0.06750901517279996,-0.025214827377588636,-0.0984853250292794,0.42278934723149536,0.4221223497845292,0.010208122507071676,0.4583618746457263,0.1365181240917468,0.06739236333532794,0.32621808535776253,0.11484747390170391,0.7243713275010712,-0.3654775524744022,-0.10934827885602005,0.019911890101622063,Thank You
0.00204620347808509,0.024539762977720102,0.0053620678692770235,0.08146621549583503,-0.09670021520852382,0.4929924415944488,-0.3418385393043363,-0.21335191864899264,0.9584226924548773,-0.31857715419573834,-0.45436021052813313,0.31663887011184844,-0.6163096447734551,-0.008992772758322378,0.7894543884064953,-0.47219132109732403,-0.6454282428729246,-0.4393453878524974,0.33109129142931304,0.39747509622465615,-0.12331010910873574,0.2596754220868653,0.4476523999957073,0.6266624132246755,-0.06774269457651402,-0.6932415658085741,-0.2416361507616837,-0.052429604343341464,0.01033380629926374,0.012915797025435844,0.36726471554710083,0.5169474105560029,0.038090131124209864,0.41469066895784906,0.20399308227946927,0.058695530864208804,0.28821137846386474,0.05497598747035208,0.7733995169242517,-0.4620598315997364,-0.12177526648649685,0.013662701482753847,Thank You
-0.015389227319034353,-0.01330564799511345,0.0596601278437234,0.06204102657217793,-0.1372605768117228,0.4776808350680195,-0.304006493654766,-0.1561027100645099,0.933910108185592,-0.32362877579101834,-0.405127980615152,0.3418589409611536,-0.6143135495855089,-0.001886560774302607,0.7770622443016858,-0.43961736751264874,-0.5988765621613795,-0.417375287648817,0.3251313172939498,0.3803100773867686,-0.09922472646537217,0.31515571964547956,0.46918560031573125,0.6645553584209654,0.01677153182624739,-0.7002583940096154,-0.24649517355671643,-0.08208798836177035,-0.05429819476479327,-0.02596754746361339,0.42679102302474675,0.42367964633873484,-0.052499350061769895,0.41470568002982916,0.16363604130203038,0.08555242231680722,0.4004555181638541,0.08091994171127452,0.7394656554529528,-0.44659342195983115,-0.09872277503894557,-0.003153341270772851,Thank You
0.0021426249774327954,-0.003265458752074851,0.08848188086405824,0.03960660019896976,-0.16309598093513605,0.4648268958670781,-0.3221515534209614,-0.17762180434988753,0.9951682993297036,-0.272970758104298,-0.4135177941063044,0.22506259104309323,-0.6408008589801518,0.007833268989604323,0.7386051022681075,-0.45139075647787336,-0.5898540109605857,-0.4677032657757505,0.36021337731965486,0.47185762142780935,-0.12609903506090406,0.24415164381803375,0.500734527685753,0.5731661906902223,-0.023544341656099824,-0.6866227766274444,-0.17168601919909718,-0.09159839234457176,-0.025527615574378125,-0.03330428723649837,0.4031026873908481,0.42603596748976574,-0.015025171025500151,0.4049676790130539,0.1732812904520702,0.05653787859562997,0.3466991170386052,0.06778311896076993,0.7115755092939237,-0.41491656411250133,-0.12054521667493139,0.03547360585409663,Thank You
-0.003619291023895046,-0.010496560473690094,0.05206843046402053,0.05746597332498997,-0.10539615470368502,0.5321646381719127,-0.3635878539489912,-0.19054957564049183,0.9465775123091956,-0.29350708669702,-0.40653952341686045,0.30320239870391363,-0.6849867449960491,0.008109643097830518,0.7693440197373869,-0.48952651197010033,-0.670567136778359,-0.4665566589324981,0.33423630657767667,0.5001527246884814,-0.10461692555487366,0.22379588699755906,0.4820428933493839,0.6383013408602989,-0.026040932946455396,-0.7396334737662145,-0.22600481485377588,-0.10730772269588923,-0.07089493259684172,0.000322225236047277,0.4370118162098851,0.4970227688984803,0.008050108147013197,0.39920586762440297,0.18574179031330848,0.08451741814873778,0.34821701299791286,0.05943372697794594,0.7066142071226632,-0.41511082580765557,-0.04856467093487664,0.021675659085289185,Thank You
-0.018335655067508578,-0.02497168334908328,0.042739655436951234,0.1442247002566917,-0.10657652127506373,0.49843599281802436,-0.3474853384922558,-0.17435434938572367,0.981954530427548,-0.3032490238239858,-0.41583569377509166,0.34459128650094356,-0.6041437051074213,0.0007146684825922282,0.7739848245418084,-0.43845309973887436,-0.541961544194535,-0.43592724549194134,0.35883417143651797,0.3792165798699378,-0.1456634551018391,0.24199900647795158,0.5409544660018967,0.5633215093878658,-0.04572074025797998,-0.7900022060367204,-0.24689374487892074,-0.100507017059529,0.003763957095049092,0.004433194011722375,0.3888012553067315,0.5037704421815865,-0.008646514751110357,0.4152539593798284,0.12822515223624353,0.04554537358851497,0.3194458375109867,0.07917835882362557,0.7238570627523293,-0.37100465398567084,-0.11020924990630665,-0.06858858612761576,Thank You
0.007879259636150713,-0.04350049068502598,0.028513526078291225,0.05454081267842985,-0.11449897160205391,0.42997539501850673,-0.3301030310245465,-0.2245139541768413,0.9689022004247817,-0.21898280601783915,-0.4364831159185305,0.286289886537107,-0.7093852128296694,-0.03203355986723361,0.7696480503270655,-0.4306211874474883,-0.600173906681264,-0.41056659180548677,0.4178979364987741,0.47411310835088616,-0.13659026238639096,0.23449045687900064,0.49054801599919806,0.611488230979968,-0.020111013139459323,-0.7356268141397868,-0.22413978099217433,-0.0606381269314837,-0.04080305190328754,-0.03585505884735523,0.4490399227341712,0.41542210224701687,-0.019015334063326977,0.4128771529171708,0.16478255722139223,0.08066066668795158,0.3625119511036372,0.07672229745763937,0.7104787424785987,-0.4295551142311831,-0.1401063790055923,0.036264684412353435,Thank You
-0.019395854384295436,0.02540313327024733,0.05806262628443345,0.06326825262453586,-0.07604660542436081,0.4494062590380223,-0.3170619699062688,-0.175808101988359,0.9403124315345287,-0.27023289386965127,-0.38020465237984946,0.3295507838415824,-0.6046970815820164,-0.00826728045634113,0.716538807211858,-0.3787827547429846,-0.6446033049219413,-0.40876659931978676,0.3544548149270793,0.38751969655332474,-0.12464366267045685,0.27566098988566357,0.5419000399707279,0.6184983869400821,-0.04150978976812892,-0.7702730961075397,-0.16991222422075675,-0.11789259585817514,-0.027974849791596985,-0.010507879056577258,0.41085547200310024,0.4960873901357579,0.040956391422105956,0.4216717637168706,0.1839576379983191,0.08511253110742037,0.37472469922727125,0.06389702924441007,0.7537822075754015,-0.3840124379219707,-0.0892847946839544,-0.0071660513375467975,Thank You
-0.005050129027115726,0.0071840096634130475,0.016367392471767148,0.1267535030728002,-0.09496711790175014,0.4797477134078575,-0.3535176243199312,-0.2219962124051232,0.9400812756430432,-0.2795158127006804,-0.3763994797678978,0.29967894188536526,-0.6232797714670367,-0.03311629231857091,0.7652539927354838,-0.4077553783966291,-0.5813511353166173,-0.4129582379006678,0.3503367923996893,0.3776493156397701,-0.15225463042303916,0.2916698504929181,0.5024043869376096,0.6530930005426732,0.0166412629599239,-0.6784099279800218,-0.1841885218421794,-0.08293810688345112,-0.06199864604330542,-0.009201628941351571,0.3896529465950263,0.5185403792928052,0.014530249909061002,0.42974232851745925,0.2013835935362464,0.014644092569912386,0.36184289504963224,0.038465147099868716,0.7213028199889392,-0.42667866166540863,-0.10190880658153324,0.019484003351376143,Thank You
0.04035351520835365,-0.01805691482797841,0.07876608550563584,0.0837725933371847,-0.14365752999883144,0.44367138302402487,-0.3407038321337802,-0.1488211121273607,0.9721138639339998,-0.3211169630461095,-0.4008118309919234,0.35535938913107457,-0.6303447919090694,-0.032825268330301485,0.7651187249708076,-0.4293385720007472,-0.6161798690141888,-0.4221672513171129,0.3316496155203661,0.44432379578264136,-0.11582383976496335,0.2924826112845896,0.47995705211138706,0.6152591224263027,-0.0052865204356164625,-0.7025728993984667,-0.2134040657514832,-0.0949704113801686,-0.010820372498362912,-0.02569994356581107,0.409727463809574,0.4953713149707256,0.02600754858792489,0.39841417488781034,0.22309581692807978,0.08464303581641763,0.3129109086550903,0.08885608208669893,0.7100305145084053,-0.4043053792758969,-0.12304659237425182,0.014866595388251825,Thank You
-0.027347801297584375,0.0297018369214908,0.022808832802106355,0.04564294996806989,-0.08357801142226026,0.519315204195055,-0.3467852840400474,-0.16116071594299355,0.9904023775131927,-0.261651405210866,-0.40593859282571904,0.26209379415146145,-0.6999079189244359,-0.03089071606200141,0.7857091568049862,-0.48596534393106433,-0.581488523164224,-0.4657490704498122,0.3446984777120955,0.4439777161524087,-0.1406994976092547,0.2831381168939102,0.49027981839465234,0.6610521737166337,-0.02659192452085919,-0.6984957777240238,-0.17520460921020473,-0.06590936429652394,-0.058492731702560904,-0.010041561188854195,0.41151853745421063,0.474201117768388,0.06655379591122175,0.4252525103999408,0.10322822036626003,0.058961815854100194,0.28622759388447816,0.0678905729176247,0.6619011840511162,-0.44347514802344506,-0.16738255083346526,0.024163190021571808,Thank You
1.6180878866359257e-05,0.009088869224961932,0.05435611215958153,0.03707696432408721,-0.07919318081904281,0.5288966135877994,-0.32393111376991873,-0.1949676236036395,0.915360156924123,-0.313333947452487,-0.3830111544533468,0.3270187364712649,-0.625855506712636,0.0009911176130498883,0.7715968830689383,-0.4370443326466288,-0.6222490264476246,-0.43202678918900145,0.3160649663040262,0.42326683631650125,-0.1109887285720945,0.3283870906946084,0.4634405992653832,0.6543429428782276,0.010785658173309537,-0.6774255749817379,-0.19696674472971282,-0.06814770151153865,0.001167858974490274,-0.040089989208292376,0.3722177010274931,0.471601506375674,-0.07401634549415438,0.4510463277439512,0.20092675333426654,0.06224526835307336,0.33307563860953715,0.07561409637447974,0.7230811104560977,-0.4135122163155636,-0.10501394173809259,0.0074595940922931375,Thank You
0.028295799104333816,0.013378433313759099,0.03928375044045825,0.11895927686434266,-0.13534653148035947,0.46846490245507155,-0.3071999690958511,-0.20388207877147688,0.9674888416103009,-0.2697917504197166,-0.42241806018994577,0.2926508640794626,-0.6383766068605715,-0.0395576366330984,0.8194167813096442,-0.47513355499157056,-0.5723469097677505,-0.4490285250546903,0.3089172147539319,0.42582839502241027,-0.10144183297247684,0.3056388637249732,0.5496005118160643,0.7282551026465414,-0.02613601346273039,-0.7200837731716635,-0.2083688782106173,-0.09376493707976777,-0.010003191823205335,-0.04638057305589299,0.48484553727861357,0.4974729734328971,-0.059701602920888025,0.3928560865491617,0.18878772879282146,0.11053610669075278,0.30603162769239356,0.09917529614198836,0.6631002947630513,-0.4200075098555236,-0.0883994996813455,-0.003907087220541934,Thank You
-0.04520766897414041,0.004386443891326779,0.039351087817572974,0.09779264781219482,-0.12115861486322668,0.44805077009012284,-0.39683756075440246,-0.17709154429256804,0.9533750240589883,-0.32174347845189016,-0.39078838273749583,0.32563730468660784,-0.6401485302568637,-0.014960492583470403,0.7585658732356759,-0.48837025920357513,-0.5407972439685591,-0.4513699894519245,0.36119978647629847,0.4458204260446297,-0.12510248831757442,0.29622742722479184,0.5101071351509039,0.5973685212316662,-0.04361962061290095,-0.7185675350275237,-0.23580745925484786,-0.12489864390267215,-0.003989164216391332,0.04059413547348104,0.4431355902865527,0.5099074073140459,-0.019520527497247767,0.3950392485690298,0.14094768606505198,0.09456773269432582,0.35101064810367694,0.07546786928104712,0.7603749472687693,-0.4051791932769319,-0.14692063407005923,-0.007788880191523359,Thank You
0.020459798977624365,0.03125198557963791,0.07404306078431641,0.1358125592663822,-0.0455486069247423,0.48446095182523874,-0.36136491091256023,-0.22148951097606556,0.9465807198568449,-0.26349553493720335,-0.34180293177115045,0.3073486066996077,-0.5986198081273582,-0.030364725663763685,0.7690496095049475,-0.4275396595038911,-0.6618826468653628,-0.44964765861955136,0.37000731194882647,0.43097801779685513,-0.15681008594862986,0.20511990520118212,0.491759136137352,0.637750143161672,-0.06016912807024866,-0.695898459846062,-0.20676350559747722,-0.06565793344578602,-0.10845974346674189,-0.046894197099164946,0.4046568215559584,0.4889567245207556,0.0054955380194979826,0.42828305205491113,0.15280275921033537,0.06541678188631032,0.32234887845670024,0.10083034447217533,0.6939058273107217,-0.3918263420357051,-0.1155253078003123,0.011287050328892873,Thank You
-0.019701311993293998,-0.04066625583492379,0.038063071125295944,0.06900569077147316,-0.16566955124412241,0.4653092221196759,-0.308476770087335,-0.16517334846109635,0.9433159959350411,-0.28468384937723124,-0.4132872812331686,0.2992880176673545,-0.5874782572419743,0.006049463000616664,0.7659903649189035,-0.46702691175971783,-0.5799966668014418,-0.4878508030894476,0.3339456959607636,0.44025531032247667,-0.09870199808266933,0.298120111179475,0.511577479172703,0.6340259645759719,-0.01751216048060364,-0.7287768391744909,-0.24729542591326154,-0.0839265082737641,-0.032586246437509805,-0.06223409952186073,0.427449892435086,0.4949733819272135,-0.011500039510991943,0.4853609421171306,0.14381724427994771,0.06441317010400306,0.33234674932553615,0.07549889229026936,0.7116587465539204,-0.45953175022953835,-0.13815735383153593,0.009709763809325199,Thank You
0.036857162461859924,0.0660672982011874,0.09755687075215697,0.05564452594004155,-0.11547311021546983,0.4664500194544353,-0.28267072446250757,-0.18715260718956933,0.9183769474911634,-0.3011272524382791,-0.3738906640959261,0.3155234039741663,-0.6396879919490449,-0.002503060871328698,0.682171369671716,-0.44912548733722535,-0.576674255948728,-0.4622303928028921,0.31642614432560173,0.3667505231448539,-0.07321776665978105,0.2564189571623558,0.5099638568322755,0.6580152251929896,0.011710598898845286,-0.7048079411764708,-0.2381380018278166,-0.0805865191104564,0.0007402325774963775,-0.012570820106944852,0.3851494285590782,0.4255687963401708,-0.04582040392515985,0.4400586985408108,0.15468656318019897,0.05702015770798784,0.32271973981383417,0.08033589643500534,0.7143368381299415,-0.4255213982029698,-0.0812811871101195,0.05877887313839648,Thank You
-0.048300650187269895,0.009827781934288729,0.03418679085799555,0.07145836341438694,-0.08532047034288404,0.46484827927178823,-0.32929369470928616,-0.162000779443155,0.967039476223496,-0.30549702745471674,-0.41547833235961834,0.2516340367687426,-0.6592991008799168,0.03585654977882623,0.7266064285252636,-0.4880417287615209,-0.5928969827344437,-0.44055543732701186,0.3356485033150136,0.4650153467201209,-0.10444083423735091,0.26212378852189855,0.4899982809686588,0.6248201185313178,-0.007409250927990593,-0.7094354368404959,-0.27574971308808854,-0.08722813892960334,-0.0838929557526101,0.058061273887725716,0.3848254635911835,0.46693558762889975,-0.0014354003459689764,0.40546720879823395,0.15560438542541755,0.08790060359043546,0.3899852352732408,0.10080979308351881,0.7658759073001153,-0.44872600713419725,-0.11224002594678084,0.01729576624429586,Thank You
0.010532738750302044,0.04128695911906718,0.05086897932287569,0.06674079583359711,-0.07857939797412494,0.4178837949527404,-0.3433130526017805,-0.1862158163026761,0.9305914137180785,-0.2543801679889907,-0.42846955367080714,0.2907490042163698,-0.6248867751946062,0.017598045766153935,0.7500498427016954,-0.42415575656436,-0.5814769566714731,-0.43354076786318174,0.3088308981722867,0.3797065419006277,-0.11771947246152627,0.2617426702559244,0.530310391246851,0.6622734094914458,-0.039189769408509795,-0.7349223956751398,-0.20663304152624584,-0.11631703195162751,-0.060536093406698174,-0.036848116311375974,0.40964047034840184,0.5068973006117485,-0.009332708493708944,0.40083039284578,0.11853684956804598,0.09180952254750444,0.32078661833149363,0.08131004920374278,0.7108939324654098,-0.3921821173034091,-0.12647799670529825,0.010870594046855933,Thank You
0.014572414423663787,0.06320820546789557,0.08414606172739394,0.07624771363976146,-0.09450288217822621,0.4554840929699828,-0.36470736223370603,-0.1987724092361022,0.9350377032959281,-0.26649088681581146,-0.4287381898865782,0.33482151250868497,-0.6111201004457304,-0.022390449197099562,0.750376094092073,-0.4689588036766429,-0.594392286249354,-0.40460172065199834,0.32042160655281593,0.3767422050601963,-0.09981808685839955,0.2877545557003168,0.4691265944531768,0.6178959728210648,-0.05942456779690253,-0.7219269760279293,-0.2316655906356997,-0.09377496769599543,-0.05730598537082604,-0.030210558749919184,0.406931970689019,0.47682227663541854,-0.018670378477948422,0.4488869643188499,0.1795479289020269,0.027520409299848274,0.35991058947176807,0.09595084010656738,0.7084784418991833,-0.4621833615104869,-0.1215189021621076,0.012407125138080158,Thank You
-0.03364938709599584,-0.043536576487798066,0.05486604742303414,0.07191358106869508,-0.10711678285635667,0.468727554737319,-0.3692907823427247,-0.19523450401009596,0.9742019231257167,-0.2965910407402267,-0.4467615183042852,0.2806444273355765,-0.6657862458595011,-0.014991412184277693,0.7599316578495338,-0.5020036031407872,-0.5797244294723213,-0.47061008358661277,0.3882917691349609,0.4212806797927397,-0.15830643946027673,0.24376399435222235,0.5131754172500326,0.628158717251537,-0.03655105686394253,-0.6518076009759907,-0.24293242994133632,-0.08397966283670182,0.004813158902419359,0.0006497600990706632,0.3655974189458603,0.4869532009415958,-0.0440715681205064,0.4563311794805998,0.13961926931946397,0.16433107023797908,0.38822003615918277,0.05388614354016053,0.7221209050929573,-0.3947181054423883,-0.09825109071764045,0.025908472481833394,Thank You
0.0375647711089833,-0.0036890683990310857,0.04649112375935632,0.06849997719248142,-0.06884762493752106,0.4821853079887952,-0.32746898115740747,-0.15833285814639708,0.8966705999716706,-0.27678987361343355,-0.3900452774842971,0.3448894381063048,-0.6795391314222052,0.02371009789317312,0.752628809615861,-0.43757067846840497,-0.5522172549615056,-0.4204216565080888,0.3535273491043672,0.4300127033018277,-0.13541897855393317,0.277168902737691,0.48126717551272974,0.6385607069657239,-0.1037293604870512,-0.6873198209298753,-0.2256072256279728,-0.09586466066757594,-0.031189433200567936,-0.05047256185388456,0.4716736009052389,0.4687085067450037,-0.01355681537616877,0.3851650673146232,0.16502368894288114,0.11685458171380755,0.3752762427923135,0.10341765316321658,0.7379124594929272,-0.4280837097182705,-0.16526579995554275,0.00660722152654843,Thank You
-0.007076143936010316,0.03146383319013723,0.06677436709043193,0.1272752426673262,-0.05867416569553963,0.45753500849459294,-0.3900613670267112,-0.1406226286058681,0.9989837289042086,-0.3270782860567548,-0.35132514355568356,0.3062887107850592,-0.6288609270105256,0.025437996549290205,0.7907070909450394,-0.4327004358283502,-0.5882983066154275,-0.41875266583234527,0.3295145774040146,0.42109092423578853,-0.14798414914193814,0.2680323832008352,0.4917335421363442,0.6208385528598385,-0.02954904449594441,-0.7099104334779192,-0.20688806640390484,-0.13444816696638598,-0.04118281954199122,-0.0035190949595964695,0.404476623811494,0.46661974959535474,-0.0567388627088988,0.42482126675869564,0.18373347694641542,0.09005190383172215,0.37536056829261794,0.08383040880247494,0.7358809263624372,-0.41264471173768663,-0.10113438335666686,-0.034678504401416184,Thank You
