x0,y0,x1,y1,x2,y2,x3,y3,x4,y4,x5,y5,x6,y6,x7,y7,x8,y8,x9,y9,x10,y10,x11,y11,x12,y12,x13,y13,x14,y14,x15,y15,x16,y16,x17,y17,x18,y18,x19,y19,x20,y20,label
0.005389981166147619,0.028584563316703646,-0.06347478083507599,0.04813793328113865,0.6786387688033128,0.7425472099947125,-0.29953066298513176,-0.8269010577893571,0.17511171306819437,0.01954575442647794,0.2762458230900089,-0.020768895760050452,-0.0486122542081191,0.2771199634490964,0.36979645467375283,-0.5269509459949931,-0.3418303436787217,-0.07565800229950534,-0.018558542942547808,-0.13472814074510708,0.03426364783565906,0.17542046223012536,0.4603432165678286,0.09856794453962013,-0.3135169326395409,-0.1925904805675266,-0.03129118601362821,0.09727776605675441,0.11190603678162758,0.5631447797077833,-0.18907155270559203,0.052634257365803606,0.7327596805712417,-0.2711876867316963,0.00655885616691396,-0.34763718613473693,-0.04760400843769195,-0.3200871490745601,0.22784894319321408,-0.005770994371295541,-0.29907914844477657,0.1604235353650899,Yes
-0.0027414378128382956,0.026414439027423405,-0.028102377792647015,0.04202618745847558,0.6437085347182623,0.7424039671091471,-0.26436140578364853,-0.8244026902640645,0.10282501640744723,-0.01621281507092462,0.336154694293956,0.005149653523575687,-0.07279451208387075,0.286631810931461,0.3349646668108806,-0.5639511556675276,-0.3150573634746288,-0.1300943554318577,-0.04151274397149108,-0.14318778891547362,0.04001797299872703,0.1959013188435102,0.5235957558462189,0.05505923928610092,-0.3601079440271758,-0.17631826051696076,-0.09366084195025279,0.1050025476831856,0.07446732545510158,0.6614800838657258,-0.17157988219709672,0.022143643961981943,0.6723174410348127,-0.18297330747443974,0.024239560068687174,-0.3630219574797858,-0.025823165254470152,-0.3191488290249991,0.24002261204541175,-0.02213490983729324,-0.3555820828248808,0.17063245150450637,Yes
-0.016155793607054356,0.04545529180330667,-0.0328001496054894,0.09920833998967213,0.6032181348693499,0.7395846291150121,-0.30817893771349475,-0.8619355065450003,0.11342208308498761,-0.004772866689426022,0.2971034612650878,-0.002655042257585335,-0.10251084931772937,0.3355050791620184,0.34783010969351885,-0.5572896060169037,-0.31098449389450483,-0.10265253920163016,-0.03245161291589179,-0.14333467985779016,0.051362315647356514,0.2709457936463384,0.47356357716845476,0.09481715764872045,-0.3113435586834079,-0.08620430550500063,-0.03150351090339766,0.12383473240764778,0.06137502147907682,0.5434928901089934,-0.16203568316267994,0.09119925913382926,0.6880698065790002,-0.23653827456896798,-0.017602933921235853,-0.3356647391925211,-0.04351465949305215,-0.2679949374227945,0.3080684267378319,0.027080260397383326,-0.37163294283814763,0.20990750493087657,Yes
-0.029078375950330956,0.025319677563575897,-0.0020736560115297946,0.10898391845971439,0.669899711880561,0.7769713607769674,-0.27588549247120064,-0.809411451749188,0.126871517994139,-0.01075633272728376,0.29433414597905005,0.007154521130767715,-0.033788509701372114,0.2799154378796512,0.34501111742359436,-0.4915009613628013,-0.31397000807181513,-0.09837390615131707,-0.06649046203545891,-0.1350868603721236,0.10192591477885421,0.23619824967038136,0.5660204802989817,0.04430742938230145,-0.3072765990948388,-0.10093893030666179,-0.06282925998480546,0.09744716642280932,0.0876175666718814,0.6157691465686841,-0.22596397824572656,0.05905424813208267,0.702729585918906,-0.29698699771047005,0.013877499135084988,-0.39763385843839394,-0.07300447986432271,-0.3435277958702991,0.2605178433670906,0.004008285332507036,-0.3531232305319089,0.23922809916824897,Yes
-0.019996686936991376,0.026225096156894983,0.05614378544759385,0.04775417492749301,0.6812879838336661,0.7760540646285468,-0.30442284099886197,-0.8080783140042217,0.1474619438742536,-0.022024576994493034,0.26257758490652977,0.03854316454105394,-0.06484897478595056,0.3551836611115107,0.3598281236792534,-0.5605001123414646,-0.3346523056764576,-0.1171299244660199,0.04959998065182253,-0.1743282787313202,0.08252669296205545,0.23201355725509326,0.5184473445786107,0.09732774489667206,-0.3649793131521465,-0.1281819118491936,-0.08805856324475511,0.07439345392493021,0.05493287622621676,0.6252647561184373,-0.21377955715879188,0.016054549592327,0.6943656122656094,-0.262543875919743,-0.047725689199854315,-0.33192370689768097,-0.002041335295750523,-0.2844492937406862,0.296248654074515,-0.08965700844709928,-0.31165901324949585,0.171849566006254,Yes
-0.023465602320062964,0.004689754318663308,0.012301993403460956,0.0686718149322508,0.6826269515692521,0.7458937231155479,-0.27158880695885057,-0.8152745228888432,0.13436612901626055,0.012447381727336837,0.314002206067533,0.03546390696642399,-0.11145570105071327,0.2950139438813717,0.3531374347526285,-0.5187601328550835,-0.34186215648299967,-0.14852947162930213,-0.00887716456664163,-0.15847964985899715,0.10325400067082505,0.2280209770205008,0.5459469092259411,0.1430161925849463,-0.3219027999115787,-0.12872172685688607,-0.05350448161084191,0.1039372197107728,0.07825471263104843,0.6210098444687955,-0.16139126609856755,0.012506043932113645,0.6767175679591109,-0.28758176746806874,-0.05271033803262025,-0.38258550146494746,-0.010065225963603503,-0.32799702489781973,0.26846116106149764,0.00694764777067847,-0.35350233265244874,0.20804610581854033,Yes
0.034627044146992796,-0.003697258165534012,0.03276152018209689,0.023638750797525827,0.7153769640993585,0.726006479244412,-0.24623603408967396,-0.8449287979924324,0.1718552377641993,-0.02857913372829661,0.29782481185199877,-0.00179259255000426,-0.007560107387633491,0.27150175515187963,0.40690549651688956,-0.5536808141167112,-0.35960125487645184,-0.0802393319749528,-0.04052062817379848,-0.14800772973052137,0.07634597624452544,0.20877016033646323,0.5011597800870108,0.15093172415699246,-0.3007135030687882,-0.11536929157652989,-0.04570869915373461,0.06037522771282533,0.06133355712598009,0.6015980304039135,-0.2080997955352801,0.04267367955238326,0.6722097792099723,-0.32661418736298614,0.016898392645175384,-0.37340639850030616,-0.001008768274635901,-0.34047155431400083,0.2631014737650567,-0.02664964594409724,-0.33209303529026674,0.19081305034792115,Yes
0.024053555529854574,-0.030189240167792605,-0.03388831599173955,0.034969776591337876,0.6922302162816291,0.7614773566422618,-0.20937825562726134,-0.8660833769266697,0.1421658213871049,-0.008850214317130381,0.3077014720602822,-0.006677130762223905,0.014856527584693156,0.29156321121520656,0.323791025786562,-0.524281650620278,-0.3286272630130109,-0.025288840049905517,0.008726989019857568,-0.14630076965578878,0.08265571030362093,0.2766801142254879,0.5334354548210073,0.025637749728203943,-0.3115178185259551,-0.12148407813594884,-0.11841106259839711,0.11856720944237593,0.13848282739987822,0.6064277605868407,-0.17117449746306082,0.10420195222561209,0.6833212266580035,-0.3199010890587123,0.012068381795971356,-0.3881313917911165,-0.06929392319208497,-0.3296995741333234,0.3063112315236031,-0.03131523488612707,-0.3813238536707024,0.19105140498865547,Yes
-0.0005842939590403651,-0.05788446787878246,-0.033328150591764326,-0.003257013250667941,0.6752092965246044,0.7084172574341812,-0.23137981503955912,-0.8379277850046635,0.12197898305160615,-0.005398517573484595,0.26311764277597444,0.02608603995514475,-0.05764012583828304,0.2744722576013107,0.36856367625448355,-0.557958322919901,-0.35716253637947815,-0.10133912909501513,-0.02357831454057437,-0.14272982798275355,0.09584238796123969,0.24986967496525336,0.5217123687301729,0.11590733591718316,-0.3910267301582142,-0.1747596122951633,-0.02123827253752534,0.09216294126541652,0.09960443654464318,0.579352765013195,-0.20592780356258467,0.03647743983855467,0.782206911123446,-0.25657667303278053,-0.023683337268499624,-0.43024923710077867,0.031143283661136875,-0.3322528276060987,0.30681168389673247,-0.0011661662339998956,-0.37160394045156236,0.21793020005913544,Yes
-0.018124148602548525,-0.029712790861182472,0.005889038778722842,0.032327519519012825,0.6709939029720511,0.7675761645182376,-0.24262262237442853,-0.8723489409542939,0.12070953831527542,-0.023966410217436507,0.2641543159456315,0.030593872771734462,-7.007026975499459e-05,0.33152983263144276,0.34622690821831303,-0.5150419250341323,-0.3058631121919045,-0.0901482114912195,-0.049115371158072144,-0.09317320227908632,0.11380881638999041,0.2767278886618172,0.5395733917181728,0.12900832557580294,-0.3616270158594843,-0.12649225640196085,-0.1286083497966453,0.10461296054462316,0.06602077724816388,0.5885082106761993,-0.1680673168281972,0.0363685583099862,0.7006653964164428,-0.2635147468248083,-0.06283736758572267,-0.38868495537073305,-0.10264256698952418,-0.3449201229061218,0.3101404819116694,-0.013428088195664203,-0.37556363406227355,0.19898056334426514,Yes
-0.03224968701391216,-7.030209448560493e-05,0.05886470656813177,0.09244724052483674,0.6570171818644893,0.7600528596492457,-0.2911475406151237,-0.8497065061667767,0.14913378391790735,-0.029978932461638304,0.31622316397822364,0.06481423776057554,-0.025698239054200753,0.2942264091462516,0.30597966242728997,-0.501372593549708,-0.3535425563727792,-0.12132616817632798,0.006015957805661214,-0.11689786539776434,0.07201798503909355,0.23588094230344434,0.48249002381346073,0.07704863494804608,-0.34985147763108243,-0.1707169750227483,-0.05858487049953987,0.10399649340850689,0.08791306553924566,0.561091760664753,-0.24003946763621842,0.051683807696086784,0.7101521681281119,-0.26859204052909313,-0.016322098178949182,-0.32937977236704136,-0.015287969267149336,-0.2682341243052549,0.3225537610728335,0.02425204283732407,-0.38995290773933133,0.21555174652749168,Yes
-0.012952964669801191,-0.049901601340785987,0.015835193090022244,0.028262425142509935,0.6237854690559709,0.7428116188043238,-0.2856473048593018,-0.8464637719567453,0.13162015254928705,0.037692300298798526,0.2691091596363374,0.06750178725781854,-0.010211758718246273,0.30306243987863635,0.3788466521421658,-0.5233912309927458,-0.28065091421070465,-0.09177648641931235,-0.07271129851665822,-0.13890305237033634,0.10953240514937551,0.2394783717930074,0.5072572661925788,0.09459850746759119,-0.37213638284986195,-0.16883438058324485,-0.12518878755685373,0.1122321275277666,-0.00361126425815958,0.5697294843731028,-0.22715694928812807,0.041613593387056044,0.652536144681519,-0.2520573028614862,-0.045832441928110666,-0.34673087947659487,-0.04672169024860366,-0.3302228667516072,0.2845980260065407,-0.019518853357379115,-0.356608593423767,0.18494330033557183,Yes
0.010291455920821296,0.013984413914848625,-0.051998942009932145,0.049864235482885516,0.6911901270360223,0.7764253605849212,-0.2337893239266716,-0.8204952074610219,0.11018374087252014,-0.03852148928365311,0.29869531516830855,0.046006579085812134,0.04790049482218975,0.32062895130421193,0.32128997844968443,-0.5468190780786689,-0.2508768978479275,-0.11521756227662873,-0.02134587992305418,-0.17660311793931216,0.13296631302682438,0.2631584045706627,0.4802315495746015,0.08316948864210527,-0.321591494791019,-0.12099688920889407,-0.054113441428154004,0.10856983944746662,0.0631627765300716,0.5734098343181663,-0.20898561517973177,0.033557954066977105,0.7043232251954622,-0.2636807178451233,-0.03457552690471541,-0.3617826498349365,-0.039181551055028796,-0.3526110065578099,0.2739365874614285,-0.019578340244587687,-0.35522787875425216,0.21042016024468463,Yes
0.02695038375226587,0.039148206120240996,-0.020480317116001935,0.004991129296613904,0.6473651938880625,0.7251189831702943,-0.21085495896471873,-0.7660308064524303,0.1577775901796568,0.011521609786627161,0.296626971929776,0.028705344795066562,-0.08360048914750559,0.2889563220133465,0.32996845930422175,-0.5153602047817184,-0.3210207126882635,-0.05038123544694196,0.0047275116957924065,-0.13925525085138596,0.07800502024540829,0.29842905211384185,0.502570950627365,0.12293446615688174,-0.3295401250351501,-0.1344476916265273,-0.07798156127322221,0.033301779733301146,0.02466599495589466,0.6002127984320961,-0.15714136001494217,0.06052501259100504,0.6866180255327055,-0.30745955832572486,0.01589821771095546,-0.39771890022832596,-0.00877165706436189,-0.3156585213072781,0.29883382207752524,-0.025838033722589596,-0.346209693199562,0.19417298475986072,Yes
-0.019059196031046107,-0.028904971815481545,-0.10059516593577289,0.031639914041543524,0.7010198634525301,0.7771509374779124,-0.25492930762180843,-0.8476729827569197,0.16818843102753883,-0.017811434846634503,0.33634670554634793,-0.01170895056759761,-0.058175948436811606,0.2657561946444649,0.3119395000615891,-0.5519122414636224,-0.3161359295336299,-0.1301519250628442,-0.13846257884311072,-0.11556241140443166,0.03549039897917491,0.265825256897643,0.5044060277012478,0.17650543180043365,-0.30089888872227655,-0.13746121231985686,-0.10013865481544718,0.1372426156776292,0.026821054080087926,0.5954502802595685,-0.2081209646282569,0.0397815974055397,0.7188345107130578,-0.2584871498884445,0.00608442218043863,-0.3765337761269744,-0.015538277470421259,-0.32455352026130174,0.2647020036933951,-0.026726047136098413,-0.37915062153977186,0.17434531865562525,Yes
-0.010084500081532553,-0.0035826948220752724,-0.027988142806209204,0.06456456573457872,0.6404845954877462,0.7611540924960292,-0.2582197497577726,-0.8439116815522272,0.14048047784096288,0.01584948696277565,0.2946938626391782,0.02452118520206207,-0.05683671252591194,0.3502400585072001,0.3369523600649345,-0.5738344047242938,-0.29342689372006514,-0.11223040550677817,-0.03186257359430508,-0.16415722373938113,0.1421646495890722,0.2587861167091844,0.5199621266605134,0.11786271601529143,-0.32270612476459926,-0.08036433613852523,-0.08660238778161868,0.04845265888802873,0.09713882661996358,0.604624930549279,-0.20094795634421547,0.06420097671311358,0.6971067645707799,-0.263553168218077,-0.011588607719110995,-0.39844769341000047,0.007606463872211387,-0.36972223487178363,0.35531127546427355,-0.0005252186670020136,-0.4110582907897218,0.19103162691282288,Yes
-0.005056377477106735,0.011756598868263368,-0.05872625011883513,0.038033961214725326,0.6518049360202921,0.7331199838245814,-0.28806314812022416,-0.7980886935271745,0.08737077805348872,0.00010421259033778496,0.31302398533901993,0.011166917181090336,-0.03410567740588204,0.3260791429619752,0.3352575058528878,-0.5418504737745432,-0.3340969277595867,-0.07382612634062694,0.01599749344064839,-0.1896673173609439,0.11620043327894616,0.27271565754146243,0.5500774343246557,0.12453748827161479,-0.3321354167763125,-0.08796657385815787,-0.05810963419973486,0.1595077376781124,0.09985842234198511,0.5943303214747246,-0.23941048214205188,0.032650864150856426,0.6651504418387646,-0.27062580678553066,0.02014442769367166,-0.3808131783522884,0.0025830384418634895,-0.3172272640460792,0.27239204161726427,-0.024217330288097357,-0.34355612401699837,0.20193331875145926,Yes
0.004520526865557419,-0.02307150322760119,-0.042034189953910006,0.10482702479831812,0.6922925126766777,0.7110333077974931,-0.33276964990127805,-0.8233670602847836,0.16507244108754623,-0.02983041061520997,0.31974843797861435,0.01951330428145535,-0.04056870098944117,0.31385774825630924,0.3404467773875415,-0.5324020905619791,-0.29912739946269357,-0.1097277724293061,0.034491969235439235,-0.12697584794135475,0.10487762570957992,0.24666326896909188,0.5297122303124491,0.10330601412377402,-0.3223362806319697,-0.14981186586544445,-0.04789350617787007,0.10087892617150437,0.13057257890406657,0.6614928336921,-0.18128776718777231,0.05213113880291708,0.679847155815838,-0.23703145160594005,-0.0013290631864568483,-0.36456200052323906,0.02382490200274861,-0.35208717470915,0.25675568525544445,-0.03393886309431668,-0.33308299025609656,0.2144026340039854,Yes
-0.026870655350873174,0.022696587021074473,-0.06508128656344142,0.011940950683213079,0.6519747984482958,0.738645597322528,-0.23506479651655915,-0.8170614784382124,0.19123508958358432,-0.021647716453176185,0.2854326116014539,0.05403514560309572,-0.03840448669134579,0.33599445040228015,0.3726278974861443,-0.5943844950044302,-0.2839053049021235,-0.08140408992373112,0.005768659217423509,-0.20511996168339305,0.06612351202146564,0.23048726334434083,0.4782359489843491,0.16524192326464154,-0.3311606483026642,-0.12341990273418277,-0.06251649863531446,0.10923983529033209,-0.028949594325644604,0.5703331560675263,-0.24657100806450505,0.062087562261324565,0.6995623187495836,-0.26371231876866674,-0.06999319257002938,-0.3899986124385879,0.005385187934045764,-0.2850709915561846,0.3060507128961055,-0.06691004374663984,-0.31993697065888754,0.21947668444755125,Yes
-0.003515671021936158,-0.06075108943529232,-0.00043705347676802064,0.019308211014177432,0.6658234925956149,0.7573003505208844,-0.21560873164293884,-0.8294138425081705,0.1378148465521881,0.033126306221815144,0.2693520088201705,0.04215335287347614,-0.04163533428398584,0.26109803411090593,0.35643788077623567,-0.5030497474996298,-0.2786211221273121,-0.06454507475695491,-0.031614241192658814,-0.17740808728800173,0.0764510438722727,0.21270248575113926,0.49694800402866574,0.10273428879923065,-0.3089829070432522,-0.18850112985273898,-0.10108498632738701,0.07039523612039317,0.10671100456537104,0.5563085508599768,-0.19738762994129694,0.04623452703408654,0.7395203669846966,-0.24629898976838838,-0.004000288148702313,-0.397343051935515,-0.08363899471423497,-0.31994190637862746,0.3003995042657807,-0.07409211331743586,-0.3947298496785077,0.20532651599870105,Yes
0.0101742505862361,-0.029719419302761778,-0.04626684340368467,-0.01802146424343399,0.6967564350783685,0.716252302480731,-0.24549279943863067,-0.8267016538128467,0.1769560628435093,-0.03799977827578645,0.2909362574428878,-0.03322913994587767,-0.09383266770582452,0.309064300487018,0.30285227600251846,-0.5306474269409054,-0.2888935538874199,-0.08638534863448499,-0.04270888360435064,-0.19544570441928047,0.10129805670926292,0.28841611183684934,0.48360244765119215,0.0888848615556099,-0.3465546720540251,-0.10517481313109417,-0.04222121975234044,0.054972580912234954,0.026148732713390688,0.6599237718399806,-0.2095070343674679,0.05766516333738926,0.6874711659610759,-0.24947507642012332,0.021164226137731973,-0.37170916055068504,0.024157022689494358,-0.33715681374748235,0.27659833611882323,-0.019903894404873806,-0.3437701753834683,0.20459503465942905,Yes
-0.038532450808652724,0.00937545498586684,-0.04027010954074665,0.01964389049143944,0.6564129796065687,0.7264028540819081,-0.2958223208922841,-0.9041169017283607,0.19068537411006325,0.002439784080546313,0.28559575249348707,-0.0022930297753566142,-0.12195783105902443,0.26931842668440925,0.3778790412895318,-0.4955356718000534,-0.2999636575185084,-0.10403413564475134,0.016344905412048538,-0.1576467269896915,0.1185688783436279,0.23661093503943753,0.477035350744828,0.08281285789514777,-0.3627425058031437,-0.10255103359123309,-0.10135911507770018,0.06116991990260231,0.09250924358297108,0.5995629938961742,-0.1753095912453927,0.06545636480486393,0.6856357437736857,-0.26189087320964716,-0.0038836103802233806,-0.408277805452093,-0.06120746884375847,-0.34777612432278077,0.34558228101004695,-0.03922840776984274,-0.3207330210070498,0.18369680151315684,Yes
0.02666516458619976,0.027074749666735412,-0.0004671867580821852,0.04870802117394756,0.696759515327406,0.7665991537823664,-0.2103546892958788,-0.8742504270238982,0.14871684168477106,-0.005732447716473762,0.2610030807585115,0.03511119398415498,-0.08037934286493045,0.27154876319824395,0.2964304167876753,-0.477042105398985,-0.3261789021449663,-0.04377937327283604,0.0013171788296920187,-0.13434766392650457,0.06842638003116709,0.21675790728042132,0.5191587372280693,0.11083882702963394,-0.37098572263251417,-0.1678288269505572,-0.10783785981909533,0.14678980201163755,0.13749552453346942,0.5958735566012745,-0.19971906684352808,0.03998876831179435,0.68019453073032,-0.22291857397548748,0.04856969171360038,-0.4075056182730515,-0.030553870973676733,-0.34085046507055466,0.2718776380639352,0.008731162719699589,-0.3970778711096349,0.21175070752563996,Yes
0.021847143219175965,-0.004264535208054575,-0.002252867187040347,0.04150275612980231,0.6919524155986548,0.7095823755540089,-0.27222383900629327,-0.8278072272137762,0.05810203272062604,-0.04681073749989979,0.2646906985019126,0.046169847175943315,-0.05688216298706993,0.26663192335187447,0.38092762459429524,-0.5723382202815711,-0.38136973934991464,-0.11963366331940578,-0.06620252200824349,-0.19008098916682478,0.10321622461023652,0.2744276234884213,0.5271355164867246,0.14624754711704038,-0.2935735835675111,-0.18618078072011557,-0.06556438914690382,0.07627253926656385,0.048674459613417195,0.6065363211482684,-0.2560962151276393,-0.0024548787094896204,0.7272362735020566,-0.24954036517837785,-0.0035356204271683907,-0.40710044783956706,-0.005753830583474961,-0.3069453892874353,0.28704394576130815,-0.06216571618128941,-0.37047647512053644,0.22289162712328406,Yes
0.0398157366840536,-0.009796098101289853,-0.0365350910308914,0.03222252767292697,0.6636853082313006,0.7378165156999839,-0.3485861329032347,-0.7898697628788323,0.192108922669643,-0.03260415128071513,0.257099075065113,0.013610651659536161,-0.04130197910949511,0.32103985028594256,0.35804223442396066,-0.5475795858190049,-0.3587847008433489,-0.08281686877273518,-0.0047859817309653455,-0.11597381398428075,0.05696760833796426,0.3033015153368938,0.4511587547994438,0.1342722779498678,-0.3880950961838622,-0.14603301590626167,-0.03224606003134905,0.11710171288793031,0.05471057452851483,0.5741587708973566,-0.20116868740570348,0.06550260918950165,0.745776472660086,-0.27786096584195963,-0.05599115200792974,-0.37599398688641017,-0.04179164474619053,-0.36637348719170304,0.2934148777692684,-0.03323949756597995,-0.3485236585545574,0.17092329079193536,Yes
0.014601315909764958,-0.03951294590264935,-0.05387684368754102,0.029785773981060477,0.7076930704127629,0.7787932957582393,-0.2294448060480535,-0.7831405219279509,0.24635321832909274,-0.012984483465790736,0.33171070382657186,0.048102724963301056,-0.005795887498406146,0.34440148151225924,0.3438236602450752,-0.5387614516259609,-0.3096394519221516,-0.114266887474982,-0.01321629337594764,-0.10090814677544496,0.07166880917840872,0.23900803947323201,0.5086989201169582,0.10613469452706832,-0.3882277880083598,-0.13972690373627583,-0.058455550677662685,0.13528718778163001,0.03645862996699848,0.5549454102050819,-0.20328033664924666,-0.012189472479655121,0.6948799850899913,-0.3162552074902466,0.033434238891960254,-0.40378298032838505,0.021516305969232125,-0.29394883544549943,0.26509529137896204,-0.0590048740485786,-0.3635253972236789,0.19461721806980467,Yes
0.01038440831857204,-0.023296298685905367,-0.006653055790977441,0.045033042563675796,0.6452266632624956,0.7338873150392439,-0.26730713066904777,-0.8501598704830723,0.14002141510127414,-0.011668994935946463,0.29694989463696636,0.07071093962139845,-0.039650204188619094,0.3213122289847883,0.3632906730838806,-0.530948229964823,-0.32280719542514447,-0.11055068659236689,-0.014378287734046345,-0.1765702332836044,0.04205299935624806,0.26777733015527216,0.5304133049885986,0.1353533222919075,-0.326158452611261,-0.09930633563170899,-0.05767387716427355,0.11578966602229926,0.04531096235286687,0.5568153282673682,-0.21584442813333488,0.049556856180400316,0.7009714573656364,-0.32047465564384103,0.04401317826074056,-0.388924425364445,-0.02288758712363008,-0.2900180063263579,0.21413564222424838,-0.042196901100547635,-0.3693325429560454,0.18766731543403142,Yes
-0.005204597721418583,0.04341404395334534,-0.008841135724826855,0.0658142589725437,0.6568521261182991,0.7132673433174195,-0.3241514922304674,-0.8715350646251941,0.14906122537974711,-0.013279064111614707,0.282793766705996,0.006666360129038727,0.024674784665650484,0.26648718524175957,0.38423763485809126,-0.5237435128272396,-0.3210606026801874,-0.07348676785882306,0.021104592514850504,-0.15497709403358045,0.10998929243686133,0.2590651492155455,0.5036927041754583,0.11911189558753418,-0.35144787761330026,-0.13150605625524017,-0.09649580633736901,0.11920208674651821,0.0682411535268984,0.5507924614435561,-0.22589046742565938,-0.04589955988968536,0.6933943131231406,-0.2630445937507903,-0.011721675569322909,-0.3212984151519312,-0.010821538393487585,-0.31144092045657507,0.2351867392727762,-0.03778534656671025,-0.3723189089683621,0.17417418083331054,Yes
-0.023996419965400397,-0.05424368861824871,-0.06732049813708338,0.06329600299662727,0.651151077204176,0.7400564621535546,-0.26192292121566846,-0.7906311125672106,0.1383945698810401,0.001979068435387383,0.26370053086102846,-0.0008352311911587473,-0.025057556045721657,0.34795390422116723,0.39929629696005575,-0.5063160588241853,-0.3146894045217859,-0.06675381364851025,0.001069030725460881,-0.21660047099815513,0.054395285423940405,0.2582926181117819,0.44986056304463173,0.08605657716511754,-0.3518020614776944,-0.13000805164268264,-0.08769965419157405,0.08348717243864581,0.09585641251033969,0.5817671662184912,-0.21572625469290377,0.009603216342374495,0.7389594772391799,-0.2843188711221294,-0.040248509943351954,-0.37431032845180384,-0.051076957492430575,-0.34313305824307844,0.2922386155394566,-0.03664056365658296,-0.2883707434896322,0.19551176049797483,Yes
0.01853514656637666,-0.05825082142478835,-0.05486437595408543,0.004465790066177436,0.6268071262648925,0.7677146745168946,-0.2306936291427649,-0.8153139177892099,0.13146891554777726,-0.033157806653916336,0.3225066686682715,0.07986133095588868,-0.031625191454121196,0.31935518489320097,0.36670416166847375,-0.5011357537139017,-0.35416882066991096,-0.1234299827215891,-0.010907235764525312,-0.11141588200457592,0.06146918421046683,0.18714943501984013,0.4885216572179234,0.1432881687382709,-0.3783244809005906,-0.15763067121925517,-0.07439919036325446,0.0886816476708067,0.0889311814397271,0.5528620793686398,-0.21393670855582678,0.0859339415387729,0.6724422053705016,-0.21986657681439672,-0.03966010967997436,-0.3552215983765446,-0.03925747492733246,-0.3617017237784189,0.26957783889530657,-0.010498209297826452,-0.35792464459569595,0.2313106991408511,Yes
0.04307220182804644,-0.03549091995953551,-0.06673297634395388,-0.0020706122949464417,0.6284626350825309,0.7883749703263769,-0.24494972265608514,-0.8420036601159182,0.13793517653608148,0.027897009662434396,0.3463390016620498,0.025505197334526893,-0.11545529811905388,0.300092905813853,0.38444549506084996,-0.5170619314321873,-0.29743696976456396,-0.09807393308351386,-0.059810681490348794,-0.1743777633279392,0.07637864524569238,0.2801108516981945,0.48049306796154223,0.12666132630285282,-0.32169683535031923,-0.07473715650293374,-0.08032714128867026,0.03951803270536287,0.09050330094003362,0.6538655385310274,-0.18281585038477305,0.026448531712367766,0.6757707148042361,-0.29276301070892696,0.05246175630814768,-0.390522868913516,-0.04794802143577952,-0.3321075753730666,0.27497759885171347,0.020183425850428833,-0.3881533494791403,0.23317591374736418,Yes
0.0036627628935325413,0.03621079540283056,0.018433669315378008,0.03961712993107166,0.6459866096759965,0.7572338996577377,-0.2646037013362411,-0.8753618266004071,0.1848426654683187,-0.006858604971108047,0.25420570058114456,-0.04430203227470943,-0.10550483958554238,0.3142887060716789,0.33783372412239665,-0.5374479209510235,-0.30458778939044273,-0.12426733900037873,-0.006375586484287439,-0.14493268839573384,0.08348932336511998,0.20096589618029925,0.4788776493179951,0.1310603082754294,-0.3512682676138767,-0.08616198778177292,-0.008684708224985863,0.11185234427889029,0.11588214373408501,0.6113456993308892,-0.22021521141093237,0.05608292941090272,0.7686287195625283,-0.2798805579825283,-0.03881741906965591,-0.41472887839133105,-0.03459460113594516,-0.3574586387085415,0.3347053931330016,-0.020355388905457645,-0.32856723545583616,0.18879665508015983,Yes
-0.034205915932683545,-0.039281818362998315,-0.05628465426198716,0.04749896573448014,0.6710350059170099,0.773344416893545,-0.3064207616895429,-0.8256651085051933,0.10748639932799475,-0.002188176465007909,0.3034709877975998,-0.01744152407955032,-0.006635974381741485,0.3613389812169011,0.3814481233021494,-0.5286859220944026,-0.3287287884228997,-0.11505781376750064,-0.04559333436920315,-0.14021866412747383,0.05185933312496794,0.19145747475310693,0.5100576404655673,0.11362123928109803,-0.347942713661071,-0.16080397313361863,-0.07038442713736678,0.062455534096537105,0.06692885646717024,0.6426730378058005,-0.18465165764350522,0.009004399595229085,0.669983544049236,-0.25961937292139203,-0.048897220565084325,-0.44075481013490153,-0.012097559282036988,-0.3177264034196236,0.2980027602482585,-0.01895502948865916,-0.3596783460988231,0.17789096036725094,Yes
0.015484048982638296,0.045896504652154516,-0.04408177221994715,0.006450994607429851,0.6213849353816343,0.7292466277017731,-0.255682625441805,-0.889841659834852,0.1514433669877363,0.005085234816340923,0.2351563253343898,-0.011651745757085153,-0.033286433202269504,0.28687020106192185,0.37199217522266725,-0.5280350055533605,-0.2812893315233585,-0.11842097628863585,-0.05226230856748544,-0.17969386631488798,0.10807726613804775,0.24903704260975143,0.5224810670329167,0.13137792228469894,-0.39140310875087037,-0.15652555248601094,-0.10969549915990244,0.06767885959889774,0.0584865271958345,0.6196983700205227,-0.16823288015924975,0.04129165456059007,0.7006906653398628,-0.28533695742542337,-0.004961969186157371,-0.37462741921585485,-0.0038744529708707315,-0.303401314269773,0.215421268777813,-0.031422433372309815,-0.3161960238219481,0.18461316897840327,Yes
0.03417725455089865,-0.009193554000335665,-0.023797197973384615,0.0029664801417043363,0.622461061236976,0.777013281869675,-0.23530603277006726,-0.8248599657422304,0.10144252697561479,-0.012918018794327317,0.3268157249529045,0.07000966143279563,-0.045178100567409354,0.2413782574633201,0.3816139591612529,-0.5320797938015195,-0.29094119807977625,-0.1003537275667968,-0.049274642138748326,-0.14604327950725388,0.12526336187122689,0.2436737886820266,0.47242543510779955,0.0653249222499237,-0.3539725537738947,-0.1346271623084371,-0.054476773867270054,0.058535307219301974,0.11770974356501934,0.5496093158567714,-0.13424276795406165,0.10184393616931411,0.7124640786612448,-0.31360475174679253,-0.009300321962786354,-0.39230827443746813,-0.0662973363124664,-0.31862418723182634,0.2597755164142152,-0.04829326035468372,-0.3638293837858219,0.18050935193637968,Yes
0.06234469851330087,-0.01607143898998649,-0.015818471654809263,0.04143887567998966,0.6660210247217376,0.7681211868101125,-0.23531973657790353,-0.8176594506596859,0.1450151281013561,-0.012477843438499574,0.28494614056247697,-0.009630269118577492,-0.03750291392023796,0.2984123142290198,0.36846798787179336,-0.5183923577181624,-0.3262210677300635,-0.11049829141320232,-0.03938071350241659,-0.13839389059683838,0.07937936402217341,0.25356523649696805,0.5334936813126374,0.0917034800185508,-0.31290675174064064,-0.12132676905874645,-0.01844093995736517,0.08567177539974534,0.09195212448766227,0.5901844857346865,-0.24583648598017155,0.03445770660110565,0.7346432243424569,-0.277154779521953,-0.07424528954850211,-0.3816451362056081,-0.060838808559469,-0.32339994407134803,0.3310192227518251,-0.0037623656191091703,-0.3116193498864519,0.18091125615421602,Yes
-0.004294990009065965,-0.031333085904233386,-0.04956620534784638,0.009266655945093405,0.6162368288876128,0.7962242334617248,-0.32451939002687985,-0.7845486657841085,0.17565002200237345,0.0007616247718261835,0.25566345808985413,-0.02974158601205339,-0.052128973035538845,0.30992790666125153,0.35649496029782973,-0.5551058857607122,-0.28478627378691274,-0.058254394471879245,-0.02956929388633076,-0.14451050321911493,0.04074775035071219,0.23571680686777288,0.5187827893511907,0.12362994351555673,-0.34603764864424635,-0.13055037970960104,-0.09249307004112438,0.08380684384209908,0.08379423106867408,0.5306977696209335,-0.20641783617500442,0.060577645535450655,0.6911145506103727,-0.27855393702265124,-0.021149433327777183,-0.39507454490398775,-0.027892206285427483,-0.3234843933088361,0.22146938082287054,-0.00725967379902763,-0.36641899127906,0.2557455120616068,Yes
-0.03574945616696125,-0.026019435262629946,-0.035132171354141366,0.04946996440425987,0.5969154981428264,0.7303755331383014,-0.24402097635887188,-0.8540965513212215,0.17936904554605335,-0.027848663458015926,0.2621174800924193,0.03603099506492841,0.012551659007101465,0.3036661807333707,0.39421593315130726,-0.47350184068876056,-0.3468881777244348,-0.08063415429553779,-0.06847543424499926,-0.13504353437344377,0.08387367414415249,0.2854369144423058,0.5386371354007061,0.13007774782385548,-0.3218547761834706,-0.10707201415364911,-0.07722362180349146,0.09032491302041351,0.11437453216070356,0.6366105767723526,-0.20843712666183295,0.057207471557002315,0.7106787479227883,-0.3125248989618206,-0.01773066743167389,-0.3327119196664299,-0.050561995871893015,-0.2639181721802106,0.31964859959756603,-0.014801140426810007,-0.34089372616935865,0.1702404159075,Yes
-0.007956862566741062,0.04324197330965278,-0.047480782171849534,0.06890715362214278,0.6141273122808597,0.7193037823275342,-0.2047190412084977,-0.8260079473154549,0.1221132576449363,0.026650069317425116,0.3264733227815813,0.045346304288959985,-0.0527738001799951,0.28256676569292355,0.3657519158863514,-0.5029689206434523,-0.33448692454716356,-0.10366378099870449,-0.014749579941970651,-0.1091875176357777,0.10864718572765064,0.2029443590059852,0.4970606807565993,0.08512074620832091,-0.31376499054960494,-0.09462847394015632,-0.07603006837648049,0.08411697433481512,0.07317228078420977,0.5959914603863399,-0.22339034028227395,0.013517046443599016,0.6467249199029445,-0.22615848175153827,0.007253387205735278,-0.36982771535754777,0.009887247017649786,-0.36501851634002214,0.23241588403423397,-0.015319127447623582,-0.34892088348534833,0.14581741250736818,Yes
0.01078563186421416,-0.012006688571987037,-0.05325754378877098,0.02707048966520642,0.5821926608364174,0.7375073080000264,-0.2828894182606133,-0.808939759520161,0.13352135015943994,0.00493391071782269,0.21261249579057578,-0.0074492793458886125,-0.018996951050488597,0.28190835405385917,0.38176686716384056,-0.5779389881895461,-0.2972990921359232,-0.1279600708508766,-0.04485723149737306,-0.11805919891921175,0.12087024475829225,0.27918939923366237,0.5646288477626089,0.15098835556112344,-0.3546707106799241,-0.11807393061123814,-0.08988268519933587,0.15303348105212258,0.10424328563409155,0.5840574780806036,-0.17785005679817667,0.013112425477286839,0.7157369433089693,-0.2923116204817973,-0.05829536612213591,-0.35716695857197794,-0.0008109867653121466,-0.31363809696289,0.2789957990928895,-0.06483684458858856,-0.39255943087016865,0.16867821740538685,Yes
-0.007010198751747713,0.03228536200814745,0.002767224335716051,-0.012383827074707504,0.634641517862463,0.7336437041146294,-0.33770807503112454,-0.808669204519748,0.13088345952521088,-0.01762643159147303,0.32947480788394534,0.02037293772977354,-0.04859877654661245,0.3083366216012021,0.38816920657187637,-0.5149068739263927,-0.298556729365663,-0.11315292380961191,-0.025227051356682715,-0.14439998901807044,0.06341958234661721,0.2311065599199559,0.5448059792657151,0.17322293018369303,-0.2830416757468097,-0.16202079515836407,-0.12167247398233699,0.0564395022952958,0.0751288102495147,0.5054621444112773,-0.22185139772935175,0.09229135814151337,0.7377022561014723,-0.27944678522091,-0.020638263338432827,-0.36368579449366584,-1.0656963612722115e-05,-0.3433485940814424,0.2774538296583014,-0.04382637679879697,-0.3976595079899077,0.19116430435689635,Yes
-0.008877826206262904,-0.03781932347965967,-0.009662473867511647,0.05157282127245549,0.6763101089893238,0.7322064240378535,-0.32126785151952664,-0.8116328990388757,0.11834487281587512,-0.040952199489914784,0.25138708389337294,0.009463991488628214,0.01164295631388227,0.27601080733038835,0.3237089598496015,-0.5042428988769686,-0.31404804893346894,-0.1723649353479716,-0.002900929373294236,-0.0839365772719873,0.007997133036726362,0.21107722763038023,0.4180137773516127,0.11072511468559836,-0.30109602606961455,-0.11915805196141926,-0.03731687700140773,0.11707729396355465,0.12216160669819559,0.6245302052252201,-0.21627564278905187,0.05208017315372517,0.6821687837151759,-0.27109363076974624,-0.005782649942770104,-0.3832502654039336,0.012198886168169623,-0.3372595179244545,0.2565222179031638,-0.05293441599029189,-0.3380660165999753,0.15566246455488078,Yes
-0.006035585104527519,0.03982500736366263,-0.02026694862441862,0.034835039240116175,0.6543612058548186,0.7243615969349694,-0.2874746224891234,-0.8315082831156825,0.14640644515804532,0.014212344861519562,0.29187549464781926,0.05830689260387026,0.012479077858653834,0.3150323093455199,0.39315249341628605,-0.5535223065495123,-0.35370838536724936,-0.09324669302862042,-0.06300761332190424,-0.1565017656475133,0.10914896801948924,0.29054959609160014,0.4958431205025189,0.09348591844859269,-0.32119376452260767,-0.15452937776102432,-0.08427510739359063,0.09192078380536219,0.07025766721300643,0.5923789863965436,-0.229222796397931,0.02826858968812747,0.6858156033486265,-0.3127767758795565,0.0026173095520694804,-0.3538633221471128,-0.004179417135332611,-0.3352293818630723,0.2601546531259679,-0.004516645672315595,-0.3385513340774147,0.20427923607063964,Yes
0.052329337572698184,-0.0007927656410118843,-0.03675160151439019,0.0250786809814408,0.6086121867695472,0.7750887336260534,-0.2649251421908205,-0.8103548956875414,0.19352459431750374,-0.02595470858968227,0.21895841462892968,0.032155778416566,-0.030671080900851654,0.2692006766919142,0.36832104124325443,-0.5002180113047382,-0.34763071463295386,-0.11782585015942686,0.021531292929575004,-0.16943927606391626,0.08801330352201062,0.1694160733697274,0.459014224978722,0.11770977222780739,-0.2939679788803871,-0.16318396491533765,-0.07683982608297292,0.08088924798203911,0.09968982864290508,0.5531897830223297,-0.19128502127974217,0.03046765885679227,0.7149202319243994,-0.2621060141344506,-0.015190972327592232,-0.3663686903097914,-0.026759137591849856,-0.33133866511155047,0.27379231428920225,-0.024518133250836165,-0.3510577183042691,0.16808235439513214,Yes
-0.010484137137521297,-0.031655578338935175,-0.030240264680067103,0.019303234768057967,0.6785620124034091,0.7754303440344852,-0.2894430380830183,-0.8257220532901994,0.15742375163221745,-0.01949140509746462,0.26725215038850986,-0.015048438510101046,-0.010048835750281052,0.31825568741960286,0.35016462320838804,-0.5008167733720691,-0.4081887332231677,-0.06895925479604831,-0.027479663124208194,-0.14353731350305063,0.07639767914961798,0.2900196328070691,0.47164764129249487,0.15721805710602849,-0.3189194855396018,-0.1036431479777629,-0.0889528848446553,0.052914209316759504,0.09901250995921332,0.5990661327176872,-0.16333864698150222,0.044265089860209036,0.6956521498126377,-0.22253129860449572,0.04971922483160962,-0.38042263040690105,-0.05065144452665187,-0.30303855316556316,0.2768641933247643,-0.008868200181172323,-0.36549730398001384,0.24467703734390517,Yes
-0.020984685151520986,0.014415889875658802,-0.04370596110360724,0.028628004071055736,0.6430768483211542,0.777406776684587,-0.23420968772807108,-0.8089206680602741,0.1350287502524084,-0.010026754562495972,0.31603032318645896,0.04560301494747099,-0.11638513153823797,0.2830076278178729,0.34967528743142495,-0.5037233239840846,-0.32123554185792985,-0.08721039288884677,-0.0551311420968094,-0.1399889748632119,0.1130193804631119,0.2039169222714995,0.578878894057428,0.148710825293819,-0.3307670140939859,-0.1471753176724707,-0.084329302452999,0.09467485604199084,0.0843170636974917,0.6347437076658081,-0.2184703048140521,0.06695967459385682,0.6694562163016017,-0.2765819671334628,0.003663905332767059,-0.3599651709676088,-0.050665693920877275,-0.34057822692960704,0.3283015093773909,0.008011173645645079,-0.3514653082370803,0.13065726220092932,Yes
0.07533397643070025,-0.000597946849717351,-0.038421913737283334,0.021402403138055363,0.6667295290799448,0.7668460123769124,-0.23324174498229183,-0.8534346978587156,0.1288934079105287,0.04668421620418231,0.29583639513017596,0.012547936131440434,-0.06392539556514297,0.3063523221456763,0.3873335976858828,-0.4975632715335752,-0.326996443234875,-0.0979483258164193,0.027378464133565508,-0.11566414156189124,0.06248832859379748,0.17176825641239984,0.5123727652236879,0.1369412911102764,-0.363484347924153,-0.12258676011899097,-0.08698771992098019,0.09528937492061659,0.05475629837953891,0.628439212110847,-0.19974828431178387,0.023707872881737483,0.7357529557874167,-0.30209957358345596,0.030897231222740282,-0.350971262971196,0.01362453923868489,-0.33210186722249807,0.26960139091638324,-0.02432543211520348,-0.3602521283393172,0.1781745282306454,Yes
-0.016608699423769274,-0.010991185417993925,-0.0641450125898394,0.05741209960165884,0.6538696038368412,0.7459971806247752,-0.2950712060043375,-0.8604640222582691,0.19634567577643888,-0.033049879378390844,0.307414527958956,0.02260270142824814,-0.11893251643087499,0.34494781766521154,0.376925570537893,-0.5468310055370137,-0.3200834124594953,-0.14326139533943535,0.03201529538794118,-0.17502034157427923,0.07032069095875729,0.2262615760066162,0.505880972017436,0.15409374231200282,-0.2771263796951004,-0.13429295878197656,-0.06772897847525015,0.09461794763177282,0.04164890905980854,0.6624005494198856,-0.16330456386187908,0.055751854958011014,0.7556853739845747,-0.22781074432217063,-0.0051817598708610284,-0.37092413753803316,0.01729506465036093,-0.35573908348314004,0.3346955312295247,-0.033599461763749755,-0.3119787224632242,0.19759981887366618,Yes
0.010128186674189158,-0.0010292506971737703,-0.045000210680980354,0.028971553969349445,0.6968118600590285,0.6858236152216105,-0.2989295595202323,-0.8474169842089883,0.10591791048168589,0.031067232819920913,0.3268289854682723,0.03548462161308129,-0.05481098462195798,0.3312258489748779,0.3087591533947432,-0.4595414217034314,-0.339771311241934,-0.11664695097256852,-0.03565163448073426,-0.1799838327499956,0.14376660457770463,0.2718152472745785,0.5399337062735545,0.07627416914600027,-0.32537947835783515,-0.10669221377536553,-0.07095405223829251,0.05734958172161063,0.10336218762704939,0.5933703846655618,-0.23283627180005684,-0.005579136719899923,0.7264290865843015,-0.19066027367975977,-0.03809522830370214,-0.37558963418548397,0.005246198751808616,-0.36544404403228864,0.2700861072373338,-0.052650848321038335,-0.3281787239039149,0.23752229387817256,Yes
0.00477108794195205,-0.02525202206982303,-0.04232863013447896,0.018158245486276214,0.6261204521152812,0.7521873886772306,-0.24451578664223134,-0.8109451095953897,0.1380212833176812,-0.01252054038778284,0.28665215227998286,-0.021192678843745368,-0.030872815688145743,0.2736655254074143,0.3159827545998264,-0.5126797338944019,-0.3375843184191638,-0.1019532766795603,0.002657815486189985,-0.17629777196139226,0.08877684932178621,0.1938357218991331,0.5494455827294391,0.07221225240115994,-0.3462522030398764,-0.08217167734238892,-0.0861124357272174,0.05623885466464162,0.09248938396172635,0.6104398560465427,-0.22318294091172375,0.03433058384326801,0.6951668220610625,-0.2703846645242857,-0.0644267324109679,-0.38614576153141594,0.025448706324555766,-0.3542335750663507,0.2669800025057916,-0.06235461483908815,-0.33935416695679066,0.23385253754182206,Yes
0.03540953517532875,-0.0374403176668098,-0.014051150081734732,0.08008570194010588,0.6707284111952752,0.7696008252020978,-0.27590985853514194,-0.8190495382144353,0.17535779964595868,-0.004385886439680837,0.2516504334517844,0.004042417102663684,0.0006015235690378859,0.30091659258158665,0.3599749135219018,-0.5404213669052704,-0.2835744419105744,-0.058913516382657675,0.015124354724648157,-0.10451286168367413,0.07525202363661207,0.23314333542982682,0.4987792348061853,0.114141444567111,-0.2878770197641975,-0.08734647227125514,-0.06292266632715299,0.04922518227824401,0.02045653165522402,0.5969377645260583,-0.17777945456274524,0.047691367997095856,0.7656762263289573,-0.29664717701711785,-0.04388815858818167,-0.40063147493210255,-0.049137636016675756,-0.31156589998879025,0.27183345475457943,-0.07328129878155612,-0.33097167104779773,0.1449580590153869,Yes
-0.032136546690321274,-0.04868119712231606,-0.022831263684517322,0.04265463227821517,0.7129321475944621,0.7826633343861511,-0.21851119567582117,-0.8169945433892905,0.10896029962204962,-0.010388927432738866,0.3068713063542954,0.03883788879879007,-0.049849226920882186,0.30583788718452576,0.3284122120493716,-0.555099228731191,-0.352705958668172,-0.10804711466062147,-0.058106409618181934,-0.16053294202316554,0.1131007074020158,0.2172745180086948,0.48834022900603136,0.11513318561110848,-0.32340100612198713,-0.13730179217947447,-0.05547094588273311,0.10987435427719236,0.10529288512398136,0.5872758244515954,-0.21957191501445705,0.029599418806316318,0.717439916717486,-0.27548861918804296,-0.024712693433737373,-0.39415166362523263,-0.048579434174666244,-0.32138384266636766,0.2421073148335627,-0.01775559616894739,-0.3374225619365627,0.18033024265223185,Yes
0.05766110818819641,0.0005286393293055994,-0.07588519148964018,0.02863591372357869,0.6573182023120454,0.7687175613688909,-0.2694834968994126,-0.855999941199377,0.10541883571139804,-0.033840134047993894,0.27236541525711333,-0.016325557615734888,-0.05766125743074289,0.31095804870423444,0.4058554294054441,-0.5011370494917405,-0.2800565847410031,-0.07956234027031445,0.002222590886057498,-0.15792449821875515,0.09024053721120548,0.23552982807736328,0.49689637514115204,0.11502926031942098,-0.3094006286205844,-0.10962337300985393,-0.08393162583521852,0.09382694748040062,0.08410109721893608,0.6097457153237422,-0.2497572056284828,0.017756710549711875,0.7414484071977854,-0.26600003280163653,-0.020359897904323063,-0.3886080298856541,-0.0359798787882353,-0.3106163426035184,0.2512443184904615,-0.02610275254829344,-0.3503354928651391,0.20964465429451587,Yes
0.006685919886308792,0.015477186909420848,-0.04622578652839292,0.008819118943930143,0.7291486512614869,0.7462105941645575,-0.2672942152957242,-0.8053176299967086,0.18615093302059377,-0.03056799900058463,0.25913421808699044,-0.019540933192505477,0.012116324047455843,0.26003108337722275,0.3555763730791425,-0.5531194458691585,-0.36268309486535655,-0.11755715491013596,-0.05090491895612764,-0.1685394630897347,0.14619636378211917,0.26089529147621604,0.5314136755977805,0.13772403419330098,-0.3338334408603259,-0.13551462523663635,-0.07160870958895432,0.09721430835162545,0.054033024478171036,0.593619317096013,-0.2253772419316555,0.04493464154745479,0.698170586944085,-0.3022401234818782,-0.0781723464966788,-0.40887494319606393,0.02605442031665034,-0.33664492951035146,0.3077638551367767,-0.09057943923599703,-0.3879676067875811,0.15712192827668026,Yes
-0.006069000302613446,0.0726586644160573,-0.015237733699805993,0.0879415769120214,0.6478054161334016,0.7961946159174367,-0.19956287997560046,-0.828933904920559,0.12209031291794557,-0.05376648360224834,0.27982686837536713,0.02018056758726656,0.025251745922842544,0.2523250737481712,0.35819290798551884,-0.578230144549558,-0.33203530219176447,-0.09944403359496481,-0.007393824385236093,-0.13011991793777766,0.09793533184620243,0.26556106655393114,0.5048417638812408,0.08154825812815425,-0.3863573220783568,-0.13872370910742415,-0.08311521093668471,0.12977873916891502,0.06807913673844466,0.5838268111555065,-0.19262153692551334,0.041978019843143914,0.7325453511480132,-0.20479393715218844,0.05808596532300732,-0.37779182688053825,-0.017961948680075245,-0.2799887924380451,0.2799859496229964,-0.0064703206854709,-0.391773828639226,0.18843144234930084,Yes
0.03468343849935921,-0.021545869013628698,-0.03288643735853386,-0.010153088454384777,0.7156115667992605,0.7931393767962917,-0.25611759419150476,-0.8104274467657754,0.15014519746306756,0.027297197098379817,0.27353467486153504,0.03969169592908978,-0.0033543676320667223,0.3276340720853475,0.2886219246596586,-0.5417791352558238,-0.34980753596566455,-0.10429824575020481,-0.083252225551321,-0.2091592970554034,0.15111606061588487,0.26667908999894413,0.5070998673071252,0.12389442674299286,-0.32641738545547977,-0.09240255475876187,-0.09805007370670718,0.09775923003585771,0.07791982503126174,0.5583181434282571,-0.16587785895887516,0.03670807726963769,0.7387517412738721,-0.2607265639125604,0.04136994486895804,-0.4119444183535187,-0.060611483666252186,-0.3545253437793789,0.2884836768253158,0.01939796693014988,-0.30992621620369376,0.12845755878439757,Yes
0.007491214836676163,-0.09638860831545068,-0.005193948183092489,0.07061828336053502,0.6542311897232059,0.7577679820266272,-0.25955141438788,-0.8491860904904825,0.15121942781441092,-0.021174395542141473,0.3170074274113648,0.014314859295665934,-0.061507555792279685,0.2450983528450885,0.3004811064229381,-0.4844256205892364,-0.332966097912378,-0.09862866861487592,0.03072557778644273,-0.16467474026597204,0.06718888632816246,0.24418355578038423,0.5043525710237606,0.1696107878154988,-0.28383299534513173,-0.10369681197810522,-0.03559433487488178,0.08681421487661495,0.08007212400878463,0.5806784728458464,-0.24289840220815592,0.08619462172048784,0.7241800531993009,-0.2636317415009949,-0.007711635582678959,-0.4258894918250682,-0.057392979615520145,-0.31726988094582886,0.26861143029164936,-0.03337747617972098,-0.3608587066920243,0.17728255372703744,Yes
-0.02903754960072151,-0.0483707289277612,-0.03344045036698974,0.055631457341987316,0.6061294936973729,0.7545270999487897,-0.2533262835953404,-0.8553402450401195,0.18093250860120916,-0.025803616563695994,0.2860608854789809,0.012885582313303463,-0.08880009527536359,0.3214368551215751,0.3277374881220324,-0.5308965163700415,-0.3013025872882676,-0.06495879153298936,-0.055169287422798016,-0.1611851178948681,0.12748576975981168,0.26205982472930733,0.5236047307827091,0.08145029523453837,-0.3421838990657519,-0.12735813742672056,-0.10481359066507703,0.041923696483433415,0.055782230230222406,0.6303525281695401,-0.20241214676395186,0.09130710687388127,0.7135997186064906,-0.28711517759134364,0.030690970293637952,-0.37433326147783597,0.0007864453518832311,-0.35940432118286675,0.3156474989983196,0.005220593323129682,-0.34902601041795517,0.1735489542232573,Yes
-0.0013802648613783569,0.018338734417147326,-0.022007801398547522,0.05510568305691173,0.6858058951935586,0.7357951351006269,-0.29641284980489135,-0.8267789969694125,0.12837595948867048,0.009343236902140745,0.25686372444291194,0.04833512355657321,0.004931500688771059,0.2911834418989225,0.35822513494204866,-0.5468272959447741,-0.33551224429582943,-0.12103599473669589,0.020516883069245092,-0.14994673390135851,0.046348022160396816,0.255809038614404,0.5282582937498291,0.11222190622817556,-0.2867312099761455,-0.0989978144373307,-0.11055060984142343,0.07561780088175857,0.07788397543586854,0.539738205041209,-0.1940966486066483,-0.00276909335095947,0.7389320948465403,-0.23695573515995352,0.007505840724138428,-0.4009793966284423,-0.022962634882532522,-0.3427558006746891,0.25356035198638255,-0.037008375296338596,-0.3367710586538884,0.1990710425825036,Yes
0.043521297724032695,0.02297341618440824,-0.009284177579474973,-0.011194595569689311,0.6468837620593131,0.7233173623887585,-0.2672506675648043,-0.8464511166459399,0.12694010566302835,0.017602726478671765,0.3033561740028512,0.047937100200691876,-0.08369735586811149,0.2929135338695237,0.38540420061650754,-0.4786120234612548,-0.3656750690173822,-0.11933040340216047,0.00825548125425005,-0.15355895971137867,0.058700680634505356,0.2016484329961637,0.47500854397126585,0.06231719725091153,-0.3290537994629344,-0.09543376888194785,-0.11690599071204594,0.0998926774899822,0.09645531787650628,0.5896426323765568,-0.2525081795782841,0.06166472610655507,0.706589682836671,-0.26886908516173047,-0.024042717476127642,-0.3780994229096517,-0.01277418236752989,-0.25563503201917415,0.2878547723615007,0.01848814985718392,-0.34698637224584494,0.19477076696811818,Yes
0.004456425831338774,-0.03665209109077528,-0.0198690938740824,-0.022688751030962365,0.6295585272273155,0.7585438274957989,-0.22594111298072186,-0.7827341010182934,0.13117185686553848,-0.009560635906630529,0.31862955022013706,-0.02216113983454474,-0.023534437438166814,0.2663375069500795,0.35124829983430794,-0.537571598422699,-0.30617167351516306,-0.09227678409705267,0.003961041356029083,-0.13734464547310185,0.09116282395866396,0.303769122364202,0.45773881790524557,0.16385254311170058,-0.33950227043400705,-0.10519632686425849,-0.08884653836259584,0.07108453636710184,0.08563450277695714,0.6209877314404405,-0.18999711208174458,0.03381490586619351,0.8165695930640752,-0.2282167355777172,0.02036266902290388,-0.3912919726201391,-0.04682369326960987,-0.3357496483245378,0.316927006641659,-0.056564215055471115,-0.38976513969228077,0.2139430427983813,Yes
0.009575893339263609,-0.023109406136726875,-0.061781009349100274,0.08021011071473177,0.6661486507229584,0.7143424587899436,-0.300569347258556,-0.8364981921017592,0.16025350846469552,0.0036181085707046416,0.32304903224271275,-0.026986826892581094,-0.028961461904242217,0.3339516029406946,0.39638710308889247,-0.5130336014654889,-0.24879186206699117,-0.0905073408248496,0.008511080019347455,-0.1464571727637701,0.06258395207426845,0.22189213232768154,0.5089180464549935,0.10663918710231719,-0.38386518326535957,-0.1530968820030799,-0.08862885516641061,0.1139791665317654,0.07061497040826804,0.5875619558669918,-0.23379472954086622,0.05077336186854294,0.7478021220029847,-0.2595066923209481,-0.052857007547769556,-0.41824872952700887,-0.0104050533042441,-0.3340839403059282,0.2822474034067791,-0.04522811019363898,-0.34261665838265387,0.1887290854001903,Yes
-0.005598396651858139,-0.025536701749893788,-0.0013941630523604392,0.030439217165186164,0.6736749279575642,0.719440787780764,-0.20974408702472896,-0.7873316117728485,0.08097432416499872,-0.0382902797444552,0.30342770786297274,-0.021868192353227293,-0.039624685062531695,0.3039732465503577,0.350861273815225,-0.5076357398017566,-0.3400323144646639,-0.17611134058236905,0.00669214039905899,-0.1185161707189594,0.16112231012824704,0.1819328128130145,0.5259945532915653,0.053923783165321794,-0.27811281471769556,-0.10768706944442735,-0.1076346133750754,0.1155674594916937,0.054505836761622205,0.5987363651685453,-0.19800852924449422,0.10240342355109881,0.7626768684822005,-0.28209190690190994,0.024105568436567387,-0.370057841030764,-0.07044918163114604,-0.34824132746041503,0.3545691932978733,-0.01611045291005662,-0.3277256373631256,0.19139528742654105,Yes
-0.016198257441580256,0.0008179352290342401,-0.037028023654030046,-0.007724387017269137,0.6253387542403505,0.7764850701341515,-0.2731813018491595,-0.824881686467408,0.14531594576968285,-0.004840654027982163,0.3234960479721373,-0.01523720712081313,-0.018569280891323182,0.3138251267766432,0.3859786045446547,-0.5661884288903156,-0.3115878407761975,-0.057303615925369866,-0.025744934540591527,-0.13328576926810656,0.10942507869715261,0.2173843130190961,0.5584843318811601,0.1279692712168905,-0.31522252874215234,-0.17218389579562368,-0.055240403998388435,0.10735309549502474,0.1198229268247922,0.5803859257528766,-0.23381710061872,0.029611209623449986,0.6930797441293861,-0.297739341247646,0.03106720060966609,-0.34087210980992294,-0.03394247065514035,-0.33913727371177543,0.23002035291030518,-0.005967247284088137,-0.30811582148387595,0.17864077527976407,Yes
-0.003503535773291944,0.013028743839471927,0.02268764882165364,0.043066487568731646,0.6613014154447671,0.7606280897365787,-0.3045115563831974,-0.8690565525431412,0.11402839918132035,0.016154561728577422,0.27903796401629644,0.0018355458671740453,-0.05209210072194495,0.2870445866168735,0.4074662891976587,-0.5283368224787831,-0.3428213394878532,-0.1080285254448764,0.029881189206953273,-0.16287535189510377,0.050583060606668714,0.2331186702591314,0.5073325021016138,0.13363147583258358,-0.3006011058074878,-0.1536945926741775,-0.1076021079785599,0.08246291747202592,0.09163197773403717,0.5519236452524395,-0.22240715804329766,0.03229606758432154,0.7364815568405362,-0.24832612288377165,0.0194739507281839,-0.3405427064708813,-0.0372382224736111,-0.36297666069486006,0.24905590177447395,-0.08198931189496146,-0.371482029638637,0.18622993835259863,Yes
0.023626602204151432,0.0005074265152981192,-0.04375475532692172,0.03359323912886123,0.6242693134525286,0.7860107318243231,-0.28533804806037244,-0.8598507710863221,0.1628047132559906,0.0029927707583717877,0.23738811477590585,0.0433737163725495,-0.057924641770453617,0.2799511571441362,0.36201365440542765,-0.5062021544293648,-0.3058680420859817,-0.11028044424450545,-0.03551061883337015,-0.1354239895200719,0.08246157573927022,0.3023090421248217,0.5210618603102579,0.08528177855811275,-0.3451356117091647,-0.12087730913751275,-0.04009381149267418,0.13449393552701466,0.05921314538216335,0.5617148556843239,-0.23603227996695236,0.05765124218315338,0.7773426204561299,-0.24800112257605172,-0.055454975903833914,-0.402483168795253,-0.04678614567628608,-0.35201455165269685,0.27284799556185796,-0.01576423911259802,-0.33725958966897185,0.23050952152505008,Yes
0.015726077191415333,-0.05862450720986522,-0.06076403962258293,0.03233037980790307,0.6598569136369958,0.7810910854980723,-0.260465055889584,-0.824131615312335,0.1454021751489383,-0.021882807655979813,0.2917052303290105,0.05149863270159534,-0.03819418956115201,0.2902679111675253,0.35539548903159385,-0.4848676864941344,-0.35247401713149074,-0.05551048747358952,-0.058062774601358225,-0.16741721816686808,0.10835535895105666,0.2790579092152541,0.4613646195012062,0.08020319141041082,-0.32247232888379973,-0.05199049282239376,-0.0416888645148274,0.08471787376469632,-0.0014766871491423972,0.592173164214642,-0.19331844662137013,0.03859752523419587,0.6827073714632073,-0.2593989878940631,-0.03590543592013252,-0.32452958587361125,0.01743362430507582,-0.3076170971014668,0.28717612738346404,-0.04665100754160307,-0.35834264026537826,0.24693553085376904,Yes
0.026059621753098845,0.006110768354293784,-0.0013256719716156704,0.05344152081510365,0.6673268441605776,0.7846654324715306,-0.24624975183134445,-0.7998962888251439,0.1431098657438018,-0.02185593018824686,0.27265378976447174,-0.002295620832885932,-0.0838319758708779,0.26381609456670385,0.3281774452871441,-0.5390212567873905,-0.2723650910074587,-0.1135127529839387,-0.015518312269363536,-0.1395910209916775,0.13364063824486805,0.23088084473568518,0.496793927603419,0.1097982661545979,-0.2967115674947121,-0.081999903642674,-0.06483923335396949,0.12914806647550703,0.07642701688719995,0.5845457847535025,-0.1688256281331981,0.0647069097236939,0.6861631712023777,-0.23425131755997425,-0.013892379033922085,-0.3906277513795991,-0.001278588574947323,-0.330019440274597,0.29615356639109325,-0.006987897421072288,-0.38120731712682276,0.20930213373801682,Yes
0.040484193157848715,-0.028694014312188303,-0.015547635331706696,0.012189168876270182,0.6860804484791834,0.7856057022142777,-0.27239025138356016,-0.7593639733625194,0.17146701352888505,0.006975714061541315,0.30861700301586026,0.047241474607429536,-0.06554613481495672,0.2970125209248845,0.36789876273592936,-0.5358049828069462,-0.3052885592432885,-0.0718350653043052,-0.03542439159887003,-0.14942333933817448,0.06139565198397873,0.19453873805672017,0.5268375554267762,0.11221223346264597,-0.3293802306533715,-0.15192628300051345,-0.08464185381587354,0.1250585989291143,0.07112182709651409,0.5905993949236696,-0.19796150239486407,0.012986915614486297,0.7269767051026758,-0.3018298891511797,-0.035826067541684485,-0.41217948876808785,-0.03332546861985505,-0.3379280571553853,0.2844480591606369,-0.05400376973648957,-0.3275541651394599,0.2227774438593407,Yes
-0.005214405386751612,-0.01435100149763814,-0.046425626796999506,0.027768851063358427,0.6134311611014361,0.7264603153354293,-0.2359569694165382,-0.8165984583459691,0.18729648883406244,-0.023208009997623395,0.2782532793194702,0.0054866995949333815,-0.04525179709417698,0.27137567257665585,0.3645326976152255,-0.5229277788934171,-0.33452985238175564,-0.07125142692675832,0.03412616870869638,-0.11279329415983329,0.10275693125209892,0.27100150013895713,0.5591620555459509,0.13579382678060611,-0.3483631887459337,-0.1105548986557912,-0.060289419962888294,0.062319267032573025,0.06254926243383495,0.6227356369036712,-0.2588921327822543,0.012565523115462156,0.7029368795707552,-0.2535635578385336,-0.04836657345178091,-0.3845067232478512,0.006544336551718308,-0.3252949323370211,0.31265747861881843,-0.044609508583246374,-0.3820165304523267,0.2232228317061022,Yes
0.011077966039685694,-0.035567880233233776,-0.0530701294815272,0.08401063814540125,0.6277018613798919,0.7832783971035645,-0.2761061820930982,-0.8257481086312591,0.1471060328830677,-0.07726159180753171,0.24521715606985722,0.020313657894857704,-0.057406089511148325,0.32107173182929244,0.3082194247485658,-0.5068432492201298,-0.36051905393873723,-0.11934904414165824,-0.05470265189303175,-0.09071771391289937,0.04582844597049599,0.24448661748997322,0.4516645055705563,0.16097135096994108,-0.318769140682639,-0.11821388176734761,-0.034847359766036055,0.09658345849632899,0.07768432767736258,0.5936756408239617,-0.18727832096747316,0.0353051379490421,0.7018004719587051,-0.2398639068499814,0.0006835884434227609,-0.38413036312093674,-0.07008439135186006,-0.28241296751315176,0.2646411870113614,0.002771032209381432,-0.3524464151980087,0.15895310111565467,Yes
0.03756826432591845,0.007636219391986188,0.011015458705467746,0.03160093989160124,0.6765600548629831,0.7023727213614341,-0.2767670570838999,-0.8638426328951834,0.12702473875361478,-7.780330735940658e-05,0.2709612735030518,0.043638930140406276,-0.06137524190413226,0.3177313913805532,0.3956957661508306,-0.49339511685513987,-0.3295580888815006,-0.17254950225564966,-0.005306309063772399,-0.1515476517684944,0.056661422655776464,0.23146003640493162,0.5465023495045049,0.07886404128951877,-0.3167583378993188,-0.11578432918618553,-0.08979837788468478,0.11149676587304203,0.12006454476009625,0.5808447370654213,-0.21148277917307978,0.06874032661638597,0.7357763758226551,-0.2680051619181638,-0.016798812186123148,-0.44723244131946577,-0.05140898699193529,-0.3615338262112761,0.30502356019924126,-0.03416317340122153,-0.3662096729148191,0.19748492888886135,Yes
-0.026105294103761997,0.04659741560066262,0.009900915354254795,0.08561640440510944,0.6759410349011382,0.7543641912511264,-0.21331870208588063,-0.8460818380056346,0.11213198488377615,-0.03227750093563953,0.30478481414010516,-0.005139488470387352,-0.04033805224417188,0.24311863415451052,0.37083598113745686,-0.5693140019233627,-0.3471972489725683,-0.07227088027042607,0.012638230543690471,-0.13656121764064036,0.09428311831165398,0.23221961893641616,0.48028248009889485,0.10211699637510202,-0.3762172384018247,-0.11474961780669773,-0.07761181420053553,0.06415814725234262,0.11815764455837101,0.6079312934906187,-0.18343209661050106,0.03545818168550502,0.7081891888388154,-0.2453527655980821,-0.003054129090306632,-0.3326460221547768,-0.034182346703441224,-0.34249129201633294,0.3035123966040273,-0.06478550311179164,-0.32999011677940787,0.15873526277979128,Yes
0.019157539981756504,-0.01944820662517988,-0.014747377587141735,0.06429348929550932,0.660041153829089,0.7192599061525642,-0.28866383851130173,-0.8475126071592587,0.08141804744683331,0.019592180269414113,0.29240190370536606,-0.01634187402442702,0.007993383126118789,0.2701344499669089,0.3639202258468557,-0.5485590172637556,-0.3797802219264783,-0.1497191110828632,-0.03622603189188577,-0.12084170419085387,0.09640920526417442,0.2523545621361813,0.44316876132881444,0.15108683173822623,-0.32409722227308846,-0.12590560455207245,-0.04510405464512096,0.12958568696069883,0.10573489442140602,0.5823112872809086,-0.2342916475542926,0.07974606698094217,0.6672774578874926,-0.2057562435437763,-0.00679761374747681,-0.4125295733688605,-0.06502477624563699,-0.3656826207709314,0.2886956975115098,-0.027037854544989887,-0.394796689953927,0.18706294320087372,Yes
-0.041038061582740266,0.017679054178325177,-0.03068269998002494,0.02572112573615537,0.6167951960619457,0.7462438666951016,-0.274202417616477,-0.8161210318919573,0.14327879359827533,0.00952964756983651,0.2745613798275243,-0.03808867773465201,-0.00594407629969072,0.26309331757960835,0.32319553958415187,-0.525094397261282,-0.31016430193797195,-0.12471098648876586,-0.03893209940993664,-0.15952139986000197,0.12850942138939137,0.24806806572429996,0.474430704827307,0.0842507466007344,-0.3383341385554262,-0.11518733643446742,-0.0645573430858021,0.09588554336906709,0.045840986465617614,0.5770056431951838,-0.18217011427482802,0.015695620653087113,0.6942564893872812,-0.2462500599672642,0.018620842695741595,-0.3864905068306144,-0.040404923938063164,-0.3670180142925618,0.3002540079916974,0.012717305611207399,-0.2807644029906605,0.20935000230309217,Yes
-0.001526389549319431,-0.027594318394527216,-0.08541060940893802,0.04238197840587381,0.7259486915686005,0.7933729015914919,-0.22826365310267324,-0.8182847484165078,0.14905394906317618,-0.08694457504088307,0.31197399355559613,0.000343450243968358,-0.05672868299550853,0.28147658437959555,0.3456929164910791,-0.5453299686670193,-0.31881625516132817,-0.12553422220356697,-0.01976163029320845,-0.19240594476353629,0.07959147774063655,0.21525954066045638,0.4842261104562249,0.11728621259882932,-0.3789275416106039,-0.14699529577347176,-0.062007816399697796,0.0497654499976766,0.12443320120149451,0.6258561208659266,-0.21902316326433513,0.02646208883312808,0.7142872882796696,-0.3075978134145196,-0.06770188184828668,-0.3944830994194499,-0.03209018261600442,-0.3245216593186437,0.266042591826348,0.011372316941052143,-0.40257321450316774,0.16360875274880782,Yes
0.01459907868434434,-0.03484942156911423,-0.06505451556256303,0.04077384467989372,0.6238328393544905,0.751256001864164,-0.28275627796581987,-0.8515027440294274,0.07519909251441831,-0.010045260907903638,0.2516829763692883,0.012676401225327236,-0.05104000954808887,0.2849790512100573,0.3519127899542117,-0.5179920533803216,-0.34106519637135074,-0.07150499993912433,-0.07819332079156013,-0.15458834388285217,0.11110014015192309,0.26245158494112203,0.47422452271530297,0.08873688251818268,-0.3610113899477533,-0.10434624553537597,-0.10127445980025307,0.09981447789735412,0.07902622941540893,0.6607756862290683,-0.19478981293671563,0.025744059024166075,0.6644245833176131,-0.27244952714283716,-0.01121017537613325,-0.4470240315195896,-0.049484344429729085,-0.31843389976442305,0.2685141402018993,0.002212628627978837,-0.4044697180902668,0.21806310140214727,Yes
0.027416692245778588,0.028694894275246095,-0.07602059353627488,0.046509784789400335,0.635375894408326,0.7130642614422975,-0.27417661292529844,-0.8528021726852695,0.1658907682996826,0.0011597447978633213,0.2545253420894102,-0.004002972083685042,-0.04709778536613063,0.28900213855151685,0.3865943994187229,-0.5030774311134505,-0.31769065825736226,-0.11660535981417305,-0.075971940004117,-0.10903068154325361,0.07260031292362736,0.29479361556383166,0.509352868775116,0.17374277356646672,-0.31261796716696566,-0.165283663391934,-0.09750921235262419,0.08708673643349167,0.044883700379880556,0.5784120576665459,-0.24519552548823004,0.05025001789965365,0.7153514496499332,-0.2942972279198883,0.05057002870114365,-0.3787976478594592,-0.05257094560462605,-0.37624065504820614,0.2862830969917996,-0.03466074092759686,-0.33422779753005794,0.19345550884839174,Yes
-0.03581156346806181,0.05012154888532743,-0.01597615561142796,0.02944993956572805,0.6603776739074636,0.7694697933986343,-0.30462627959289024,-0.8209220063293609,0.12476455005594977,0.0009868440763487925,0.2668932183944879,-0.00041738832166964696,0.014209270359289802,0.32810165569751787,0.25753621577559027,-0.4890980414339401,-0.32144197811434017,-0.13003135620429573,-0.052986561037122334,-0.17626413917543496,0.06561513251684462,0.21433443084058862,0.4628316001789816,0.08177284278250607,-0.32110579751598456,-0.12082036999818373,-0.06240105439823213,0.090169690077349,0.03189680707378653,0.6045571098868154,-0.2343280290970142,0.069476808526348,0.6732514910908962,-0.28479824449581054,-0.01847934932035114,-0.36047090166616447,-0.02278880205711684,-0.3267544363847219,0.3410548738615437,-0.08195557977995063,-0.3888703540296678,0.16532096245638103,Yes
-0.05311956929766823,-0.021585585386580824,-0.008411827082742348,0.01932377895820626,0.6454484288043821,0.7035718898653761,-0.2856563484308976,-0.8395037943958727,0.15754026693117995,-0.06447964743009038,0.27544841376104207,0.05032820823330954,-0.04902936116632984,0.22770745054749342,0.39477832449505523,-0.5017539926317195,-0.29315050207424376,-0.1610994037196872,0.022602352809523597,-0.17098889288037122,0.07073004253299014,0.22706509337128383,0.531877705469817,0.10759029673266454,-0.3163553821903264,-0.1200460437687766,-0.08192800805557543,0.06375726334126473,0.12546140461236324,0.5458220733268504,-0.1918197315097262,0.061378077229898347,0.7428597797641778,-0.22253124473232644,-0.01175925808581697,-0.36479121652013036,0.02487749169263659,-0.32930977905691716,0.25249180605792926,-0.03838012832417891,-0.3968584047070853,0.20891112112739246,Yes
0.03193368624421906,-0.003631244762026152,-0.07767370348025274,0.06772272596540913,0.6021495491169981,0.7088698913640933,-0.26711073280092873,-0.8180992755579802,0.15093567921751713,-0.016216342053937956,0.3418999890867219,0.01967871756373888,-0.004636819545043847,0.3147829298938947,0.3176168392084736,-0.5288928155264351,-0.2555328019281769,-0.1239164199355331,-0.04300993469659355,-0.14267334288272465,0.07195761298179551,0.22433727096597678,0.4889710881822333,0.15594453744888215,-0.33490617391228233,-0.162165325437949,-0.12442914408743275,0.15836493321528472,0.06439715591010721,0.6027612372109697,-0.227328667520955,0.059707958544822456,0.7520089807276511,-0.2837418412160174,0.0061200032951437815,-0.4228754339745846,0.03261726393006507,-0.31929839814191235,0.2721009949793158,-0.03578230864178119,-0.37302016998408133,0.183989461873846,Yes
-0.0734248542704898,-0.0029389719629026654,-0.0332412624148149,0.05173304703149312,0.6397442055707256,0.7321174452775538,-0.2619938295096764,-0.8740238764709597,0.14257094988080404,-0.07008673327819538,0.3227232355976001,0.03825176600106607,-0.06346243889035232,0.3110084333711949,0.35974847790222597,-0.5540712078404153,-0.3799187020434801,-0.09929282381453182,-0.04659977437994388,-0.11494152323615292,0.08643422287605261,0.22716092745612443,0.557404752003875,0.13027764208591355,-0.4404602086210783,-0.13691482751903364,-0.12059941770516053,0.06816684712204137,0.0667552150255742,0.6003453374396336,-0.19634637846735953,0.08241457176362404,0.7273270425048651,-0.24693153782993962,-0.0015928304093154677,-0.3420990801160959,-0.037557015916666214,-0.33606357411130533,0.22731760972070864,0.004838836371104795,-0.36002679742202587,0.28576478798268895,Yes
-0.012165980752873735,0.002657343882502058,-0.012649753388391121,0.004016201724017419,0.6661949493803483,0.7562883776635001,-0.2708712268663923,-0.790474714165955,0.11115579271744686,-0.005985092100077109,0.3327386048742276,-0.003474985347446124,-0.04458344207840089,0.36153342987520865,0.3706347831292912,-0.538986825207148,-0.2951536745242531,-0.12582870086505615,-0.06971879669069496,-0.1066196919690802,0.05292143293566664,0.32169978710096264,0.4887896187472947,0.17698218775467905,-0.37186774522355687,-0.09155826686732006,-0.06408495975524832,0.11729317202030518,0.1001378681934181,0.574791527913572,-0.2434526659908567,0.04855084755650344,0.7149199989071591,-0.2783292843383699,0.0006890190014821555,-0.3708142797626307,-0.055369513017254665,-0.31550533759853566,0.27646844959904515,-0.047845511949297405,-0.33409777060193147,0.17444688044674445,Yes
-0.013700027697141789,0.002161525505599675,0.012184446622983632,0.04285672324540775,0.6712871679382115,0.7463192586218896,-0.26411526990737744,-0.8271191499338331,0.14706744133527727,-0.02311118268399156,0.3292986726969625,0.00652868017617857,-0.08689409665379294,0.3734581911021544,0.34658199044629695,-0.48440580729512905,-0.2770886920678147,-0.08042946494981393,-0.028712135553814903,-0.13919006573080503,0.047777904580449254,0.30785284156559223,0.4779154100656808,0.10536721842559714,-0.3278380185567476,-0.12554626710041644,-0.09878294641358965,0.13399095681529127,0.09960556549777867,0.599385298311778,-0.21617394241066926,0.08200665562201409,0.6942950321962781,-0.2170621904935703,-0.004300972638810869,-0.3438095998886915,-0.03148332940644619,-0.32520848058802126,0.32124744215364454,0.038971669610937065,-0.31090802022350483,0.22407065537888626,Yes
0.017678502988727897,-0.015208460707788779,-0.02018800976348055,0.009681725393776857,0.6667119819745146,0.7684500545225917,-0.3205859354201329,-0.824490674652494,0.15071450122743968,-0.016743451206714423,0.29984014129837333,-0.022527999969446596,-0.05895279176443968,0.32222243786597177,0.3564202011439828,-0.5136045314684222,-0.33562805214786484,-0.10820107361901969,-0.09183168436994879,-0.12241025217441232,0.14025119602817118,0.2161978818746047,0.4752596243858738,0.12621064425494788,-0.28659123445275275,-0.12238599397679599,-0.11595628856916294,0.08590226815451443,0.040199224583776505,0.5696584933959439,-0.21330858370536623,0.022198641819431163,0.6848919194543681,-0.2619379256970375,-0.0011865257391967974,-0.423422455712502,-0.01617726794565857,-0.3388124919431915,0.3060926560164628,-0.0034311593225604814,-0.37405526017730273,0.21618104761868276,Yes
-0.025108681190964897,0.039712861885058695,-0.05301898802233747,0.0476556891724442,0.649810243624643,0.7247416992746565,-0.23473310832252792,-0.844076787194249,0.08726608930541732,-0.10069255638758465,0.26284733529983706,0.05900091991021203,0.0020552914274778733,0.26961634090062786,0.34516940373356814,-0.5377482931745502,-0.3592353816900945,-0.13725085046602567,0.006663166616130711,-0.1326739741856533,0.09420587661549373,0.2080940100012182,0.5064906864321802,0.04386889822318275,-0.3055235324301392,-0.11456582743319339,-0.11943372150778273,0.14065355197835183,0.017212247218072838,0.6056330676494953,-0.18753219766140689,0.012888266286105558,0.7070935704553016,-0.31327878096829065,-0.0930288295931181,-0.41273933250582273,-0.04656746788879859,-0.3080267906249259,0.28650705286170913,-0.02403972116161189,-0.3881516734471588,0.18185627767630919,Yes
-0.027897798296074833,-0.036749220210894246,-0.046855884806261246,0.039308572466568825,0.6382593623812454,0.7455434546190354,-0.2409131368487455,-0.8406754654889663,0.09824925532512978,0.002671450155493419,0.2970741655879247,0.02758345227641226,-0.01690170287156063,0.30487353879029216,0.35726491194874865,-0.45205732102230667,-0.3577814797156661,-0.12637841267198213,0.006248711974452172,-0.14351302156416806,0.10875090187993422,0.25324110123715005,0.5446912865459603,0.08275892163882603,-0.2905338164857539,-0.08719317965917965,-0.11538542137169921,0.11108074755028081,0.06980598902603259,0.5715264216084353,-0.2608459264222983,0.019753969333160475,0.7294724553851427,-0.23975870762588808,-0.013958914520598846,-0.3561934914035744,0.00028908271588543033,-0.3227152772904592,0.2628148015943784,-0.013614461558726932,-0.34310948351888537,0.21797494850806007,Yes
0.025962098100067183,-0.04086493715763665,-0.0443427793576158,-0.019885439456955777,0.6778483991146319,0.748879191262372,-0.24883615905516474,-0.8699231953739499,0.18029767974555805,-0.050062330431122,0.31233557526414996,0.021262172458019073,-0.04136014592341729,0.2830694897726886,0.33726116089512564,-0.4849450156008464,-0.3188540322960402,-0.146862540227922,-0.03429012502693804,-0.14394043951094715,0.11294736930295683,0.23000981673552773,0.48733629333702444,0.11368721112224556,-0.3046048685695354,-0.16338571052318854,-0.06391610901503544,0.07823890934979094,0.06136420954067568,0.6497711545358997,-0.2100814274673125,0.07271919197593738,0.7297965062957056,-0.29957466312666,-0.06299942986000082,-0.3560735829253656,-0.06057510539439425,-0.3772799646863804,0.31526967675521045,-0.05742888695646406,-0.38089454901918307,0.25698781145022964,Yes
-0.04979206084144713,-0.03768858124220776,-0.04283584627086114,0.029865495718646145,0.6286261595004419,0.720488881782097,-0.21646075144312926,-0.8177632492051038,0.15582331658104215,-0.018348910789299833,0.2977823245984503,0.04571071716453054,-0.06556583303399197,0.29911937286659324,0.37728432057684624,-0.47745698051634167,-0.2607956879325546,-0.10669010040787254,0.011387849524721185,-0.2278956483281817,0.13258169814089849,0.22637189849941983,0.49623666654152415,0.12621738183883405,-0.33541088418742054,-0.11642947306826361,-0.03144595889800352,0.08063418389327148,0.03848947249811368,0.6441277979009637,-0.18838442422062643,0.10774554872608388,0.7341379884969722,-0.3038817774641079,0.011723940049392744,-0.41022148767434957,-0.02784576554774868,-0.32962590815748233,0.23595489617089285,-0.05123039963004987,-0.2915634057438783,0.2049079389427857,Yes
-0.00526788403988857,0.054386706598227766,-0.04093196129871859,0.0343305900546052,0.6851626036476569,0.743226460743294,-0.28415620335666225,-0.8932655253890667,0.11017330485328368,-0.04261298787223215,0.2938556769967345,-0.000590080640590452,0.029063707728083962,0.2594454250640096,0.39842245178033164,-0.517208312254043,-0.29502919625523577,-0.08640530647524929,-0.08931838487526533,-0.14813719069633202,0.0781463667425821,0.21415906551030592,0.517258371127637,0.16448045678414755,-0.41099772248447713,-0.13835716473055926,-0.1164497328681965,0.09431412004078142,0.0613285484986304,0.5715535657992918,-0.18350214588089497,0.09916381849839294,0.7880686507323401,-0.2863628171577624,-0.06226386665785578,-0.3639271526755227,0.020245822438757416,-0.3029437770380278,0.33267522149579387,-0.03361068506125985,-0.3760062579418451,0.20121969401959014,Yes
-0.009916595621006651,0.01989282064021032,4.813134346120032e-05,0.06851571085083538,0.6707562980881031,0.7626232045020436,-0.23792778049856175,-0.8845425901578269,0.14458537682478478,-0.012657813777430226,0.29549108801182283,0.015094960943615895,-0.02272119779378344,0.2739362053250333,0.3902887540582184,-0.5095914075854653,-0.31471184159009163,-0.12971139143640897,0.0016881875903443193,-0.14159081937220058,0.06334870905348958,0.24644856207864677,0.522342068588398,0.12953145347241815,-0.3161973441337105,-0.11954713270307532,-0.04830216194573092,0.12929468036799893,0.0932168654633965,0.572100343936336,-0.23592920224948227,0.03376018645753217,0.7668387936189068,-0.2557230682888842,0.056155654722477855,-0.38430899600549606,-0.03583312973572633,-0.3295761721485718,0.28171958790828544,-0.050055612299228,-0.39218447279365154,0.21279671561297667,Yes
0.031647021527920906,0.07334943901999204,-0.042056289197374204,0.026493536307756558,0.6323016391304409,0.7890203575829916,-0.23731095753219925,-0.851960870384481,0.11120231164557823,0.014343287265333168,0.3005945606689284,0.04047532872157714,-0.06215991694779931,0.2348425470537476,0.3301541006742044,-0.5031678990075327,-0.2559006779675607,-0.12166981400315363,0.045504357490413136,-0.12289601730228467,0.044222241808332285,0.25456942348537487,0.5293888183635167,0.040219760351242806,-0.3114740784305537,-0.08714143906061428,-0.06711070422085352,0.09030914893320792,0.06590938950308807,0.5827842123512526,-0.23946674484378003,0.02945266450953096,0.6957312698100403,-0.26076911531693253,-0.02434204283302569,-0.4067769229728109,-0.005275593847163331,-0.3162360568908139,0.26830792420619753,-0.011657730798568655,-0.3713137615592293,0.19964856768219438,Yes
0.029251321641686003,-0.018112232794987904,-0.06421725023165581,0.03271916342303856,0.6145345674784076,0.7469250794212553,-0.2701797055554909,-0.8995633566454121,0.15418730916710183,-0.01971284849298337,0.32455556971583427,0.0241896267250653,-0.013608605488165473,0.3268754555672651,0.35245153869148715,-0.5238255965737865,-0.3664387140283144,-0.07159976196029814,-0.02714224095753947,-0.17796252683747477,0.10820488545421988,0.18275497259211637,0.49059136332496556,0.14023357854417862,-0.3439392687269323,-0.1438607329837651,-0.09156139185817633,0.03186290731959341,0.09256153994662128,0.5860373009226998,-0.2123570890306096,0.04201832097440874,0.7086514851335426,-0.2445708245835428,-0.009199506339291166,-0.4215521421432673,-0.010803235974616677,-0.3123973853191228,0.29065062025637833,0.005411154265643297,-0.3568076644562625,0.23109789946722845,Yes
0.04221633064435189,0.017469386565734477,-0.05148291065298165,0.03314962935860558,0.6926041989857227,0.7103196987196994,-0.27351919122144547,-0.8359417780216475,0.11231193624415452,0.011954213005019837,0.30040312826389953,-0.0036080833667719338,-0.01751147499055674,0.28642180593100725,0.3296972139779392,-0.5451884532151555,-0.30615088508332927,-0.08061559796167023,-0.037374365954536415,-0.13145737031696494,0.13346583558692154,0.21038229165993635,0.5141396861963196,0.13790391804668564,-0.3336621076659201,-0.08517457812963825,-0.013111636796949294,0.10246144570523971,0.0640894950247903,0.6190333664118659,-0.17892528491942972,-0.025486549180865556,0.7081470244968717,-0.2760119297058782,0.004263570642103802,-0.38651279410668665,-0.03062400238906874,-0.35325085883308205,0.3065206868626192,0.022805181700865682,-0.3831491832251023,0.15584496610314158,Yes
0.000600096594823917,-0.0008596698310579172,0.0060830815869672705,0.00019735234232284155,0.6392998627132486,0.690817437523779,-0.22051107208973253,-0.8181364940785443,0.12436526683534263,-0.053900299850279054,0.2521843943873587,0.030151674324984563,-0.06889961396565322,0.2942944556655109,0.4176913970086604,-0.534228529596214,-0.34807575064583884,-0.09732567815374249,-0.059545071189344656,-0.0961910744171532,0.12812180091544711,0.24322325978243461,0.4765507945684343,0.10021115112456258,-0.33967758153051797,-0.1108160605040957,-0.04788777806575434,0.06106540633089293,0.10142447395341261,0.6082544505663462,-0.21942103545496494,0.01747702259636967,0.7117160726983821,-0.2959616002147673,0.02307282537156448,-0.4144195288618391,-0.01163753382604437,-0.32977296699370207,0.2676660637786285,-0.029931030132775,-0.3253195296596252,0.16198889452773707,Yes
-0.0123646966557545,-0.022552306940615642,-0.030203416003104968,0.016532774138299178,0.602396080692373,0.7235944082938137,-0.21262793061994384,-0.818250986589657,0.14463911586900885,-0.022710527192802903,0.2875499134094011,0.004829309646301426,-0.019869006666399965,0.294198558598835,0.32126500486985105,-0.5161891658147437,-0.39299467502475394,-0.09637011832699181,-0.06505202467098847,-0.1506722629121376,0.050174382763711396,0.24823310433703685,0.5208179455894475,0.1580690598653108,-0.3770483428182995,-0.0930588857851736,-0.07514216678346367,0.0786407706689119,0.09389288214491406,0.582646136649451,-0.18266143523874637,0.020310288072840136,0.6892391802107163,-0.2358659441198668,0.03692441560379896,-0.3817540026724584,-0.1116873873816121,-0.33332595452750324,0.28545759384455743,-0.03382928624399144,-0.3476288678986853,0.18344931896963113,Yes
0.025166125820340817,-0.03500139818193126,0.008060559223980697,0.08357556563251159,0.6280467258221623,0.7278405399336927,-0.24943972176276136,-0.8612694452205318,0.12349016812169691,0.018843653201136675,0.3112268790669851,0.0771295575819305,-0.030553338169625688,0.2728491529027082,0.35794035652420014,-0.5283185510901285,-0.3233291306027015,-0.10950000556019737,-0.05072432023127993,-0.13932407767791602,0.043753312826839336,0.2266436101138005,0.49990322711696633,0.04519764792815566,-0.30773786707760764,-0.1839177097507328,-0.058989117217842474,0.05337650655580576,0.058949626272025296,0.6052978015904901,-0.13824316514638227,0.05357193879790046,0.6487503013336199,-0.23556309172463158,-0.014595152249084246,-0.37860584606410824,-0.01133282872431026,-0.39411581475642105,0.28468091574194043,-0.03913690164177713,-0.3210639775684857,0.21957002969771305,Yes
-0.048810057683446414,0.03787877557047145,-0.015559149351837193,-0.009344047009917741,0.6571111110687546,0.7862933181174602,-0.29818189735328904,-0.7843255128528827,0.09288939103094075,-0.03796897079195329,0.26081255107098544,0.05903167927890268,-0.050407346694107825,0.25628978289122384,0.36975937754203136,-0.5039654711900879,-0.2992063344827835,-0.11692606927410568,-0.015135289934784395,-0.16729760291391388,0.13625726119766898,0.2824745631107819,0.5359582948823811,0.13680772534502977,-0.3152156139881051,-0.15965394897980129,-0.06007771085711837,0.09558874215555023,0.10899810954165785,0.6139464576534801,-0.1876759366261761,-0.00044836445922469964,0.705559075081351,-0.2809107135008145,-6.66223778214908e-05,-0.39316949384115224,-0.03634709290373787,-0.3135834589020485,0.2715206669028213,-0.0231983387559759,-0.4033013814748804,0.17278457249474902,Yes
0.019681307016088813,-0.03690576350089423,0.008326850331446381,0.06630518157271843,0.6473916199037779,0.8452105578668585,-0.2244674738406384,-0.8541312181294173,0.16065347586576798,-0.012256263502951038,0.2657973134068939,-0.01437360696374344,-0.00583006255098055,0.2732359290323298,0.35334676052349795,-0.5514316787546654,-0.3416771554455652,-0.11259377031946954,-0.011125850184168286,-0.22544138523357876,0.08652080483459958,0.22576477797349287,0.5455404696146676,0.2012668266879865,-0.3415859842165666,-0.17398993127670348,-0.07557043884723083,0.08599790536885447,0.13023770646316898,0.6397215624832735,-0.1782261016128698,0.03247755703030023,0.7285620881650292,-0.25622375493165567,-0.000397904004331975,-0.42744994115490903,0.0037851405326707055,-0.32412022619991254,0.2814595698835473,-0.044850779793461096,-0.38152751973825255,0.20727437423592024,Yes
-0.05247488405574246,0.023684962789501274,-0.060668065106514096,-0.02468721967247995,0.7100953774417521,0.7295059232214172,-0.2834253560217381,-0.7916166829980029,0.19390118127026576,-0.06022220285064665,0.26041363432515613,-0.008756697333575068,-0.007632812716762288,0.3403482568089398,0.32399547432726716,-0.48135854076882284,-0.3405034406724685,-0.09870220722895821,-0.06091492994872735,-0.15144852273449524,0.08267982943741559,0.23869365916158572,0.5150187194507518,0.08277332136224763,-0.3573193121135604,-0.10918691010682698,-0.03881568801551596,0.09147637443221293,0.08620731019699546,0.6124662824909274,-0.179272195071762,0.021472637691580823,0.684918784273458,-0.28487618352201083,0.05022141392350523,-0.36545725752271585,-0.014169248009388184,-0.31636740345373743,0.24486100820129958,0.03129962918011489,-0.34334339882504245,0.21945142017719935,Yes
-0.05296563866747406,0.02338931557084554,-0.039731275500472334,-0.0026102883281083067,0.6268256079878175,0.7173017084481835,-0.3002141070295255,-0.8238363983173189,0.126665370592817,-0.004210074627702136,0.33937795226471634,0.013838555922422703,-0.10302354141638473,0.2839155466246193,0.39220488426654565,-0.5263790850827743,-0.2733524977158564,-0.09519764652319082,-0.0779194109978145,-0.14450314281388454,0.09492324968753893,0.28055908238925326,0.5580586871595079,0.14021601289908436,-0.31759321924633865,-0.10203742630795726,-0.08411695213827484,0.048274450149427744,0.07234206957981608,0.6006825920057743,-0.24029707950812443,0.08987702865167822,0.738391421644078,-0.3053267881623409,0.03333736856038253,-0.38995247677416833,-0.051423466574489145,-0.29497614526685384,0.2829531779270828,0.03012947468190982,-0.3833056660652538,0.14580689107837114,Yes
-0.008413148434984245,0.023676674971814183,-0.05685919156270983,-0.002829810570317566,0.6623063400450541,0.7113379183967591,-0.25255980018768476,-0.8358715244650905,0.15310224890533772,-0.055747019610281806,0.3280435706759933,0.012232632781432131,-0.012771182560487225,0.31997055680960046,0.3216797026036308,-0.4973331756196272,-0.3619844205809372,-0.14989002660012218,0.036148658113760196,-0.11443500926313657,0.1482231361226097,0.2370419874328066,0.5065424499335012,0.1288048897103943,-0.33117348016577197,-0.14470715507618478,-0.10595928888118929,0.09857665223851911,0.03909139174326113,0.5568779774110016,-0.19238019039612897,0.047223598922111525,0.7363452792970556,-0.27692128800619004,-0.025075278602579763,-0.3679964438168088,-0.0524294658575535,-0.3470983078159502,0.26593117859850207,-0.03313714813206286,-0.3045459284497742,0.15645295204883605,Yes
0.03886522746352376,0.022133602688697504,0.017964463424456255,0.13117378236334698,0.6983821085876071,0.7830185431390204,-0.30113547172483773,-0.8612395007735765,0.14907395978572316,-0.0651744399301307,0.30756185367141275,-0.04632398939158752,-0.0011098610306934514,0.28152328361304585,0.36020095953871517,-0.5462520698004839,-0.37618820963328464,-0.07174503594149753,0.01729972288274859,-0.15833524328314624,0.1058710978016173,0.2364216657447318,0.5121242853391482,0.1357584232754267,-0.31415506543073896,-0.08209398605302728,-0.06351032767362776,0.09300332376480848,0.04825461795680762,0.5753687207722896,-0.17988580882901625,0.0050235838992564175,0.741403310281989,-0.2726082574841408,-0.032195777235550394,-0.41366477100131693,-0.007837686051487078,-0.32779371666334917,0.3321477670067791,-0.0647383544589739,-0.37506393344050715,0.19498998205372836,Yes
-0.02255570231909802,0.0001835599242540892,-0.019459879004177963,0.05160772808757101,0.7006235318905053,0.7161443618383372,-0.25162777157802785,-0.8450611175158902,0.15116865565547405,-0.001292189901952347,0.25949109463570624,-0.009310902947779802,-0.020327570693544676,0.29187642829337773,0.3498143959526614,-0.5040612960146202,-0.2972808630507435,-0.12467479769837647,-0.04833291309516784,-0.18564817963216457,0.08701683446564162,0.205453600036587,0.5064524437580319,0.14948935105055658,-0.34141140627654365,-0.13840920287151254,-0.01914140473597347,0.13745183982928,0.04815925087646786,0.5938942776137764,-0.19432700346032428,0.05618819214846532,0.7626692946109888,-0.2615570489311222,-0.0005205538343831919,-0.3600431768434805,0.007628871860491333,-0.2992475002201264,0.30062735389923373,-0.07360707910501352,-0.372363156470404,0.22233925301370888,Yes
0.007511960918379167,0.024783859014688554,0.027570079853493912,0.0017643047618990798,0.689575823208109,0.7453376308269756,-0.23370008659784522,-0.8268894552292887,0.2020783904215564,-0.010329547404691613,0.2698832494019968,0.03031990601499586,-0.025958579176083824,0.32531720579436724,0.3698446351327573,-0.44954896173279035,-0.32257454138867564,-0.11177449281073959,-0.04088790046748446,-0.14522056017641,0.09294498449208569,0.2565847242497203,0.5054852202759809,0.09468961080600444,-0.3572575670104258,-0.13357828620037432,-0.04483061813773442,0.132864775818395,0.06878825089991723,0.5614763931879845,-0.20662255904027046,0.11282834252478235,0.7381981262391037,-0.24765166495772836,0.021242947408263387,-0.33448604735763354,-0.06265470566735228,-0.3391156721101633,0.2686231613247801,-0.009232653031066775,-0.3529156980294633,0.220445955518233,Yes
-0.015206620496016681,0.041158561520374684,-0.031124913241122584,0.0579095674724243,0.6913007129316596,0.7887022641666336,-0.2509357289240333,-0.8010724257367688,0.19051807417393513,0.0011758815266971184,0.2672092840708288,0.035215189260159374,-0.036795299138219634,0.22073425893892346,0.3702629918857023,-0.5203013814074012,-0.2845398841816843,-0.13128870404197457,-0.06794260883727206,-0.14273018454472003,0.09741853248776046,0.250963396712611,0.504090850521723,0.08092243868163361,-0.33497512727720286,-0.1327752493404401,-0.04689548572176462,0.10354054617456905,0.06275727334077442,0.6414404284746902,-0.21225458101721703,0.06681198118326487,0.7032214511719266,-0.21523937025286466,-0.005031806828905368,-0.37721061886115276,-0.03226483038412009,-0.3214591182692132,0.3204709454693218,-0.0014707696026556374,-0.3568767393151661,0.24879636999125038,Yes
0.026189569240277072,-0.013145433575920478,-0.07045535260866168,0.0246227868597817,0.667838981320479,0.7731645458207274,-0.22098645067702663,-0.8584892121818152,0.1250935942363622,-0.04956143558877915,0.24893469978529284,-0.0011108950473567303,-0.024678495268811287,0.31431612601776326,0.3279524279759593,-0.5480791784894866,-0.3726271125863105,-0.10235532806901551,-0.04473548602501498,-0.09789966898067988,0.0983074748490849,0.24300503604734067,0.4842362171848273,0.06814414070199654,-0.37184376647631806,-0.14098730309247168,-0.10004383440551697,0.06218562996827079,0.08241002881640061,0.605151849954453,-0.21794632264981859,0.1081329475146395,0.6558272101841223,-0.2624290287345369,-0.014195006225951455,-0.39722407215689065,-0.048998605001330464,-0.3275632725366204,0.27771897549023267,-0.03860238075657306,-0.39668061379833247,0.1492132622632358,Yes
-0.008655494255866961,-0.012062883134895907,-0.03495600780494836,0.03381454697699354,0.6397634477074869,0.7488763119872384,-0.287366430419192,-0.7799344586533468,0.11427604981026745,-0.025361576776503972,0.2673850124592598,-0.004493778874904257,-0.034937615598493524,0.28810726667456343,0.3426192394633532,-0.5323051806544988,-0.34082682385640556,-0.09673412518554057,0.03888446331182857,-0.17403584864403185,0.09783210757163521,0.24949687706166523,0.5235284827551385,0.13388803612270556,-0.32464523225139535,-0.12351769173876063,-0.09211025393424122,0.06921197466039156,0.06819181716457674,0.5511862172394768,-0.22200303043429082,0.08328398820085703,0.7111844578119958,-0.2373940131356383,0.036451716496439024,-0.3860139293753175,-0.02184894459512944,-0.3364098528738323,0.26010663749561636,-0.05543513272316841,-0.33242451357075653,0.2040154352121202,Yes
0.055398092162431585,0.02916156038771673,-0.05098129168273457,0.06228346632048194,0.6462862517909038,0.7917543259756545,-0.2763505974933778,-0.8572256117355254,0.11439560194292424,-0.03657210256499116,0.2638911231941163,0.0005454190630896256,-0.009976106487874791,0.3450556192190393,0.3164973657080044,-0.485895509622875,-0.33356352880584034,-0.09834941838125837,-0.07239569988309175,-0.13206955980668963,0.025853838955115192,0.25756646052034887,0.511187271422041,0.11871447633668743,-0.35285491768694305,-0.10583727422241833,-0.0673443026622863,0.08586220174441703,0.0912526962083861,0.5868557577850421,-0.1883240359635039,0.046301999644857275,0.7147301509128913,-0.24693225747144693,-0.019574977311854744,-0.41771814328549883,-0.01978634945449405,-0.29167273469086175,0.2934593394986079,-0.01730181550230509,-0.35898430794355046,0.2199301763807468,Yes
-0.005578062484138119,-0.013616963433805853,0.004114045589602447,0.021157051364898344,0.682122646357524,0.7884265985605158,-0.24475607321422538,-0.8631298985154242,0.13908290153144146,-0.020292155404302275,0.2742186984726168,0.022006214951635652,-0.012600672172705475,0.27741771316711783,0.3512615709463993,-0.5310326689228291,-0.2843162859602781,-0.11649891285164297,-0.0598034886987452,-0.1949936554967507,0.09689509785657616,0.22532795615446688,0.5235313251693352,0.07304764765260946,-0.3469749781662734,-0.16224013994091208,-0.06603842647832012,0.11162621147239013,0.08125594172222829,0.5571457925698919,-0.22656026305408672,0.057107799125026594,0.6575968489358741,-0.2714079940353419,0.03786956049676274,-0.3861017121732842,-0.07272505879189722,-0.34557675347953365,0.2655640405395573,0.037363178451900556,-0.3077486523332344,0.2196846798205981,Yes
-0.010292277922241945,0.036018889829391686,-0.06304869116815728,0.06937046037100658,0.6832777240865727,0.7507081626623061,-0.22758499177556402,-0.8390694668121607,0.10031568631181952,0.015106794897453882,0.2865413882584924,0.03577708543020286,0.018949735149150264,0.2695066707991649,0.3521016660294103,-0.47671186577053803,-0.29917046540094894,-0.12977937664346328,-0.05142185007207719,-0.16363302953013567,0.06386076971551072,0.25526885193572985,0.5058226252270889,0.12136137993608394,-0.3560319972147486,-0.1244480916810653,-0.14074774116347433,0.09651097477449162,0.10636040634180624,0.5469815049016218,-0.1896845038113429,0.03174794891386308,0.7323041257904062,-0.2594145221673364,0.004503523276499525,-0.3787583287352097,0.011781234570591895,-0.31693216171839655,0.263322098889811,-0.023884633373566166,-0.36878545603763274,0.20262861399313845,Yes
-0.01259309137100438,-0.02030432206638944,-0.023066735614190155,0.038746889772175414,0.6873571933153468,0.7427998583278002,-0.3211861966009464,-0.8365689568821446,0.08947533148726922,-0.0017619962696464719,0.23888173828221257,-0.011927464541180214,-0.04654689634587781,0.3374928111138881,0.324216347703162,-0.5234287514134719,-0.3018331200178897,-0.06426407772070447,0.0005625235857494582,-0.11497340177806134,0.1119424226251433,0.21187471920915976,0.5142603531406723,0.13844407587299007,-0.3595026218581757,-0.13971587075702832,-0.10317251679859951,0.11533947483269162,0.06901875338325632,0.5800985053519543,-0.24263744823035638,0.04805655187086621,0.6912014405300626,-0.2568737587457799,-0.041926616062677224,-0.37536585791268695,-0.04123724273590331,-0.364833383821304,0.24466628917354014,-0.0621566965838771,-0.36391099647186753,0.20138647982845578,Yes
0.008094708971315437,0.009226587531853429,-0.05180059982601953,0.06882528815653408,0.6421717521837269,0.7687530275035765,-0.26668524418090167,-0.814384195977154,0.13183841227041912,-0.0024231091953067635,0.2888770100362665,0.0421388844507635,-0.06023741389396787,0.23807755289433644,0.3272023285915866,-0.49173334845072847,-0.32386918192323966,-0.10602402545092851,-0.05438041738728444,-0.14582399857252695,0.055328831537416176,0.22187497009946128,0.49139507952644446,0.12633716504308776,-0.31425218574867986,-0.10495172751717254,-0.12671927139611905,0.09196085024194278,0.0651937319916482,0.5437584096995636,-0.20370783772910078,0.04256556294357714,0.7235748613431418,-0.2617365334165107,-0.024117216011811292,-0.3529301721841636,-0.09470572464419241,-0.3292824299021379,0.23158728235012646,-0.054211883079379866,-0.3419746136583708,0.15953069238432668,Yes
-0.04271153456111804,0.07145834950246872,-0.06982357353924847,0.08658882800631801,0.6502724530265936,0.7395036610586153,-0.24475698945844104,-0.7855550106619102,0.10388621599151668,-0.029539649184399667,0.3145047681732038,0.026363496704052827,-0.0026193276783904457,0.3066276516040072,0.410649771449084,-0.5184432429428599,-0.3125780828766786,-0.09913425315685143,-0.027045984517689574,-0.12234799556300757,0.09312444757548785,0.27179380862539826,0.5318045856198856,0.12583788775463323,-0.31575612344092924,-0.15263296808320365,-0.09558735557938246,0.11746228884337256,0.11380612244768568,0.5315109754167564,-0.22122324514830918,0.05078699753911948,0.6818508573171848,-0.2888495350291553,0.0066099961105004455,-0.33326176662272994,-0.08902342631060292,-0.3324687605187005,0.2983832205635962,-0.003439665777189023,-0.3481452044565801,0.2505986932956342,Yes
0.0008671977997738212,0.03935978371176292,-0.0484359321070226,0.0388126893113443,0.619057065690006,0.7822744679182544,-0.2653738670553225,-0.8149182010526482,0.12886719531621432,0.0033606995572267213,0.3010216953483488,-0.012115875567893362,-0.06377988557512224,0.2903412310608132,0.37619026989680926,-0.46791403431445405,-0.3101426916266356,-0.07855995224266918,-0.07115684700881789,-0.08740193484401583,0.10418379719347284,0.24666027301628055,0.4985287085874231,0.07976825337205345,-0.35544621703956025,-0.06501000549130523,-0.10874688109336819,0.06191275251766028,0.05003057241086291,0.5537784595931691,-0.20372815348540144,0.08274569484663713,0.689914321391444,-0.30537367409652943,0.001118239287125915,-0.38237627582826733,0.0020130168815100484,-0.3409897250283177,0.2766801069210843,-0.03133199587949434,-0.35504890143204676,0.18597976647682307,Yes
-0.016639323241380264,-0.05551133054645524,-0.04600651827024704,0.058529898956131365,0.680945883545038,0.7411151439940455,-0.22277600123063435,-0.8265139550792558,0.09813286310028808,-0.06380367718617143,0.325646413811268,0.006533555573410614,-0.0720987982898093,0.22339600782798774,0.34453156784835526,-0.5116583751379786,-0.3401631516479936,-0.14038324912134154,-0.03925259202409466,-0.11049484975268964,0.04422376232934135,0.2288973774383684,0.5397923221996885,0.12780953599053602,-0.32543377875458646,-0.1417764585177951,-0.07816160350977498,0.0760259132000516,0.04531560306100775,0.557322157922955,-0.1806644828395918,0.04826619550019591,0.7176645034936859,-0.25962375012966266,0.0055899647309370845,-0.3883446093974497,-0.04251844315257591,-0.35181288593098325,0.24206573630767114,-0.06050708006188377,-0.3686815563816579,0.14966543226448642,Yes
-0.041468577124080905,0.03126419677905532,-0.022319517451029756,0.023518099067573187,0.7235857517311083,0.7058010431403937,-0.23249224288223252,-0.8289968154116277,0.1618196649421509,-0.010963543974419544,0.23293132426531848,0.02058748135800768,-0.025610186958443977,0.22541473401532136,0.41472449998866645,-0.5144646730826863,-0.29907278512251256,-0.14375177600461472,-0.002052793301524289,-0.11510547654014364,0.09362025770373245,0.247867261595421,0.4766619462642084,0.10649803977432362,-0.34616849859573356,-0.10516320533352712,-0.1045730256983099,0.10910030689875734,0.04592762011124059,0.5818533055572067,-0.18570601882038223,0.028964477867098663,0.7277451858489331,-0.24758412097356375,-0.015766120304622003,-0.3458495496571993,-0.02573518936162526,-0.2942861802516891,0.3382887580561999,-0.03408511559423562,-0.33837037522782937,0.1786295790378645,Yes
-0.030984432285245944,-0.005863789721592853,-0.06992291038912742,0.008944967524259512,0.6731814959436035,0.7398390642383194,-0.24044515856243134,-0.8166704747877206,0.19380287611533997,0.0014979630747376203,0.3225252182410556,0.029780207225069216,-0.02633505756528974,0.32611628423445327,0.3764669751505675,-0.5174989925191467,-0.3130627773487159,-0.0926390149624129,-0.042912524549689385,-0.16920459431119625,0.12877538883078504,0.30408081826684386,0.4756031162588559,0.09291441433463227,-0.2965319285828308,-0.10631747466103575,-0.05878390478516016,0.11905882409924233,0.06387522214080801,0.5996229799317128,-0.19662158620982398,0.024323631459316167,0.7176818194760762,-0.22704262481921475,-0.01766159726861454,-0.3761259682356449,-0.02186745214061301,-0.33589441256230773,0.30479184744071525,-0.047248053880845894,-0.31773965918777325,0.21654278364651813,Yes
-0.028103058020186835,0.0509402905465876,-0.024001858158795665,0.015384775396627259,0.6885751537137071,0.7700886802852253,-0.31491937230310835,-0.8414226424455609,0.14664117437141283,-0.0790191558218235,0.291650778694298,0.02246304851240062,-0.07118161906890659,0.2992936395588527,0.35662696634836055,-0.5595397240844199,-0.2916456009207227,-0.08365028047429124,-0.03146343157146367,-0.15374805002879002,0.10780112898745743,0.24212851405768973,0.44554234399555626,0.12759234402982123,-0.3552053927901104,-0.13401836608783546,-0.03534063090624354,0.08814143103338667,0.07114923506934648,0.6050139004459152,-0.18902733241454578,0.022502446445346477,0.7064201357135739,-0.26308936986592996,0.0005232067955511111,-0.37202638747037436,0.04955451724238503,-0.36263026916686697,0.3138875589158232,0.008655189231795497,-0.34293550553094543,0.1782471549513585,Yes
0.04994004090802879,-0.06575948594220593,-0.049542902913178324,0.07222366683036315,0.6443351698612959,0.8031424704457901,-0.3071147235164392,-0.8590158897466854,0.12231910915095727,-0.0017101771664478922,0.2824380716212755,0.003011689754370196,0.006935030335323798,0.33657764223272835,0.3439716582033829,-0.5750939351277593,-0.3839569322022288,-0.10160719087391469,-0.0030926502993289078,-0.14590067675967894,0.08388596764717432,0.22401212991022146,0.523118983828576,0.1633298086747907,-0.39731394348802185,-0.1246481101189391,-0.10818719842719583,0.047446805432035076,0.0371979108695978,0.6011140678525394,-0.19203848480303176,0.09388701230192398,0.7084925375939689,-0.31692059459979216,-0.014782686374592846,-0.42229441786434646,-0.06427259621359883,-0.30993770429705475,0.2903102374777171,-0.009219117080136355,-0.3684438101668031,0.22147250370031146,Yes
-0.012402086948703336,0.03350048498226741,-0.018705733812497256,0.03086329479914028,0.6618013092892544,0.754712713672537,-0.2138773857166995,-0.8182897042508815,0.13821987408293127,-0.021386881204067735,0.31439420271002655,0.03896106750284797,-0.043892111507010764,0.2565050475323695,0.3293440070232589,-0.5293257770941353,-0.27876459214303495,-0.1162911931947328,-0.040595027264859765,-0.20061218972449468,0.13141945392766596,0.26521925273048774,0.5273498891113366,0.14183488886570464,-0.33574952003072406,-0.11978535544288159,-0.03441868968622799,0.09754821193322473,0.08872294569505011,0.6158404036980225,-0.18489941075808744,0.04623330435868517,0.7072125758951875,-0.2408447325644265,0.015642485694728092,-0.3456560677272891,-0.011535810121643533,-0.30945630764148796,0.27109780930635113,-0.04428057027535332,-0.33430010451810643,0.18053106475705952,Yes
-0.0006210300935058596,0.04137069722913872,0.007572206773709136,0.046126865837594316,0.6465543305689602,0.7515471673914794,-0.23573077694441874,-0.8267478112516302,0.1215197824644586,0.022241087199695465,0.2945466803065546,0.00040599270149043604,-0.021308656929652992,0.320310845366829,0.3261728592309767,-0.5298145183084575,-0.32663291835425984,-0.0952172793438211,-0.003811069280097088,-0.16433482766541987,0.04123067558241632,0.27910237098902596,0.4698712318938445,0.12111977345913971,-0.3347670401298756,-0.11744975729918539,-0.029539728793582076,0.18330923366230548,0.022094064651172023,0.619241066841995,-0.20887478391109612,0.08151401487805654,0.73694698346498,-0.22188160148775987,0.0009113473515672179,-0.40739034024652365,-0.00023923495965008298,-0.32381454876492766,0.27746951385586055,-0.041132801364345134,-0.3275289576754974,0.2458577015577721,Yes
-0.03586057676098903,0.018658567274367915,-0.04021651755932289,-0.0069449710320846,0.6598696925868617,0.7302544012960978,-0.3090931780100931,-0.8491050470949812,0.10743503671735091,-0.03363276108444549,0.24932215382406553,0.00586946407245641,-0.0570743364401511,0.3024427092854235,0.374209220766559,-0.5159964436045162,-0.3262957510628127,-0.11665872218809482,-0.047883568588233796,-0.17218045010933342,0.10712132690195915,0.19535733039153,0.5010478418617726,0.10327837546098736,-0.3128336501267084,-0.16507343395797816,-0.07870232678020964,0.10245031549442382,0.013955250434410434,0.5574940429961551,-0.2069410461351505,0.06550278669570911,0.7137040705129861,-0.24736031811521056,-0.04001877548253334,-0.4283655561897137,-0.025533545448235006,-0.36423507319567305,0.25852514052845044,0.0011222657015949322,-0.3520460380456457,0.18071226963988835,Yes
-0.020940945139228905,0.018627646706674945,-0.02268577392714403,0.0006365016439980747,0.597003805970943,0.8117025896809891,-0.2984349579356139,-0.8098219378292415,0.18358904222491174,-0.009804228427549088,0.27108557583866005,-0.025057803919628533,-0.07887717868723283,0.3024751384313454,0.399932340863109,-0.5356646738090053,-0.33590403119108836,-0.08786146159298978,-0.04334973658303523,-0.13955612309818266,0.08726725436216244,0.23586436659370227,0.5030034452490653,0.16587881074732277,-0.31267162484492644,-0.08954805032762829,-0.10663757877238965,0.12503886968187786,0.09026780125719983,0.5447359992852262,-0.18799362872963377,0.034680155362839665,0.6618549808898366,-0.2602806737338762,0.008533677628564598,-0.37615480363853604,-0.031342877166311345,-0.33727203620299956,0.35848245059013123,-0.06232316659905565,-0.33153136527793514,0.1982193059242203,Yes
-0.025633995188010964,-0.0014519715188573694,-0.07083288112430206,0.019208488709473198,0.6540304881889033,0.7087150229438106,-0.24656910502144544,-0.8545656641555912,0.09471662551435994,-0.04664468756739487,0.3543773009877408,-0.041618256924822364,-0.022593169934538207,0.2686252048404752,0.3458992060290827,-0.5056829730474595,-0.3025878558814398,-0.1292067868921791,-0.06350603916489166,-0.12912638111601613,0.10258452664987738,0.23959932308739829,0.5167279215254122,0.09960936287855734,-0.3556187401189988,-0.12220420902167539,-0.06350576571204229,0.10143829334022364,0.08637206739543045,0.5669065159833334,-0.15673091698801916,0.039806953806521245,0.7046616216353073,-0.3037336229802408,-0.013453254792232215,-0.36473591359232743,-0.005193401240158747,-0.28049625393364613,0.30009185718464837,-0.01853868906920518,-0.3711078780940808,0.17790440455056056,Yes
0.02910745544004467,0.02853211055216726,-0.06135528302210671,0.05876607752828325,0.6749500287058467,0.7218342681513588,-0.2455468770324119,-0.8571392267126994,0.06538946522456186,-0.019035227903305245,0.29683311729032585,0.01427154318474943,0.0503363419180073,0.302539829848103,0.3608173057535705,-0.5109131618084467,-0.3324719874586104,-0.08090152245451922,-0.011941260580579784,-0.13833545921026058,0.0672896041735889,0.20121849855757112,0.4884280073388422,0.12146326299562017,-0.3441485975603035,-0.11357125944328651,-0.08604760425047697,0.10507816979244633,0.041792463216870857,0.5955105825385597,-0.22341597512130865,0.003929891202760896,0.7032744674887539,-0.21808441848916338,-0.05139489233869317,-0.37712127818604696,-0.004141407723011956,-0.25835355549491607,0.2696968208364839,-0.04580610308132566,-0.39271979062682927,0.23197210684293734,Yes
-0.026022429877172255,-0.0111178929532605,-0.08451303831778118,0.06359235619403458,0.6901862663873123,0.7806217866093155,-0.30992033961669874,-0.807438301704866,0.08808814271304649,-0.012490946430616543,0.29525100353219014,0.02702916387449078,-0.01963776661850787,0.2909332848642756,0.29753016579275293,-0.5077472706438835,-0.31630417309277503,-0.13586448805846238,-0.0698532415999911,-0.10158994474930455,0.12295222700831754,0.2693271305702676,0.4831805926741198,0.03747438074147788,-0.3078672379048981,-0.11132247123965539,-0.09031661721695312,0.1259049744545869,0.09653711301201577,0.5950067468289327,-0.20313559819463334,0.051607410994670415,0.7286272873646474,-0.28989823609999443,0.005141893550237401,-0.40832077403196065,0.012027935531628335,-0.3113906189019926,0.26383796246071667,-0.02442821022230378,-0.3833326161494925,0.24288000192857465,Yes
0.04868627953413628,0.020886710476885437,0.01765479503299379,0.04162707937985382,0.6783438949792153,0.7919902703590772,-0.2619328890415647,-0.8235197172087249,0.16627795229763345,0.0051627834753360385,0.2664348545266446,-0.047881213806901246,-0.040942704475543365,0.22826686759429843,0.32667253109144306,-0.550029509623881,-0.33629168665481124,-0.08417274999241914,0.008359067256014978,-0.13252838873281908,0.10498842014145122,0.2678320220421033,0.42856469027453314,0.11329017776803689,-0.38470137480305533,-0.10704889018516142,-0.14186999236437872,0.08674762919312964,0.08753028027371788,0.5561911437325179,-0.17533587191537015,0.06527704456523238,0.7196538320547424,-0.24323389807838883,-0.018413602736313366,-0.37614547978516866,-0.027767172453912713,-0.327730944387734,0.26432387801047225,-0.06412204838487745,-0.3678247752273355,0.18599817958172277,Yes
-0.022101929625506694,0.02556161345430073,-0.06421110053231191,0.031927926146941565,0.690428709310809,0.7825224152797711,-0.22527176462316872,-0.843376250249472,0.16179689802659775,-0.04612126740188771,0.28082245745818,0.012270993007837034,-0.05295206896357223,0.28031987332851804,0.34160177334968894,-0.5532727152409204,-0.2935400121464337,-0.11425939440355345,-0.016728222648374258,-0.14287730419124967,0.08765500361289771,0.2509325447327368,0.4943070734102302,0.15553615336326929,-0.3079852703188944,-0.12177161347217705,-0.09248838102376972,0.08859615997177821,0.08362583248428265,0.6347220849580966,-0.2453787770707181,0.06987162222593331,0.7420308002829641,-0.3087754998008617,-0.01307212640525194,-0.4126385848903641,-0.015152831270627658,-0.33810500401991617,0.2805806383034808,-0.0391777591615505,-0.3361141217656032,0.20462760561549492,Yes
0.006927802921189666,0.004818654752443608,-0.011870175583079418,0.029214045267989108,0.7064617615901992,0.718204692165229,-0.31353813462117663,-0.8799132499865024,0.07588061067599344,0.005962938952063807,0.3056397071111554,0.05395696208451067,-0.06737600903879758,0.3135381366134188,0.3581077730390887,-0.5188033059331937,-0.30046373046611924,-0.1314743468491987,0.054846155096241786,-0.1078342011987747,0.07006203223973625,0.2154262666193435,0.5008324651570201,0.11845200061528467,-0.29883915537670586,-0.15738470180235742,-0.07051213964881284,0.046290334521206955,0.08418791479546384,0.5864987555682657,-0.14608695786219383,0.003698303140089669,0.7493473426243082,-0.31528888575869135,-0.047453908335508825,-0.4310158824520379,-0.020558141367407065,-0.3625654403718616,0.24403486515146838,-0.020763056894494855,-0.34416576317241054,0.19895209592206053,Yes
-0.004866574470646587,0.054867288973115345,-0.024669814009384422,0.06124394513134628,0.6597261817346702,0.722312246054144,-0.24526395071902668,-0.845326752272339,0.13553867011358944,-0.005070075035740976,0.23085613412607692,-0.030561396385509036,-0.008393087422705024,0.2712618995730855,0.3379133915013437,-0.5188077489867449,-0.3308025952402635,-0.0962582428680417,-0.024304972627884155,-0.14183252182162184,0.06495745915232949,0.2539562530494718,0.5366222626162241,0.09595180082439744,-0.3033480641597906,-0.12386988400498712,-0.05704229826544969,0.09602392480424395,0.07009485939019248,0.6002157726442982,-0.16777942386169928,0.05716129829313225,0.722585016106857,-0.27522849311100583,0.03948899411653707,-0.3614929323699828,-0.025737465820188505,-0.33103408621688984,0.31382205838807786,-0.045032207254554056,-0.41120527523679123,0.19992860478028443,Yes
0.035700137193430306,0.04773926433554022,-0.032263720299659925,0.038380830831932305,0.6710244309394501,0.7473180521358715,-0.24626840272435274,-0.8282148854602932,0.16860930197047191,0.007457259900390954,0.3134055111017492,0.011564137987180187,0.02210095701743591,0.30569165124243797,0.36382187277921446,-0.5466291903248786,-0.32214457193106405,-0.1053545014962463,-0.046401637858621836,-0.15656012470010794,0.08103921031650678,0.24982602817874047,0.4505883803099128,0.10892613108669547,-0.3421279986603531,-0.12294959894405463,-0.048018450959380135,0.1537326500172868,0.0914485029824691,0.5526912170200171,-0.21454955928574276,0.06795727873161272,0.7227278060724758,-0.23455417364011255,-0.010558129932031573,-0.3916080530288381,0.024504000496542472,-0.3255943579481605,0.2539845790292511,0.017407924767791353,-0.4026018894904846,0.09290526012289262,Yes
0.023081602741127208,0.027321029130738934,-0.0166245137383028,-0.0020004816060826894,0.6536724223067019,0.7469034774951684,-0.27787925150285886,-0.7832907500039669,0.10686827249581585,-0.004749021899351762,0.3249200856425534,0.02916691309081396,0.0015566885772292927,0.3080857346439217,0.3692835412893704,-0.512795854842905,-0.30082911932710293,-0.12035206723969319,-0.06182753452207643,-0.11916930798313603,0.12086547987477005,0.25570777267822525,0.48701832142212975,0.06625273381193426,-0.3282334001702535,-0.16279158479684677,-0.12374637302392558,0.09153883941317985,0.048184101957489844,0.6000831688669503,-0.20896621880762298,0.03187934248000168,0.6570816387577361,-0.2897605894786155,-0.03212169480484641,-0.4174622759033218,-0.03794004847821024,-0.36177203578448913,0.27957252789114806,-0.019633748533136593,-0.3825041233803266,0.21051887568010832,Yes
-0.04084073613743111,-0.03336532195188872,-0.0324414209253866,0.05768443367033796,0.6814605042086495,0.8036202533665113,-0.2730582474206125,-0.8294778724885944,0.10728798838422691,-0.05184514545227445,0.295955838722502,-0.005552477652144457,0.0012945134028867836,0.2473027210150321,0.3709936473493504,-0.5539730780723804,-0.34384587132976996,-0.09261253235976447,-0.04304773204913008,-0.16326413235263232,0.06164845995305,0.3016993020994472,0.48494500067876056,0.1145308138308063,-0.3368650211763874,-0.11568056260357981,-0.09751885635376588,0.08613626821740111,0.08291574726294834,0.5638336680419175,-0.1715077100319221,0.08564279503792896,0.7264238699643673,-0.2620776541958103,-0.09735564354944977,-0.3679743117182391,-0.03980863177780462,-0.3347427083917758,0.22756349039420004,-0.012038430366970498,-0.40117645615345987,0.2013093531772926,Yes
0.02713972445729523,-0.014079845439526565,0.0074366497602096834,0.014663489567463397,0.6734515102659016,0.7161049621580288,-0.2308266681356715,-0.7993731214508665,0.1523189919436784,-0.026030679590958093,0.24703865742983283,0.006004457874659102,-0.002367647325188238,0.29507314911812726,0.309811943289236,-0.5575427300904677,-0.28163787530103906,-0.09414851175348882,-0.05979132258809067,-0.2007655552122731,0.06726194682159507,0.19260764711134634,0.49879455531095085,0.18653300846291251,-0.3787162954389303,-0.1279038443514941,-0.03971895068485029,0.11463342100265347,0.06663496554915613,0.5853334220769613,-0.23886464420350412,0.04204870636651337,0.7155323126068089,-0.23102053940548206,-0.026242868808756377,-0.38639809953977683,-0.056545124043639164,-0.32059472066303446,0.30799819381915344,-0.007956644540299429,-0.3928246370119219,0.20216251308124322,Yes
-0.020319375847505646,0.030331500469584997,-0.03388428367984967,-0.008512199233553723,0.6488444367957394,0.769002711777751,-0.25444039928180323,-0.8410067133378046,0.12071005255863214,-0.04385728743903325,0.277256187522617,-0.007946701664531253,-0.006574283012312478,0.2641401712491053,0.36007158504547554,-0.5221717838080795,-0.29086239389006013,-0.07610484564857425,-0.0018922206674529853,-0.1372027600283314,0.05455382647677533,0.2160823057188962,0.4780988654182124,0.13554187729666087,-0.3286077153204361,-0.09626335723324077,-0.048992665915185335,0.07038222824467319,0.0720594168198459,0.5893340718214995,-0.2140209814194932,0.03403309383093864,0.7437717562819368,-0.26261479390223974,-0.007243256446520661,-0.4047863759439308,-0.0078123467085335525,-0.35750770107439006,0.298131976175225,-0.012379204141541408,-0.3700944762283583,0.20728617923304615,Yes
0.005570086771334613,-0.0011808187443044893,-0.028656582592286553,0.038926655609484447,0.6593358681441329,0.7570557956420958,-0.29487650688245143,-0.8302191614584133,0.14621671229067268,-0.01131349363636501,0.31771118391453035,0.03632626501622646,-0.061789148649225994,0.2861754797294219,0.3470629515711939,-0.523931355506685,-0.31932185932176843,-0.09044024424012992,-0.01745146807165852,-0.11087426017077878,0.09324330498946787,0.22323069274092563,0.48945117140611427,0.13109791942977617,-0.3792326611031257,-0.16269948689810898,-0.0787558317310309,0.1206884488092856,0.1103082499517766,0.583210709771354,-0.17236249012119023,0.052246416759746915,0.6622866417123082,-0.2644162417980559,-0.02620484384196023,-0.35315611928354074,-0.028838977431573293,-0.3656918692459437,0.23949336598262777,-0.027475483665629807,-0.4303255488924424,0.18221165810271375,Yes
0.006930909772285253,-0.03171049512166074,0.0007747127105163613,0.07280339740619957,0.6249374893814129,0.7463072094758899,-0.23191978663644305,-0.8256920589558979,0.09643389691179594,-0.01853178754947435,0.26351082646380103,0.05096960422401939,-0.017498899767894257,0.281761584613085,0.36066749155051075,-0.5630445482170441,-0.3418457410833358,-0.0621875186865506,-0.021165879388502815,-0.11988803618329436,0.09297360351183792,0.2875768636419297,0.4435044640331843,0.1073377197872532,-0.2814641637814635,-0.09363787138848832,-0.03931558018108208,0.0919578474439559,0.054983994530728775,0.5589089483913694,-0.23709519348061206,0.07429019633293554,0.7236254226922306,-0.26617114918361556,0.0076081195422367225,-0.3764294929263111,0.0007978114210458152,-0.2987738734020045,0.25250858729533926,-0.018636705319102574,-0.40778502725447374,0.20174723894026866,Yes
0.018129128391047557,-0.03941158034379482,-0.041538784060468494,0.03735899223027287,0.6624559654551732,0.7468904236050395,-0.29692922574822733,-0.827273048985823,0.08870094724653718,-0.0212113985930081,0.27585746772176833,0.013695697128060205,-0.05245652192190241,0.2459438678263678,0.34541275155692414,-0.4958762971567499,-0.2813885932069433,-0.0356058659557474,0.027978193286037085,-0.18369874812707843,0.07376008282141729,0.24746483930591062,0.5009027949841499,0.11507024720471018,-0.2585798705215284,-0.15478462082907957,-0.10048268203121678,0.14147556315632343,0.052617746700584715,0.6015313016920787,-0.17314762963472047,0.06467334996864087,0.7139820601726798,-0.23601562261288528,-0.034429656798462806,-0.39559393958275296,-0.011999591966983782,-0.38943765382567713,0.32698232501022534,-0.01774431368726284,-0.35312807216521674,0.14884123046831904,Yes
-0.03859827376199214,-0.011957509929025851,-0.004822006487775563,-0.025225279452278752,0.6790894619872921,0.7444475949785335,-0.26846328535833675,-0.818045044677521,0.14634777139015887,-0.035605013190641674,0.30784597878674147,-0.051858276865650324,-0.04918942919466156,0.2957847458663609,0.3460545717181753,-0.5786082100268489,-0.2964915959637933,-0.14623752868113693,-0.02479673919174152,-0.1431995724150066,0.08660802547255808,0.28321873612695836,0.5018717132113503,0.1258079094487316,-0.33248473416249236,-0.1039343919303194,-0.03727188903336213,0.09628704013781644,0.09455269772062026,0.6333837502284732,-0.1634718233215386,0.03851969735834366,0.7393220618519601,-0.256710810902289,0.02587929982870371,-0.36364400819098447,-0.01979867733985305,-0.31433531363885897,0.2921419489910525,-0.018016093589100966,-0.3624839955661085,0.19020488657932524,Yes
0.05289524788118008,0.014325837333335518,-0.04624404966358552,0.0287506779707895,0.68712627156741,0.733162933399126,-0.3062214116304175,-0.8679063071463066,0.08639898624862288,-0.053196601240477495,0.2536726979386519,0.059280788719486985,-0.03706223897740997,0.28027638679695227,0.3131006592840523,-0.5280946928320097,-0.3713522592035332,-0.11986840945591633,0.03916351272941741,-0.12787650296584435,0.07971926604896115,0.2690921165132346,0.4878232946673338,0.08896391502144776,-0.27968372428196986,-0.15659131407291585,-0.08970038501510834,0.10134178372455593,0.04301016082040683,0.6092420307909495,-0.21338518647003432,0.06999568929368567,0.7258086165721206,-0.2714643096224797,0.04368216007441585,-0.4006631198008762,0.01239739449552342,-0.2921064787704084,0.33761127653969775,-0.02162440376290565,-0.38137659610649094,0.26006051435743716,Yes
-0.010041044039290925,-0.024406277181166065,-0.034738504373787914,0.007622479428966482,0.6712229827176718,0.7370784832490291,-0.27038510627323337,-0.7966194670782963,0.15697905056005226,-0.013764618315453996,0.2942248819950857,0.018091330250189074,-0.04861151459015285,0.2910984931456202,0.37112829993939783,-0.5275857647772346,-0.30663938841969923,-0.1338859576700168,-0.04088812850026398,-0.16982022542525457,0.06905926970582488,0.28676383975222663,0.5252507538044717,0.08067655374729304,-0.3176826642757015,-0.13404054383476474,-0.09954828550893478,0.047588601281975416,0.1002547478077376,0.548807987691993,-0.20574624607106298,0.021689042094933917,0.7315044095917028,-0.2742045004931233,-0.011671479768924038,-0.3837250735857739,-0.018991609572865185,-0.3269643331297503,0.28318661464105105,-0.04239814420083961,-0.40496090594891404,0.1642000880112951,Yes
0.021554392160419364,-0.00917458389978893,-0.04896519532831792,-0.005098643418862542,0.6038491037612609,0.7341523282979386,-0.23511899555472948,-0.8423649387369148,0.15028282001200996,-0.03232395037448249,0.30826467701354165,0.007171143276982754,-0.07263338996414681,0.2831057009340705,0.41142306372302173,-0.4701043714413438,-0.3046364182432265,-0.11289765877973645,-0.013654264903040331,-0.13828504016503662,0.08481660828858402,0.26137672894872244,0.5097163958757678,0.10350507574689399,-0.36666531714946443,-0.1361248517219126,-0.055091182472579915,0.09121691851878969,0.08010579374075544,0.5812334163508749,-0.2359752758810855,0.042919488020525295,0.6775554141571245,-0.2967626209118113,0.028531498162768586,-0.39330562584589945,-0.050313261384739696,-0.27881568551782243,0.3089343613720118,-0.03799136170825142,-0.3448899349820802,0.1906829672497297,Yes
-0.02078039037838799,0.014240736734550133,-0.03877395855624961,0.039338141183660906,0.6860794150109616,0.7825849278156458,-0.2782633799317695,-0.8110718848596327,0.10443256687039384,-0.0007197306530726099,0.29355353530670936,0.029093048202145748,-0.0446002052369589,0.3536964311806285,0.3293640599460001,-0.4946543495788156,-0.3501833669196574,-0.09365556907844574,-0.005497619648339353,-0.14614133418016675,0.07115347854328594,0.2523824550734029,0.5114799000140661,0.16668234189701187,-0.356977821726964,-0.1390004793447277,-0.07053468123270773,0.08447917154179307,0.06809595586121227,0.6218344372429201,-0.2887953458336438,0.03213989911614564,0.6559580143920676,-0.3000484388108269,0.0645011346588604,-0.3627580016792903,0.00047822813080443394,-0.32977036554284256,0.30724622505484184,-0.07984302016880375,-0.32657007239556324,0.17316129324075377,Yes
-0.01593947457977739,0.015154532113639567,-0.019551499239177077,0.03961180236548527,0.6145456333565619,0.7582429447664338,-0.23294374057159034,-0.841627445811239,0.1777163656149754,-0.040412913569964036,0.28929511288422743,0.06378349933254121,-0.056118859978620206,0.322793857472366,0.4156426220412638,-0.518669578840145,-0.33504292694810667,-0.1319680584058261,0.016366762134526928,-0.10948978434684584,0.12949248454565732,0.24716325783136553,0.534603798256974,0.1115190655740413,-0.35729926681620594,-0.08859777090193705,-0.03006063959644168,0.06154272607021103,0.039914258106110184,0.5909233402089109,-0.17550349255853676,0.016063803654061376,0.7150395632882822,-0.2818867543254973,0.013387272891436363,-0.4046396503427497,-0.004914629612713311,-0.33210092037378086,0.25637059459945327,-0.024935386280389618,-0.4158582241833018,0.18098377963440257,Yes
0.010122032109739847,-0.053152643370956855,-0.10617900758980586,-0.03310781868071621,0.6952523746289826,0.7529457643189027,-0.2777345429963028,-0.7972981908582403,0.1261347637806932,-0.006178298496541796,0.28987133666037407,0.003593684708653488,-0.02685248608095874,0.3143721296136581,0.3508558526640999,-0.5376175681025079,-0.32950778956659105,-0.17772327030089735,-0.014279532570625477,-0.18406394899669185,0.10490477258316479,0.2454356853307851,0.5066232229070741,0.13399412242600947,-0.3586033261581832,-0.11124562115477893,-0.07104811636790788,0.08661736027436683,0.043251600970224145,0.6075810331036622,-0.18308371439818727,0.0534864402460165,0.6761200187081657,-0.2799974166914684,-0.009447581775915695,-0.36004820919841013,-0.07557340165433218,-0.3442685799783809,0.2724046335116185,-0.029342732325287155,-0.3967587832693967,0.19123063344635077,Yes
-0.00931450692937769,-0.031127756144689697,-0.03258392952170405,0.02083812801011375,0.6703061022392627,0.7286887078716544,-0.25906555751223354,-0.8499044980451232,0.12027562711000214,-0.005313406661381586,0.2961402081179409,0.005213001853892016,-0.04375918114761196,0.24756609961776807,0.39848598049203054,-0.5031772089715286,-0.29968897580047427,-0.15663686082601183,-0.040636018740571433,-0.157826991194744,0.0280813660985767,0.27484691123332655,0.547086124667605,0.17484229598793183,-0.36218412799348726,-0.11880336955027943,-0.03939219987027518,0.08455223088524201,0.05408754957784995,0.5337433519756725,-0.17020867699761427,0.04950055678447903,0.6863488354107132,-0.255658227008839,-0.003047438907953749,-0.3756552726272352,-0.03458166149073895,-0.27868373128634866,0.2804750183120119,0.02173357734650287,-0.34079551695664534,0.2082917210804027,Yes
-0.003398242598344658,0.029218700806377614,-0.02565514896930367,0.009109264460272857,0.6264737522340303,0.7679230733598127,-0.28898194773108205,-0.8275197646374202,0.16998379041129924,-0.005113050155713745,0.26743463002281376,0.06002329267972702,-0.019240605487790875,0.3217080825871765,0.28837630087833044,-0.513875314559987,-0.29396768223521064,-0.05777723504838562,-0.06668587649042408,-0.11160717265119932,0.13534461943063442,0.18762973903267455,0.5178273233072531,0.13151287173804446,-0.34061784304751236,-0.13702590825729632,-0.05904113054615315,0.07371133265133166,0.06457970714058735,0.6140969292067249,-0.1515660592209608,0.06621790764294053,0.7122336260420404,-0.2796658702435279,-0.03795560132284538,-0.3474156984528445,-0.03267221515474523,-0.2928333778092478,0.2745982539700207,-0.04632474478402661,-0.3450950580838258,0.19546053861949877,Yes
-0.03616585813832213,0.05452104989345544,-0.04785441520979265,0.06490094654890521,0.680694216845866,0.7174646517543538,-0.29183221051458175,-0.834698113119249,0.11229885791741702,0.0375615356638169,0.2830934070287209,0.044416138615664874,-0.020267740927625795,0.2990949664409444,0.35761268749679714,-0.48668697967420854,-0.3439852065266579,-0.0569958350036278,-0.06138801438101568,-0.12434525855836259,0.04385829506140359,0.23867724178423513,0.5062688881529899,0.09838338684293799,-0.3362577002564619,-0.16393218789323144,-0.10870026200649437,0.1071087264695271,0.07198734174245362,0.569008041407362,-0.1644590178368766,0.013480452466973505,0.6973813772036832,-0.27934363404905893,0.010813528729517635,-0.3792581349637571,-0.0313136770169766,-0.3826809771652668,0.31043584472884733,-0.03338085938814838,-0.3542491942203386,0.17529972019473444,Yes
-0.027174862884512183,0.04497863275427061,-0.08224205934451591,0.005447230080195653,0.6998532825440439,0.7744709261317442,-0.27152445712835976,-0.7882549434995856,0.15167405774664677,-0.007252352733311172,0.2958655366457487,0.03168081384767764,-0.020506087558708332,0.3570534845579325,0.35055626682442936,-0.5287223165523156,-0.3563392129537289,-0.11034281592195593,0.03311528802045173,-0.11825606025399561,0.06970317854333724,0.24904964928668247,0.46457643874361104,0.08391066697887421,-0.3263243785895436,-0.13715671253992123,-0.11041474162614037,0.10685600819578739,0.06862968439353057,0.542697371031276,-0.26644175971580036,0.03297803450945236,0.6605811368763592,-0.3202412878978244,0.02623147593874886,-0.38363437239383175,-0.036032110967703784,-0.3330066505337721,0.2503498457860954,-0.014516799992771225,-0.3616400345506275,0.17503435711816842,Yes
